DateTime,Close,Open,High,Low,Volume
2025-05-27 9:00,34684,34679,34704,34669,21124
2025-05-27 9:05,34758,34679,34773,34644,166364
2025-05-27 9:10,34793,34753,34803,34753,70193
2025-05-27 9:15,34882,34793,34911,34788,118681
2025-05-27 9:20,34808,34882,34906,34803,64103
2025-05-27 9:25,34758,34803,34803,34753,102639
2025-05-27 9:30,34768,34763,34773,34743,30131
2025-05-27 9:35,34822,34773,34822,34750,37872
2025-05-27 9:40,34817,34817,34857,34808,47090
2025-05-27 9:45,34852,34812,34852,34798,41461
2025-05-27 9:50,34867,34847,34867,34827,36951
2025-05-27 9:55,34862,34862,34887,34857,53699
2025-05-27 10:00,34842,34862,34872,34832,13437
2025-05-27 10:05,34803,34842,34852,34783,69837
2025-05-27 10:10,34753,34798,34798,34753,29178
2025-05-27 10:15,34768,34763,34783,34753,37331
2025-05-27 10:20,34768,34773,34788,34748,41977
2025-05-27 10:25,34783,34768,34783,34748,19011
2025-05-27 10:30,34808,34783,34832,34773,44352
2025-05-27 10:35,34768,34808,34817,34768,13345
2025-05-27 10:40,34778,34763,34788,34748,19260
2025-05-27 10:45,34773,34778,34808,34763,62294
2025-05-27 10:50,34783,34773,34808,34758,9552
2025-05-27 10:55,34768,34783,34783,34763,4589
2025-05-27 11:00,34778,34768,34798,34758,12788
2025-05-27 11:05,34773,34773,34793,34763,13120
2025-05-27 11:10,34803,34773,34822,34773,78948
2025-05-27 11:15,34793,34803,34808,34788,64900
2025-05-27 11:20,34738,34798,34803,34733,95834
2025-05-27 11:25,34733,34738,34758,34728,61285
2025-05-27 11:30,34773,34733,34778,34730,27244
2025-05-27 11:35,34783,34773,34812,34768,29402
2025-05-27 11:40,34798,34788,34812,34788,16088
2025-05-27 11:45,34778,34798,34812,34778,27751
2025-05-27 11:50,34808,34773,34808,34773,11932
2025-05-27 11:55,34793,34812,34812,34783,11674
2025-05-27 12:00,34803,34793,34808,34783,3952
2025-05-27 12:05,34788,34793,34798,34778,24675
2025-05-27 12:10,34773,34778,34788,34773,15121
2025-05-27 12:15,34773,34773,34780,34763,8999
2025-05-27 12:20,34783,34773,34808,34773,10008
2025-05-27 12:25,34748,34788,34793,34748,25181
2025-05-27 12:30,34748,34748,34763,34733,16889
2025-05-27 12:35,34773,34748,34778,34743,15972
2025-05-27 12:40,34763,34773,34793,34758,18310
2025-05-27 12:45,34753,34768,34778,34753,6207
2025-05-27 12:50,34773,34753,34773,34748,4042
2025-05-27 12:55,34763,34773,34778,34758,5098
2025-05-27 13:00,34743,34758,34758,34733,17361
2025-05-27 13:05,34753,34738,34758,34728,21581
2025-05-27 13:10,34768,34758,34778,34748,23235
2025-05-27 13:15,34748,34768,34773,34743,7169
2025-05-27 13:20,34733,34748,34748,34724,22022
2025-05-27 13:25,34728,34733,34748,34719,30460
2025-05-27 13:30,34728,34724,34738,34724,6620
2025-05-27 13:35,34733,34724,34733,34704,33495
2025-05-27 13:40,34728,34733,34743,34719,20207
2025-05-27 13:45,34743,34733,34758,34724,20186
2025-05-27 13:50,34748,34748,34753,34733,9234
2025-05-27 13:55,34724,34748,34748,34724,6782
2025-05-27 14:00,34743,34728,34748,34724,12988
2025-05-27 14:05,34738,34743,34758,34724,28901
2025-05-27 14:10,34733,34738,34758,34728,9928
2025-05-27 14:15,34738,34733,34748,34728,3879
2025-05-27 14:20,34748,34738,34748,34719,7310
2025-05-27 14:25,34753,34748,34758,34738,7358
2025-05-27 14:30,34773,34753,34778,34753,32484
2025-05-27 14:35,34783,34768,34793,34748,21269
2025-05-27 14:40,34808,34793,34808,34783,43707
2025-05-27 14:45,34798,34803,34812,34793,25848
2025-05-27 14:50,34793,34798,34803,34783,28788
2025-05-27 14:55,34808,34793,34808,34778,54562
2025-05-27 15:00,34803,34808,34812,34788,47607
2025-05-27 15:05,34822,34808,34842,34798,72175
2025-05-27 15:10,34832,34822,34832,34812,63769
2025-05-27 15:15,34867,34827,34867,34827,54905
2025-05-27 15:20,34867,34867,34867,34852,37211
2025-05-28 9:00,35000,34995,35005,34956,128730
2025-05-28 9:05,35139,34995,35139,34941,409043
2025-05-28 9:10,35094,35143,35188,35074,484924
2025-05-28 9:15,35213,35094,35232,35094,288061
2025-05-28 9:20,35262,35208,35282,35198,256158
2025-05-28 9:25,35326,35272,35336,35262,202174
2025-05-28 9:30,35341,35326,35366,35297,197734
2025-05-28 9:35,35484,35336,35494,35331,253953
2025-05-28 9:40,35445,35489,35494,35425,137020
2025-05-28 9:45,35455,35445,35475,35420,214635
2025-05-28 9:50,35465,35455,35465,35430,107273
2025-05-28 9:55,35479,35465,35479,35445,79901
2025-05-28 10:00,35499,35470,35504,35455,116000
2025-05-28 10:05,35563,35494,35568,35479,184251
2025-05-28 10:10,35578,35568,35588,35539,123450
2025-05-28 10:15,35593,35578,35598,35573,169823
2025-05-28 10:20,35623,35593,35628,35593,134286
2025-05-28 10:25,35554,35623,35633,35534,94456
2025-05-28 10:30,35573,35554,35583,35549,54509
2025-05-28 10:35,35549,35573,35583,35529,41188
2025-05-28 10:40,35638,35544,35638,35534,67789
2025-05-28 10:45,35652,35628,35672,35628,78327
2025-05-28 10:50,35633,35657,35662,35623,22864
2025-05-28 10:55,35613,35633,35642,35603,18139
2025-05-28 11:00,35529,35613,35613,35519,31905
2025-05-28 11:05,35489,35534,35539,35484,44076
2025-05-28 11:10,35529,35494,35549,35479,50294
2025-05-28 11:15,35549,35534,35559,35534,23451
2025-05-28 11:20,35534,35554,35573,35534,19994
2025-05-28 11:25,35504,35529,35544,35504,14667
2025-05-28 11:30,35534,35509,35534,35499,10133
2025-05-28 11:35,35539,35524,35544,35524,42440
2025-05-28 11:40,35546,35529,35559,35529,75644
2025-05-28 11:45,35578,35546,35588,35544,151188
2025-05-28 11:50,35588,35578,35598,35568,43958
2025-05-28 11:55,35613,35598,35618,35573,19132
2025-05-28 12:00,35642,35613,35667,35613,49743
2025-05-28 12:05,35667,35638,35667,35633,17523
2025-05-28 12:10,35642,35662,35672,35633,22792
2025-05-28 12:15,35672,35647,35677,35647,166996
2025-05-28 12:20,35647,35672,35682,35647,76000
2025-05-28 12:25,35618,35647,35647,35608,61800
2025-05-28 12:30,35633,35623,35642,35618,18076
2025-05-28 12:35,35588,35638,35642,35588,21671
2025-05-28 12:40,35554,35598,35598,35554,13032
2025-05-28 12:45,35529,35559,35563,35519,208014
2025-05-28 12:50,35519,35534,35539,35514,27721
2025-05-28 12:55,35519,35519,35534,35519,24883
2025-05-28 13:00,35539,35519,35544,35509,38838
2025-05-28 13:05,35534,35539,35544,35524,25532
2025-05-28 13:10,35519,35534,35544,35514,25451
2025-05-28 13:15,35534,35514,35549,35514,17465
2025-05-28 13:20,35529,35534,35544,35524,6091
2025-05-28 13:25,35494,35524,35529,35484,28532
2025-05-28 13:30,35484,35494,35514,35479,37175
2025-05-28 13:35,35534,35484,35534,35479,35863
2025-05-28 13:40,35484,35534,35534,35475,39882
2025-05-28 13:45,35484,35479,35489,35465,125336
2025-05-28 13:50,35460,35484,35494,35460,73371
2025-05-28 13:55,35440,35465,35475,35435,60692
2025-05-28 14:00,35381,35435,35445,35371,152899
2025-05-28 14:05,35371,35376,35391,35366,48895
2025-05-28 14:10,35368,35371,35405,35366,45866
2025-05-28 14:15,35386,35368,35395,35336,67548
2025-05-28 14:20,35405,35386,35405,35376,71904
2025-05-28 14:25,35361,35402,35417,35361,158898
2025-05-28 14:30,35386,35361,35395,35361,71509
2025-05-28 14:35,35435,35381,35440,35381,133054
2025-05-28 14:40,35420,35435,35435,35405,130500
2025-05-28 14:45,35410,35420,35425,35391,106739
2025-05-28 14:50,35410,35405,35425,35400,116325
2025-05-28 14:55,35391,35405,35405,35376,60915
2025-05-28 15:00,35341,35386,35391,35341,85854
2025-05-28 15:05,35316,35346,35351,35307,86420
2025-05-28 15:10,35336,35321,35376,35321,97599
2025-05-28 15:15,35346,35336,35356,35326,141587
2025-05-28 15:20,35351,35346,35356,35331,51239
2025-05-29 9:00,35702,35756,35776,35677,120735
2025-05-29 9:05,35647,35702,35741,35638,246662
2025-05-29 9:10,35638,35642,35682,35613,264523
2025-05-29 9:15,35682,35633,35717,35623,124480
2025-05-29 9:20,35687,35672,35741,35662,97496
2025-05-29 9:25,35692,35692,35751,35687,119822
2025-05-29 9:30,35751,35702,35766,35697,216613
2025-05-29 9:35,35761,35741,35781,35741,98111
2025-05-29 9:40,35776,35761,35781,35726,111414
2025-05-29 9:45,35756,35771,35781,35736,51249
2025-05-29 9:50,35746,35751,35766,35741,90888
2025-05-29 9:55,35870,35751,35875,35746,188891
2025-05-29 10:00,35830,35860,35885,35810,139051
2025-05-29 10:05,35890,35840,35890,35835,61300
2025-05-29 10:10,35954,35890,35964,35890,112783
2025-05-29 10:15,35880,35954,35954,35870,67716
2025-05-29 10:20,35840,35875,35894,35840,270635
2025-05-29 10:25,35776,35840,35850,35776,105492
2025-05-29 10:30,35820,35781,35825,35771,62161
2025-05-29 10:35,35781,35820,35820,35771,72649
2025-05-29 10:40,35771,35781,35806,35771,93634
2025-05-29 10:45,35820,35776,35835,35771,192999
2025-05-29 10:50,35820,35820,35825,35781,102839
2025-05-29 10:55,35875,35815,35880,35815,151537
2025-05-29 11:00,35899,35880,35914,35870,80775
2025-05-29 11:05,35904,35899,35929,35890,40516
2025-05-29 11:10,35929,35904,35949,35887,84642
2025-05-29 11:15,35949,35929,35964,35929,72104
2025-05-29 11:20,36003,35949,36008,35944,142207
2025-05-29 11:25,35988,36003,36033,35983,141965
2025-05-29 11:30,36033,35993,36033,35988,388056
2025-05-29 11:35,35983,36028,36043,35964,186395
2025-05-29 11:40,35988,35988,35993,35964,186472
2025-05-29 11:45,36018,35993,36038,35983,382198
2025-05-29 11:50,35998,36018,36033,35983,193508
2025-05-29 11:55,35993,36003,36028,35993,315141
2025-05-29 12:00,36003,35993,36008,35983,466147
2025-05-29 12:05,36013,36003,36013,35983,400370
2025-05-29 12:10,35974,36008,36008,35969,149404
2025-05-29 12:15,35974,35974,35983,35964,253374
2025-05-29 12:20,35964,35969,35978,35954,231419
2025-05-29 12:25,35998,35964,35998,35949,291675
2025-05-29 12:30,36033,36003,36038,35988,37768
2025-05-29 12:35,36038,36033,36053,36018,61438
2025-05-29 12:40,36023,36038,36067,36023,77652
2025-05-29 12:45,36003,36023,36028,35978,61724
2025-05-29 12:50,36023,36003,36028,35998,26855
2025-05-29 12:55,36028,36018,36028,35993,115832
2025-05-29 13:00,36043,36023,36048,36018,73980
2025-05-29 13:05,36062,36048,36067,36028,23245
2025-05-29 13:10,36067,36062,36077,36048,81133
2025-05-29 13:15,36038,36067,36067,36018,77765
2025-05-29 13:20,36023,36038,36038,36013,44542
2025-05-29 13:25,35998,36023,36028,35988,60088
2025-05-29 13:30,35993,35988,36003,35974,133684
2025-05-29 13:35,36033,35998,36043,35974,111651
2025-05-29 13:40,36023,36028,36053,36023,31588
2025-05-29 13:45,36048,36033,36053,36008,37938
2025-05-29 13:50,36038,36043,36053,36023,42150
2025-05-29 13:55,36018,36038,36043,36018,23683
2025-05-29 14:00,36018,36023,36043,36018,33441
2025-05-29 14:05,36003,36013,36018,35988,31221
2025-05-29 14:10,36008,35993,36008,35974,62633
2025-05-29 14:15,36043,35998,36053,35998,46236
2025-05-29 14:20,36058,36043,36082,36043,98941
2025-05-29 14:25,36077,36058,36082,36053,59978
2025-05-29 14:30,36043,36077,36082,36033,145118
2025-05-29 14:35,36053,36043,36058,36033,78120
2025-05-29 14:40,36028,36048,36053,36013,26453
2025-05-29 14:45,36053,36033,36077,36028,50025
2025-05-29 14:50,36062,36048,36072,36033,98729
2025-05-29 14:55,36038,36062,36067,36033,45628
2025-05-29 15:00,36058,36038,36067,36028,59484
2025-05-29 15:05,36048,36058,36067,36038,37333
2025-05-29 15:10,36023,36043,36048,36018,38914
2025-05-29 15:15,36008,36018,36033,36008,44905
2025-05-29 15:20,36023,36013,36023,36008,58206
2025-05-30 9:00,35924,35924,35939,35885,91953
2025-05-30 9:05,35914,35929,35969,35885,183986
2025-05-30 9:10,35909,35914,35959,35885,134761
2025-05-30 9:15,35890,35909,35934,35870,69169
2025-05-30 9:20,35924,35880,35939,35870,57144
2025-05-30 9:25,35870,35934,35954,35860,124558
2025-05-30 9:30,35964,35870,35974,35865,56588
2025-05-30 9:35,35998,35964,36013,35964,182447
2025-05-30 9:40,35998,35998,36018,35974,96726
2025-05-30 9:45,36018,35998,36028,35993,63548
2025-05-30 9:50,35988,36018,36018,35983,23477
2025-05-30 9:55,35993,35983,36003,35964,53776
2025-05-30 10:00,35959,35998,36018,35949,67328
2025-05-30 10:05,35919,35959,35969,35875,310606
2025-05-30 10:10,35929,35909,35954,35909,31021
2025-05-30 10:15,35914,35929,35954,35914,50511
2025-05-30 10:20,35860,35914,35914,35850,52062
2025-05-30 10:25,35880,35855,35880,35845,74536
2025-05-30 10:30,35880,35875,35890,35850,118869
2025-05-30 10:35,35875,35885,35899,35860,72520
2025-05-30 10:40,35939,35875,35944,35875,43365
2025-05-30 10:45,35924,35939,35954,35919,62291
2025-05-30 10:50,35875,35919,35929,35870,39208
2025-05-30 10:55,35914,35870,35919,35870,43829
2025-05-30 11:00,35914,35909,35919,35890,33493
2025-05-30 11:05,35870,35914,35914,35870,26823
2025-05-30 11:10,35880,35875,35899,35865,26389
2025-05-30 11:15,35875,35875,35885,35860,21081
2025-05-30 11:20,35885,35870,35899,35870,21472
2025-05-30 11:25,35909,35880,35914,35870,31755
2025-05-30 11:30,35860,35904,35914,35855,30393
2025-05-30 11:35,35840,35865,35870,35835,43810
2025-05-30 11:40,35855,35840,35865,35830,71695
2025-05-30 11:45,35865,35855,35885,35855,67814
2025-05-30 11:50,35855,35860,35875,35845,43388
2025-05-30 11:55,35860,35855,35870,35850,19688
2025-05-30 12:00,35845,35855,35880,35840,40113
2025-05-30 12:05,35850,35842,35850,35830,29227
2025-05-30 12:10,35840,35845,35845,35825,26972
2025-05-30 12:15,35825,35840,35855,35820,25545
2025-05-30 12:20,35820,35820,35835,35810,35176
2025-05-30 12:25,35835,35820,35835,35806,22113
2025-05-30 12:30,35845,35840,35850,35820,20781
2025-05-30 12:35,35860,35840,35865,35840,40704
2025-05-30 12:40,35820,35860,35860,35820,21477
2025-05-30 12:45,35825,35822,35840,35820,14390
2025-05-30 12:50,35820,35820,35830,35806,29910
2025-05-30 12:55,35806,35815,35830,35806,24785
2025-05-30 13:00,35810,35806,35825,35796,62788
2025-05-30 13:05,35781,35806,35810,35771,63562
2025-05-30 13:10,35751,35781,35781,35751,45912
2025-05-30 13:15,35766,35751,35771,35741,24614
2025-05-30 13:20,35731,35771,35771,35726,38542
2025-05-30 13:25,35736,35731,35751,35726,23049
2025-05-30 13:30,35712,35736,35741,35707,57840
2025-05-30 13:35,35712,35717,35731,35712,72660
2025-05-30 13:40,35687,35712,35717,35682,65910
2025-05-30 13:45,35687,35687,35692,35657,60951
2025-05-30 13:50,35687,35677,35692,35662,20173
2025-05-30 13:55,35687,35687,35692,35672,23243
2025-05-30 14:00,35731,35687,35731,35682,93224
2025-05-30 14:05,35746,35726,35751,35712,84883
2025-05-30 14:10,35746,35746,35751,35722,42116
2025-05-30 14:15,35726,35751,35751,35722,32082
2025-05-30 14:20,35736,35726,35741,35712,35130
2025-05-30 14:25,35726,35736,35746,35722,48201
2025-05-30 14:30,35687,35726,35731,35687,53109
2025-05-30 14:35,35741,35697,35746,35687,48662
2025-05-30 14:40,35776,35741,35776,35726,135197
2025-05-30 14:45,35771,35776,35781,35746,74662
2025-05-30 14:50,35736,35771,35776,35731,40025
2025-05-30 14:55,35736,35736,35751,35726,21150
2025-05-30 15:00,35712,35741,35746,35712,53790
2025-05-30 15:05,35682,35717,35726,35667,117637
2025-05-30 15:10,35652,35682,35682,35652,44503
2025-05-30 15:15,35677,35652,35687,35652,27087
2025-05-30 15:20,35677,35672,35682,35662,56962
2025-06-02 9:00,35702,35613,35702,35573,57636
2025-06-02 9:05,35692,35692,35781,35657,187169
2025-06-02 9:10,35890,35692,35944,35672,257070
2025-06-02 9:15,35988,35890,36038,35885,338764
2025-06-02 9:20,36023,35988,36048,35974,137294
2025-06-02 9:25,35998,36023,36043,35929,87259
2025-06-02 9:30,35820,36003,36003,35815,179440
2025-06-02 9:35,35899,35820,35899,35820,99319
2025-06-02 9:40,35865,35899,35909,35845,56671
2025-06-02 9:45,35803,35870,35875,35786,69018
2025-06-02 9:50,35830,35803,35894,35771,71843
2025-06-02 9:55,35746,35830,35835,35746,57864
2025-06-02 10:00,35791,35741,35806,35741,24183
2025-06-02 10:05,35835,35791,35845,35766,42922
2025-06-02 10:10,35796,35835,35865,35781,57041
2025-06-02 10:15,35845,35796,35875,35786,116670
2025-06-02 10:20,35796,35840,35850,35776,88111
2025-06-02 10:25,35825,35801,35835,35786,60710
2025-06-02 10:30,35801,35820,35860,35801,31211
2025-06-02 10:35,35820,35801,35830,35796,12558
2025-06-02 10:40,35825,35820,35855,35791,65516
2025-06-02 10:45,35771,35835,35845,35751,87442
2025-06-02 10:50,35801,35766,35810,35751,19682
2025-06-02 10:55,35766,35810,35820,35761,55284
2025-06-02 11:00,35746,35766,35771,35741,20438
2025-06-02 11:05,35766,35741,35786,35736,43163
2025-06-02 11:10,35791,35766,35810,35761,38477
2025-06-02 11:15,35796,35786,35806,35786,18641
2025-06-02 11:20,35806,35801,35825,35781,55011
2025-06-02 11:25,35786,35806,35820,35781,21791
2025-06-02 11:30,35771,35786,35796,35771,9642
2025-06-02 11:35,35766,35771,35776,35761,18916
2025-06-02 11:40,35766,35771,35801,35761,16841
2025-06-02 11:45,35766,35761,35796,35761,31240
2025-06-02 11:50,35722,35766,35786,35717,36119
2025-06-02 11:55,35687,35722,35722,35677,43322
2025-06-02 12:00,35647,35682,35687,35638,44471
2025-06-02 12:05,35642,35644,35657,35628,53073
2025-06-02 12:10,35628,35635,35635,35583,33904
2025-06-02 12:15,35638,35628,35647,35618,44005
2025-06-02 12:20,35672,35633,35672,35628,20136
2025-06-02 12:25,35657,35672,35687,35647,32835
2025-06-02 12:30,35652,35657,35667,35638,14189
2025-06-02 12:35,35633,35647,35647,35618,14969
2025-06-02 12:40,35647,35638,35647,35618,13916
2025-06-02 12:45,35638,35647,35657,35633,12741
2025-06-02 12:50,35613,35642,35642,35593,41830
2025-06-02 12:55,35623,35608,35628,35603,64555
2025-06-02 13:00,35608,35623,35628,35598,36923
2025-06-02 13:05,35549,35613,35618,35529,100213
2025-06-02 13:10,35539,35549,35568,35524,48808
2025-06-02 13:15,35563,35539,35570,35534,33027
2025-06-02 13:20,35583,35563,35593,35554,37750
2025-06-02 13:25,35573,35588,35598,35568,13228
2025-06-02 13:30,35573,35568,35583,35554,13607
2025-06-02 13:35,35593,35573,35598,35563,17312
2025-06-02 13:40,35623,35593,35623,35583,37817
2025-06-02 13:45,35588,35623,35628,35583,20995
2025-06-02 13:50,35593,35583,35603,35563,24906
2025-06-02 13:55,35588,35593,35598,35563,23568
2025-06-02 14:00,35638,35588,35642,35583,50004
2025-06-02 14:05,35623,35642,35642,35613,45742
2025-06-02 14:10,35642,35623,35642,35593,39403
2025-06-02 14:15,35638,35642,35647,35628,23410
2025-06-02 14:20,35613,35638,35638,35608,42680
2025-06-02 14:25,35628,35613,35633,35598,42257
2025-06-02 14:30,35608,35633,35642,35603,41766
2025-06-02 14:35,35613,35608,35623,35598,48611
2025-06-02 14:40,35642,35613,35647,35608,58585
2025-06-02 14:45,35672,35642,35682,35642,113296
2025-06-02 14:50,35726,35667,35731,35662,106815
2025-06-02 14:55,35717,35726,35736,35707,72617
2025-06-02 15:00,35677,35717,35722,35667,94919
2025-06-02 15:05,35672,35677,35697,35662,121023
2025-06-02 15:10,35672,35667,35677,35642,114915
2025-06-02 15:15,35687,35667,35697,35662,116932
2025-06-02 15:20,35702,35687,35702,35682,69375
2025-06-04 9:00,36211,36181,36300,36176,282456
2025-06-04 9:05,36309,36211,36423,36196,532552
2025-06-04 9:10,36349,36309,36398,36280,215344
2025-06-04 9:15,36369,36349,36389,36329,188221
2025-06-04 9:20,36359,36374,36423,36344,223404
2025-06-04 9:25,36458,36359,36477,36349,256836
2025-06-04 9:30,36453,36448,36477,36423,203720
2025-06-04 9:35,36477,36448,36492,36448,171742
2025-06-04 9:40,36468,36477,36492,36443,72282
2025-06-04 9:45,36497,36468,36512,36433,135523
2025-06-04 9:50,36552,36502,36561,36492,279440
2025-06-04 9:55,36591,36552,36591,36532,129753
2025-06-04 10:00,36606,36591,36611,36571,114544
2025-06-04 10:05,36655,36606,36660,36606,84066
2025-06-04 10:10,36641,36655,36680,36636,110086
2025-06-04 10:15,36670,36636,36670,36636,76982
2025-06-04 10:20,36650,36670,36675,36636,103127
2025-06-04 10:25,36665,36650,36665,36631,60355
2025-06-04 10:30,36665,36665,36690,36655,151071
2025-06-04 10:35,36606,36665,36665,36596,136205
2025-06-04 10:40,36636,36601,36650,36596,66861
2025-06-04 10:45,36655,36636,36660,36601,216270
2025-06-04 10:50,36655,36660,36665,36616,69286
2025-06-04 10:55,36680,36650,36690,36626,70520
2025-06-04 11:00,36680,36680,36705,36660,134757
2025-06-04 11:05,36680,36685,36705,36675,43733
2025-06-04 11:10,36665,36685,36705,36660,66734
2025-06-04 11:15,36650,36660,36665,36631,46724
2025-06-04 11:20,36650,36650,36665,36641,41630
2025-06-04 11:25,36665,36641,36670,36641,26532
2025-06-04 11:30,36650,36665,36680,36641,52518
2025-06-04 11:35,36645,36655,36670,36645,30082
2025-06-04 11:40,36650,36645,36660,36641,29177
2025-06-04 11:45,36660,36650,36670,36650,19148
2025-06-04 11:50,36665,36660,36680,36650,29364
2025-06-04 11:55,36675,36665,36685,36665,31041
2025-06-04 12:00,36665,36675,36695,36660,128891
2025-06-04 12:05,36680,36665,36690,36660,22532
2025-06-04 12:10,36675,36690,36700,36675,37389
2025-06-04 12:15,36695,36670,36700,36670,43811
2025-06-04 12:20,36710,36695,36710,36685,104194
2025-06-04 12:25,36695,36710,36725,36690,56314
2025-06-04 12:30,36690,36695,36710,36685,33547
2025-06-04 12:35,36710,36695,36720,36690,38206
2025-06-04 12:40,36700,36710,36720,36695,56131
2025-06-04 12:45,36695,36700,36710,36690,30911
2025-06-04 12:50,36725,36700,36729,36695,71621
2025-06-04 12:55,36705,36729,36729,36695,35929
2025-06-04 13:00,36695,36705,36720,36695,28760
2025-06-04 13:05,36690,36705,36710,36690,26494
2025-06-04 13:10,36665,36690,36700,36660,157120
2025-06-04 13:15,36675,36670,36685,36660,109267
2025-06-04 13:20,36670,36675,36685,36665,26185
2025-06-04 13:25,36670,36665,36675,36650,89836
2025-06-04 13:30,36665,36670,36680,36665,73747
2025-06-04 13:35,36650,36665,36675,36650,31752
2025-06-04 13:40,36645,36650,36650,36621,57196
2025-06-04 13:45,36675,36650,36680,36641,80314
2025-06-04 13:50,36675,36675,36685,36665,53188
2025-06-04 13:55,36685,36675,36685,36665,49355
2025-06-04 14:00,36675,36680,36685,36655,46452
2025-06-04 14:05,36690,36675,36690,36665,51773
2025-06-04 14:10,36700,36690,36700,36670,54125
2025-06-04 14:15,36705,36695,36710,36690,48227
2025-06-04 14:20,36690,36705,36710,36680,35934
2025-06-04 14:25,36685,36687,36695,36675,43103
2025-06-04 14:30,36685,36685,36685,36670,51257
2025-06-04 14:35,36670,36685,36690,36660,46028
2025-06-04 14:40,36665,36670,36685,36660,58969
2025-06-04 14:45,36675,36665,36675,36650,39161
2025-06-04 14:50,36675,36675,36680,36660,34744
2025-06-04 14:55,36695,36675,36695,36655,100336
2025-06-04 15:00,36695,36695,36715,36685,235163
2025-06-04 15:05,36695,36695,36710,36680,69498
2025-06-04 15:10,36700,36695,36705,36690,70452
2025-06-04 15:15,36685,36695,36700,36675,141434
2025-06-04 15:20,36685,36690,36700,36680,117664
2025-06-05 9:00,37006,36986,37011,36957,112195
2025-06-05 9:05,37031,37001,37046,36957,295951
2025-06-05 9:10,37070,37026,37115,37016,244003
2025-06-05 9:15,37105,37070,37125,37056,129179
2025-06-05 9:20,37159,37105,37159,37095,156327
2025-06-05 9:25,37199,37159,37199,37120,127890
2025-06-05 9:30,37184,37194,37204,37159,133912
2025-06-05 9:35,37144,37189,37204,37140,98121
2025-06-05 9:40,37184,37140,37214,37135,113110
2025-06-05 9:45,37199,37194,37224,37184,62876
2025-06-05 9:50,37184,37199,37209,37164,48207
2025-06-05 9:55,37268,37184,37273,37179,162469
2025-06-05 10:00,37308,37268,37312,37243,156106
2025-06-05 10:05,37406,37312,37411,37303,266329
2025-06-05 10:10,37426,37411,37471,37387,232564
2025-06-05 10:15,37520,37421,37520,37421,286434
2025-06-05 10:20,37574,37520,37579,37510,232269
2025-06-05 10:25,37515,37574,37643,37515,273604
2025-06-05 10:30,37564,37515,37574,37485,130374
2025-06-05 10:35,37490,37559,37564,37485,93757
2025-06-05 10:40,37559,37495,37574,37461,125837
2025-06-05 10:45,37584,37564,37584,37555,111837
2025-06-05 10:50,37614,37581,37639,37574,122220
2025-06-05 10:55,37629,37614,37643,37604,123695
2025-06-05 11:00,37634,37634,37653,37614,98482
2025-06-05 11:05,37643,37639,37648,37619,124315
2025-06-05 11:10,37648,37643,37683,37624,128709
2025-06-05 11:15,37658,37648,37668,37634,53554
2025-06-05 11:20,37688,37658,37693,37658,150841
2025-06-05 11:25,37688,37693,37727,37688,118390
2025-06-05 11:30,37634,37693,37698,37621,91741
2025-06-05 11:35,37609,37639,37643,37599,104972
2025-06-05 11:40,37555,37609,37619,37550,76101
2025-06-05 11:45,37540,37555,37555,37530,58042
2025-06-05 11:50,37485,37540,37540,37480,61921
2025-06-05 11:55,37471,37485,37490,37416,74332
2025-06-05 12:00,37466,37466,37490,37461,58883
2025-06-05 12:05,37446,37471,37485,37431,76066
2025-06-05 12:10,37461,37446,37471,37436,65076
2025-06-05 12:15,37416,37466,37476,37411,68669
2025-06-05 12:20,37451,37416,37466,37411,69350
2025-06-05 12:25,37421,37451,37451,37416,53664
2025-06-05 12:30,37451,37426,37456,37416,49744
2025-06-05 12:35,37426,37446,37456,37416,23910
2025-06-05 12:40,37436,37426,37446,37421,115473
2025-06-05 12:45,37367,37436,37436,37362,109610
2025-06-05 12:50,37362,37362,37387,37352,112388
2025-06-05 12:55,37317,37362,37367,37312,76858
2025-06-05 13:00,37293,37322,37322,37268,75300
2025-06-05 13:05,37312,37293,37317,37278,43975
2025-06-05 13:10,37317,37312,37327,37283,73297
2025-06-05 13:15,37372,37317,37382,37308,74464
2025-06-05 13:20,37367,37362,37377,37337,41921
2025-06-05 13:25,37327,37367,37372,37303,31188
2025-06-05 13:30,37288,37322,37327,37283,33941
2025-06-05 13:35,37273,37293,37303,37263,59114
2025-06-05 13:40,37288,37273,37288,37263,42270
2025-06-05 13:45,37317,37283,37327,37268,89956
2025-06-05 13:50,37312,37322,37327,37293,67358
2025-06-05 13:55,37337,37317,37342,37308,31238
2025-06-05 14:00,37224,37332,37332,37219,82519
2025-06-05 14:05,37219,37219,37233,37179,79421
2025-06-05 14:10,37194,37219,37228,37184,41105
2025-06-05 14:15,37219,37194,37228,37189,80682
2025-06-05 14:20,37209,37214,37233,37204,74530
2025-06-05 14:25,37248,37204,37268,37204,404785
2025-06-05 14:30,37303,37253,37317,37248,66661
2025-06-05 14:35,37293,37308,37322,37273,40776
2025-06-05 14:40,37342,37288,37347,37278,71841
2025-06-05 14:45,37337,37342,37362,37332,60273
2025-06-05 14:50,37357,37342,37367,37332,70896
2025-06-05 14:55,37362,37362,37387,37337,96877
2025-06-05 15:00,37347,37362,37372,37337,67768
2025-06-05 15:05,37337,37352,37352,37317,70644
2025-06-05 15:10,37327,37337,37357,37312,125563
2025-06-05 15:15,37317,37327,37337,37312,69267
2025-06-05 15:20,37337,37322,37337,37317,48661
2025-06-09 9:00,37945,37925,37945,37871,192508
2025-06-09 9:05,38014,37945,38044,37891,692153
2025-06-09 9:10,38103,38014,38113,37960,431506
2025-06-09 9:15,38088,38108,38162,38083,370123
2025-06-09 9:20,38029,38088,38162,37994,306206
2025-06-09 9:25,37960,38024,38034,37940,341850
2025-06-09 9:30,37891,37955,37955,37836,300880
2025-06-09 9:35,37970,37895,38024,37891,160887
2025-06-09 9:40,37851,37975,37979,37836,206829
2025-06-09 9:45,37866,37851,37940,37841,239199
2025-06-09 9:50,37935,37861,37935,37846,148156
2025-06-09 9:55,38039,37935,38044,37915,100391
2025-06-09 10:00,38088,38039,38098,38009,82244
2025-06-09 10:05,37994,38093,38123,37984,96175
2025-06-09 10:10,38059,37989,38103,37989,98662
2025-06-09 10:15,38078,38063,38098,38054,55815
2025-06-09 10:20,38128,38078,38157,38073,151549
2025-06-09 10:25,38143,38128,38202,38103,146489
2025-06-09 10:30,38144,38143,38217,38138,137817
2025-06-09 10:35,38123,38147,38162,38078,80034
2025-06-09 10:40,38157,38123,38172,38118,81740
2025-06-09 10:45,38162,38157,38172,38133,69705
2025-06-09 10:50,38123,38157,38177,38123,106002
2025-06-09 10:55,38152,38123,38152,38103,52318
2025-06-09 11:00,38207,38152,38207,38147,57015
2025-06-09 11:05,38222,38207,38236,38182,140220
2025-06-09 11:10,38147,38222,38222,38123,83353
2025-06-09 11:15,38157,38147,38157,38108,47739
2025-06-09 11:20,38118,38152,38157,38083,53473
2025-06-09 11:25,38113,38115,38128,38083,36697
2025-06-09 11:30,38078,38113,38118,38034,77383
2025-06-09 11:35,38103,38073,38113,38049,40526
2025-06-09 11:40,38113,38103,38123,38078,42136
2025-06-09 11:45,38192,38113,38197,38108,96308
2025-06-09 11:50,38182,38187,38217,38162,56128
2025-06-09 11:55,38187,38182,38207,38162,49050
2025-06-09 12:00,38167,38192,38192,38167,166617
2025-06-09 12:05,38162,38172,38182,38157,24006
2025-06-09 12:10,38172,38172,38177,38157,22799
2025-06-09 12:15,38113,38172,38182,38083,70107
2025-06-09 12:20,38108,38113,38138,38093,41848
2025-06-09 12:25,38083,38113,38123,38078,89422
2025-06-09 12:30,38063,38088,38108,38044,49172
2025-06-09 12:35,38088,38063,38098,38054,42923
2025-06-09 12:40,38073,38088,38093,38049,31376
2025-06-09 12:45,38078,38073,38113,38068,34474
2025-06-09 12:50,38073,38078,38093,38019,116278
2025-06-09 12:55,38068,38073,38078,38059,47456
2025-06-09 13:00,38054,38068,38103,38054,44284
2025-06-09 13:05,38014,38054,38068,37999,49725
2025-06-09 13:10,38029,38009,38059,38004,38340
2025-06-09 13:15,38063,38034,38078,38019,42497
2025-06-09 13:20,38078,38063,38098,38059,57524
2025-06-09 13:25,38019,38073,38088,38009,119702
2025-06-09 13:30,38029,38024,38054,37999,74897
2025-06-09 13:35,38039,38024,38049,38019,53517
2025-06-09 13:40,38034,38039,38088,38029,115172
2025-06-09 13:45,38019,38034,38039,38004,73197
2025-06-09 13:50,37994,38019,38034,37989,86830
2025-06-09 13:55,37994,37999,38029,37984,114883
2025-06-09 14:00,37999,37994,38009,37984,63645
2025-06-09 14:05,38009,37999,38019,37965,115049
2025-06-09 14:10,38014,38014,38019,37994,86239
2025-06-09 14:15,37994,38004,38029,37989,73483
2025-06-09 14:20,37975,37994,37999,37955,84998
2025-06-09 14:25,37960,37975,37984,37950,105733
2025-06-09 14:30,37950,37960,37975,37930,99953
2025-06-09 14:35,37994,37955,38004,37945,43078
2025-06-09 14:40,37994,37994,38009,37965,138694
2025-06-09 14:45,38004,37994,38009,37984,107651
2025-06-09 14:50,37975,37999,38004,37950,77834
2025-06-09 14:55,37960,37975,37979,37930,237015
2025-06-09 15:00,37915,37955,37960,37905,233593
2025-06-09 15:05,37930,37920,37935,37881,307658
2025-06-09 15:10,37940,37925,37965,37900,273782
2025-06-09 15:15,37945,37940,37955,37930,232861
2025-06-09 15:20,37967,37945,37967,37930,104419
2025-06-10 9:00,38231,38246,38246,38187,122603
2025-06-10 9:05,37989,38231,38251,37984,362382
2025-06-10 9:10,37935,37989,38009,37895,241959
2025-06-10 9:15,37955,37935,37965,37881,320787
2025-06-10 9:20,38073,37950,38123,37930,355133
2025-06-10 9:25,38118,38073,38162,38049,193137
2025-06-10 9:30,38123,38118,38157,38088,151812
2025-06-10 9:35,38182,38123,38217,38118,138549
2025-06-10 9:40,38212,38187,38217,38162,137567
2025-06-10 9:45,38236,38217,38271,38187,150155
2025-06-10 9:50,38226,38236,38241,38177,128359
2025-06-10 9:55,38128,38222,38231,38128,198164
2025-06-10 10:00,38138,38133,38182,38108,111931
2025-06-10 10:05,38202,38143,38202,38138,132340
2025-06-10 10:10,38212,38197,38217,38192,168291
2025-06-10 10:15,38236,38212,38256,38197,116872
2025-06-10 10:20,38241,38241,38266,38222,123690
2025-06-10 10:25,38291,38241,38310,38236,126507
2025-06-10 10:30,38306,38296,38315,38281,112602
2025-06-10 10:35,38291,38310,38315,38286,101340
2025-06-10 10:40,38261,38291,38301,38261,117547
2025-06-10 10:45,38335,38256,38340,38256,141845
2025-06-10 10:50,38385,38330,38399,38330,324518
2025-06-10 10:55,38385,38380,38414,38375,213264
2025-06-10 11:00,38394,38380,38414,38365,95556
2025-06-10 11:05,38385,38394,38394,38350,111300
2025-06-10 11:10,38365,38385,38390,38340,95352
2025-06-10 11:15,38409,38375,38429,38365,191424
2025-06-10 11:20,38414,38404,38429,38399,107806
2025-06-10 11:25,38414,38409,38424,38390,101675
2025-06-10 11:30,38404,38404,38414,38375,96755
2025-06-10 11:35,38409,38399,38419,38380,80025
2025-06-10 11:40,38399,38409,38419,38385,81533
2025-06-10 11:45,38380,38404,38409,38370,92585
2025-06-10 11:50,38330,38385,38385,38330,114531
2025-06-10 11:55,38306,38330,38340,38281,112412
2025-06-10 12:00,38320,38301,38325,38296,140885
2025-06-10 12:05,38281,38320,38325,38276,93990
2025-06-10 12:10,38261,38281,38310,38256,100954
2025-06-10 12:15,38281,38261,38291,38256,106637
2025-06-10 12:20,38310,38276,38310,38261,91467
2025-06-10 12:25,38320,38306,38320,38288,81307
2025-06-10 12:30,38320,38320,38340,38310,69047
2025-06-10 12:35,38350,38325,38350,38301,85484
2025-06-10 12:40,38370,38347,38380,38340,99244
2025-06-10 12:45,38385,38372,38399,38370,95796
2025-06-10 12:50,38390,38380,38409,38380,85936
2025-06-10 12:55,38385,38390,38409,38375,91200
2025-06-10 13:00,38365,38385,38394,38355,90926
2025-06-10 13:05,38345,38360,38375,38340,86286
2025-06-10 13:10,38306,38345,38355,38291,147497
2025-06-10 13:15,38266,38306,38306,38266,120038
2025-06-10 13:20,38222,38266,38276,38222,121215
2025-06-10 13:25,38157,38217,38241,38152,165668
2025-06-10 13:30,38118,38152,38177,38103,162978
2025-06-10 13:35,38123,38123,38133,38093,135087
2025-06-10 13:40,38123,38118,38152,38103,115322
2025-06-10 13:45,38128,38118,38147,38108,131735
2025-06-10 13:50,38187,38128,38187,38128,106935
2025-06-10 13:55,38128,38187,38187,38128,101795
2025-06-10 14:00,38152,38128,38162,38123,98342
2025-06-10 14:05,38197,38157,38222,38143,117038
2025-06-10 14:10,38197,38197,38217,38177,111194
2025-06-10 14:15,38182,38197,38212,38167,104546
2025-06-10 14:20,38113,38172,38187,38103,109155
2025-06-10 14:25,38054,38108,38118,38039,153858
2025-06-10 14:30,38034,38054,38068,38014,109862
2025-06-10 14:35,38049,38034,38054,37979,88799
2025-06-10 14:40,38108,38044,38138,38039,108588
2025-06-10 14:45,38098,38103,38123,38093,42891
2025-06-10 14:50,38054,38098,38108,38044,161477
2025-06-10 14:55,38098,38049,38098,38034,70983
2025-06-10 15:00,38103,38088,38103,38073,59827
2025-06-10 15:05,38103,38103,38108,38078,26868
2025-06-10 15:10,38138,38103,38152,38093,101578
2025-06-10 15:15,38157,38128,38162,38128,64293
2025-06-10 15:20,38177,38162,38182,38138,73582
2025-06-11 9:00,38439,38404,38454,38399,61235
2025-06-11 9:05,38419,38439,38493,38390,260267
2025-06-11 9:10,38399,38419,38444,38335,153830
2025-06-11 9:15,38449,38399,38459,38345,223496
2025-06-11 9:20,38632,38439,38642,38434,318539
2025-06-11 9:25,38592,38632,38642,38577,100311
2025-06-11 9:30,38676,38597,38711,38587,307589
2025-06-11 9:35,38686,38673,38721,38637,206713
2025-06-11 9:40,38686,38686,38726,38637,157411
2025-06-11 9:45,38711,38686,38711,38656,94173
2025-06-11 9:50,38671,38711,38721,38666,74686
2025-06-11 9:55,38656,38671,38686,38612,109236
2025-06-11 10:00,38612,38656,38666,38587,72686
2025-06-11 10:05,38632,38612,38656,38597,70845
2025-06-11 10:10,38498,38642,38642,38483,537507
2025-06-11 10:15,38469,38493,38508,38439,85738
2025-06-11 10:20,38444,38469,38469,38419,121670
2025-06-11 10:25,38385,38444,38469,38380,78426
2025-06-11 10:30,38449,38380,38483,38375,72032
2025-06-11 10:35,38375,38444,38444,38360,57736
2025-06-11 10:40,38399,38370,38404,38345,137264
2025-06-11 10:45,38449,38404,38459,38380,127202
2025-06-11 10:50,38503,38444,38503,38444,210787
2025-06-11 10:55,38469,38503,38518,38459,38868
2025-06-11 11:00,38483,38474,38493,38469,38246
2025-06-11 11:05,38533,38483,38572,38478,275242
2025-06-11 11:10,38528,38533,38543,38474,58780
2025-06-11 11:15,38528,38518,38538,38503,50270
2025-06-11 11:20,38498,38533,38538,38488,36899
2025-06-11 11:25,38478,38493,38498,38459,38450
2025-06-11 11:30,38488,38474,38498,38449,28331
2025-06-11 11:35,38518,38488,38518,38459,33890
2025-06-11 11:40,38538,38518,38558,38508,43812
2025-06-11 11:45,38488,38533,38538,38483,28487
2025-06-11 11:50,38474,38483,38488,38459,40083
2025-06-11 11:55,38483,38478,38493,38469,16994
2025-06-11 12:00,38493,38478,38498,38469,61990
2025-06-11 12:05,38503,38493,38528,38483,26039
2025-06-11 12:10,38523,38503,38543,38498,92648
2025-06-11 12:15,38469,38518,38523,38464,186504
2025-06-11 12:20,38469,38464,38488,38449,36347
2025-06-11 12:25,38503,38464,38505,38449,37445
2025-06-11 12:30,38488,38503,38523,38483,38442
2025-06-11 12:35,38498,38488,38518,38483,34609
2025-06-11 12:40,38518,38493,38523,38488,20384
2025-06-11 12:45,38508,38518,38528,38498,23198
2025-06-11 12:50,38503,38505,38523,38488,23459
2025-06-11 12:55,38548,38498,38548,38493,27518
2025-06-11 13:00,38533,38548,38562,38523,46670
2025-06-11 13:05,38597,38528,38602,38523,53561
2025-06-11 13:10,38602,38597,38612,38577,41315
2025-06-11 13:15,38592,38607,38612,38567,35444
2025-06-11 13:20,38656,38592,38656,38587,53191
2025-06-11 13:25,38627,38651,38656,38607,26079
2025-06-11 13:30,38592,38627,38637,38582,34179
2025-06-11 13:35,38577,38597,38607,38553,21443
2025-06-11 13:40,38597,38577,38597,38562,42673
2025-06-11 13:45,38607,38599,38617,38577,40642
2025-06-11 13:50,38587,38607,38607,38572,36821
2025-06-11 13:55,38587,38587,38602,38577,28013
2025-06-11 14:00,38582,38592,38617,38558,47207
2025-06-11 14:05,38617,38577,38646,38558,38863
2025-06-11 14:10,38632,38617,38637,38607,30266
2025-06-11 14:15,38676,38637,38686,38627,87531
2025-06-11 14:20,38666,38678,38706,38651,85200
2025-06-11 14:25,38622,38666,38666,38617,55637
2025-06-11 14:30,38671,38627,38681,38617,44092
2025-06-11 14:35,38696,38671,38701,38646,68825
2025-06-11 14:40,38666,38701,38711,38661,76254
2025-06-11 14:45,38701,38671,38716,38666,70227
2025-06-11 14:50,38701,38696,38721,38686,57514
2025-06-11 14:55,38661,38706,38711,38651,64452
2025-06-11 15:00,38642,38661,38661,38612,59433
2025-06-11 15:05,38632,38642,38651,38627,38543
2025-06-11 15:10,38661,38637,38666,38627,43316
2025-06-11 15:15,38629,38661,38671,38627,45968
2025-06-11 15:20,38661,38629,38666,38627,26215
2025-06-12 9:00,38775,38686,38785,38656,239902
2025-06-12 9:05,38795,38775,38810,38716,250010
2025-06-12 9:10,38851,38790,38874,38775,283199
2025-06-12 9:15,38898,38851,38938,38849,263457
2025-06-12 9:20,38859,38893,38908,38810,497178
2025-06-12 9:25,38805,38869,38879,38785,544069
2025-06-12 9:30,38740,38810,38819,38691,329191
2025-06-12 9:35,38770,38735,38819,38730,141450
2025-06-12 9:40,38775,38765,38819,38716,343669
2025-06-12 9:45,38730,38775,38790,38730,267645
2025-06-12 9:50,38740,38726,38760,38716,63778
2025-06-12 9:55,38721,38740,38740,38676,103579
2025-06-12 10:00,38785,38716,38790,38691,89010
2025-06-12 10:05,38775,38790,38800,38760,51276
2025-06-12 10:10,38854,38775,38869,38775,152262
2025-06-12 10:15,38844,38854,38854,38824,31482
2025-06-12 10:20,38834,38839,38879,38824,38536
2025-06-12 10:25,38755,38834,38834,38745,107624
2025-06-12 10:30,38760,38765,38790,38726,51877
2025-06-12 10:35,38790,38755,38805,38755,40308
2025-06-12 10:40,38755,38790,38795,38735,79351
2025-06-12 10:45,38721,38755,38770,38711,55619
2025-06-12 10:50,38750,38726,38755,38711,47550
2025-06-12 10:55,38785,38745,38795,38730,49403
2025-06-12 11:00,38839,38785,38854,38775,86033
2025-06-12 11:05,38790,38849,38849,38780,60018
2025-06-12 11:10,38800,38795,38810,38760,46517
2025-06-12 11:15,38780,38795,38819,38775,29671
2025-06-12 11:20,38829,38785,38834,38780,35628
2025-06-12 11:25,38800,38819,38824,38780,36413
2025-06-12 11:30,38790,38795,38814,38785,21386
2025-06-12 11:35,38795,38790,38800,38755,66556
2025-06-12 11:40,38790,38790,38805,38775,14762
2025-06-12 11:45,38790,38790,38795,38775,30008
2025-06-12 11:50,38800,38785,38800,38775,21692
2025-06-12 11:55,38824,38795,38829,38795,77632
2025-06-12 12:00,38874,38819,38874,38814,72947
2025-06-12 12:05,38874,38869,38898,38854,61802
2025-06-12 12:10,38864,38874,38889,38859,300223
2025-06-12 12:15,38958,38869,38958,38869,231229
2025-06-12 12:20,38898,38953,38968,38898,74294
2025-06-12 12:25,38918,38903,38918,38869,33907
2025-06-12 12:30,38933,38923,38948,38903,56742
2025-06-12 12:35,38933,38933,38948,38918,79352
2025-06-12 12:40,38982,38933,38997,38933,207141
2025-06-12 12:45,38992,38982,38992,38953,38434
2025-06-12 12:50,38953,38987,39002,38943,78943
2025-06-12 12:55,38923,38953,38953,38913,36963
2025-06-12 13:00,38908,38918,38928,38893,27437
2025-06-12 13:05,38943,38903,38948,38889,37382
2025-06-12 13:10,38968,38943,38968,38933,30944
2025-06-12 13:15,38943,38973,38973,38943,22776
2025-06-12 13:20,38938,38953,38968,38928,32310
2025-06-12 13:25,38918,38933,38943,38913,30209
2025-06-12 13:30,38928,38918,38948,38898,33579
2025-06-12 13:35,38918,38933,38938,38913,36914
2025-06-12 13:40,38913,38918,38933,38889,45020
2025-06-12 13:45,38903,38913,38923,38898,26190
2025-06-12 13:50,38889,38903,38913,38869,40817
2025-06-12 13:55,38903,38884,38918,38879,39251
2025-06-12 14:00,38884,38903,38903,38874,55149
2025-06-12 14:05,38869,38889,38889,38834,103972
2025-06-12 14:10,38874,38874,38918,38859,97015
2025-06-12 14:15,38839,38874,38884,38834,79975
2025-06-12 14:20,38829,38839,38854,38795,76663
2025-06-12 14:25,38819,38829,38849,38805,98284
2025-06-12 14:30,38814,38819,38839,38790,76845
2025-06-12 14:35,38770,38811,38819,38750,96523
2025-06-12 14:40,38711,38770,38770,38686,150544
2025-06-12 14:45,38706,38716,38730,38696,29622
2025-06-12 14:50,38726,38706,38730,38656,735120
2025-06-12 14:55,38691,38726,38726,38686,103690
2025-06-12 15:00,38686,38696,38701,38681,54889
2025-06-12 15:05,38691,38681,38691,38666,53251
2025-06-12 15:10,38755,38691,38780,38676,49817
2025-06-12 15:15,38711,38755,38755,38711,143620
2025-06-12 15:20,38740,38716,38740,38701,149721
2025-06-13 9:00,38884,38879,38898,38849,83274
2025-06-13 9:05,38819,38879,38918,38760,324264
2025-06-13 9:10,38533,38810,38844,38508,475985
2025-06-13 9:15,38627,38518,38711,38513,356956
2025-06-13 9:20,38399,38617,38622,38385,381232
2025-06-13 9:25,38429,38390,38454,38380,453117
2025-06-13 9:30,38469,38434,38478,38394,210576
2025-06-13 9:35,38533,38469,38543,38394,248123
2025-06-13 9:40,38543,38538,38627,38493,218300
2025-06-13 9:45,38478,38538,38567,38444,263562
2025-06-13 9:50,38365,38474,38493,38355,318146
2025-06-13 9:55,38301,38360,38375,38281,247558
2025-06-13 10:00,38306,38296,38330,38276,115848
2025-06-13 10:05,38315,38310,38325,38271,118991
2025-06-13 10:10,38345,38310,38375,38310,82937
2025-06-13 10:15,38291,38340,38345,38261,103757
2025-06-13 10:20,38226,38291,38301,38202,168148
2025-06-13 10:25,38325,38231,38335,38222,108904
2025-06-13 10:30,38251,38330,38340,38222,81706
2025-06-13 10:35,38355,38246,38375,38236,132938
2025-06-13 10:40,38385,38360,38414,38340,106281
2025-06-13 10:45,38464,38385,38474,38370,89237
2025-06-13 10:50,38498,38464,38533,38459,239814
2025-06-13 10:55,38533,38503,38538,38493,107265
2025-06-13 11:00,38483,38538,38553,38483,108087
2025-06-13 11:05,38488,38483,38538,38454,43200
2025-06-13 11:10,38444,38483,38493,38444,30960
2025-06-13 11:15,38444,38449,38469,38409,56725
2025-06-13 11:20,38360,38449,38449,38360,48929
2025-06-13 11:25,38320,38365,38375,38315,172204
2025-06-13 11:30,38301,38320,38330,38291,44221
2025-06-13 11:35,38310,38296,38315,38266,40036
2025-06-13 11:40,38306,38310,38350,38301,28753
2025-06-13 11:45,38261,38310,38310,38212,215478
2025-06-13 11:50,38271,38261,38286,38246,96185
2025-06-13 11:55,38281,38276,38286,38256,23779
2025-06-13 12:00,38345,38281,38350,38276,68069
2025-06-13 12:05,38330,38345,38355,38330,40109
2025-06-13 12:10,38360,38335,38390,38325,50618
2025-06-13 12:15,38375,38365,38380,38335,20644
2025-06-13 12:20,38404,38370,38444,38360,54235
2025-06-13 12:25,38390,38404,38414,38360,43644
2025-06-13 12:30,38370,38390,38399,38345,26567
2025-06-13 12:35,38380,38375,38394,38355,33015
2025-06-13 12:40,38375,38380,38385,38355,35676
2025-06-13 12:45,38355,38375,38380,38325,38534
2025-06-13 12:50,38375,38350,38380,38335,37734
2025-06-13 12:55,38429,38365,38429,38360,58396
2025-06-13 13:00,38414,38429,38444,38409,73484
2025-06-13 13:05,38340,38409,38414,38340,45899
2025-06-13 13:10,38291,38350,38350,38291,48171
2025-06-13 13:15,38222,38296,38301,38212,77098
2025-06-13 13:20,38231,38226,38256,38207,86309
2025-06-13 13:25,38256,38226,38266,38217,36253
2025-06-13 13:30,38315,38256,38325,38236,78009
2025-06-13 13:35,38276,38315,38315,38266,36637
2025-06-13 13:40,38281,38276,38301,38266,35380
2025-06-13 13:45,38261,38281,38301,38236,48862
2025-06-13 13:50,38261,38251,38266,38236,49500
2025-06-13 13:55,38231,38261,38261,38222,39515
2025-06-13 14:00,38231,38226,38261,38222,43586
2025-06-13 14:05,38276,38226,38291,38222,65750
2025-06-13 14:10,38281,38271,38296,38246,57558
2025-06-13 14:15,38271,38286,38291,38256,35611
2025-06-13 14:20,38291,38266,38306,38261,53080
2025-06-13 14:25,38291,38296,38310,38276,42268
2025-06-13 14:30,38276,38291,38315,38276,35005
2025-06-13 14:35,38340,38276,38365,38276,82524
2025-06-13 14:40,38320,38335,38360,38315,45305
2025-06-13 14:45,38330,38325,38340,38301,35667
2025-06-13 14:50,38360,38330,38375,38325,59052
2025-06-13 14:55,38429,38360,38454,38360,109724
2025-06-13 15:00,38439,38429,38449,38409,73258
2025-06-13 15:05,38474,38444,38474,38434,101638
2025-06-13 15:10,38459,38474,38483,38449,88921
2025-06-13 15:15,38439,38459,38478,38429,80739
2025-06-13 15:20,38414,38434,38439,38399,46891
2025-06-16 9:00,38543,38538,38587,38493,178844
2025-06-16 9:05,38632,38548,38676,38488,325407
2025-06-16 9:10,38607,38642,38696,38582,228007
2025-06-16 9:15,38459,38597,38656,38454,337504
2025-06-16 9:20,38449,38459,38469,38390,345630
2025-06-16 9:25,38345,38444,38459,38345,236524
2025-06-16 9:30,38355,38340,38380,38286,207829
2025-06-16 9:35,38439,38355,38474,38320,154795
2025-06-16 9:40,38459,38429,38478,38424,105871
2025-06-16 9:45,38478,38454,38498,38424,103371
2025-06-16 9:50,38404,38483,38498,38390,78807
2025-06-16 9:55,38404,38404,38414,38370,94322
2025-06-16 10:00,38424,38404,38434,38370,60645
2025-06-16 10:05,38488,38429,38493,38419,72694
2025-06-16 10:10,38503,38483,38508,38419,113052
2025-06-16 10:15,38483,38498,38548,38478,101107
2025-06-16 10:20,38449,38478,38488,38429,76684
2025-06-16 10:25,38459,38449,38503,38439,33295
2025-06-16 10:30,38429,38454,38469,38394,120088
2025-06-16 10:35,38488,38434,38503,38429,90052
2025-06-16 10:40,38493,38478,38523,38464,36101
2025-06-16 10:45,38572,38493,38587,38488,176789
2025-06-16 10:50,38592,38567,38602,38543,126980
2025-06-16 10:55,38627,38597,38627,38577,127436
2025-06-16 11:00,38607,38622,38622,38562,56282
2025-06-16 11:05,38651,38612,38651,38587,58578
2025-06-16 11:10,38587,38651,38656,38572,66198
2025-06-16 11:15,38602,38582,38602,38558,46967
2025-06-16 11:20,38617,38602,38637,38592,102916
2025-06-16 11:25,38622,38617,38632,38612,49303
2025-06-16 11:30,38607,38622,38627,38577,67259
2025-06-16 11:35,38592,38607,38617,38587,24824
2025-06-16 11:40,38602,38592,38612,38577,96421
2025-06-16 11:45,38656,38602,38671,38602,43724
2025-06-16 11:50,38661,38651,38686,38642,63371
2025-06-16 11:55,38661,38661,38676,38646,22728
2025-06-16 12:00,38637,38661,38681,38617,29041
2025-06-16 12:05,38642,38637,38651,38622,31116
2025-06-16 12:10,38661,38646,38676,38632,41570
2025-06-16 12:15,38666,38661,38676,38646,16761
2025-06-16 12:20,38686,38666,38691,38656,59360
2025-06-16 12:25,38716,38681,38721,38681,45741
2025-06-16 12:30,38676,38711,38711,38676,30880
2025-06-16 12:35,38666,38686,38691,38651,42761
2025-06-16 12:40,38656,38661,38686,38646,31858
2025-06-16 12:45,38676,38646,38681,38642,17032
2025-06-16 12:50,38686,38676,38691,38666,17578
2025-06-16 12:55,38686,38686,38696,38676,23843
2025-06-16 13:00,38686,38681,38691,38666,16223
2025-06-16 13:05,38706,38686,38711,38676,33401
2025-06-16 13:10,38730,38711,38735,38696,60389
2025-06-16 13:15,38721,38726,38740,38711,55607
2025-06-16 13:20,38726,38716,38730,38706,35166
2025-06-16 13:25,38735,38726,38750,38706,48763
2025-06-16 13:30,38721,38730,38735,38716,94194
2025-06-16 13:35,38706,38716,38730,38691,31823
2025-06-16 13:40,38740,38701,38745,38696,70234
2025-06-16 13:45,38750,38740,38750,38726,32574
2025-06-16 13:50,38795,38745,38800,38735,58722
2025-06-16 13:55,38810,38795,38814,38780,140583
2025-06-16 14:00,38805,38810,38819,38795,56260
2025-06-16 14:05,38859,38805,38859,38795,57536
2025-06-16 14:10,38884,38849,38893,38849,54156
2025-06-16 14:15,38864,38884,38903,38849,49092
2025-06-16 14:20,38884,38874,38893,38854,44924
2025-06-16 14:25,38889,38889,38908,38874,50343
2025-06-16 14:30,38889,38889,38898,38869,38376
2025-06-16 14:35,38898,38889,38903,38874,33523
2025-06-16 14:40,38933,38893,38948,38889,92613
2025-06-16 14:45,38908,38928,38933,38893,56647
2025-06-16 14:50,38948,38903,38948,38884,129758
2025-06-16 14:55,39002,38943,39002,38938,95709
2025-06-16 15:00,39032,39002,39032,38982,177327
2025-06-16 15:05,39047,39032,39057,39007,276938
2025-06-16 15:10,39047,39052,39052,39012,200833
2025-06-16 15:15,39096,39042,39145,39032,354930
2025-06-16 15:20,39126,39086,39131,39076,164201
2025-06-17 9:00,39229,39249,39259,39205,139119
2025-06-17 9:05,39244,39229,39279,39076,539162
2025-06-17 9:10,39417,39244,39422,39150,487192
2025-06-17 9:15,39536,39417,39560,39393,648517
2025-06-17 9:20,39496,39531,39615,39491,378208
2025-06-17 9:25,39556,39496,39580,39472,192405
2025-06-17 9:30,39788,39556,39788,39496,358101
2025-06-17 9:35,39763,39788,39832,39714,268398
2025-06-17 9:40,39852,39758,39901,39753,272672
2025-06-17 9:45,39788,39857,39916,39783,171601
2025-06-17 9:50,39773,39788,39852,39753,200104
2025-06-17 9:55,39753,39773,39783,39704,110205
2025-06-17 10:00,39862,39758,39862,39738,98144
2025-06-17 10:05,39911,39862,39936,39827,165425
2025-06-17 10:10,39640,39901,39911,39620,223721
2025-06-17 10:15,39625,39640,39664,39575,103940
2025-06-17 10:20,39501,39620,39620,39496,161190
2025-06-17 10:25,39506,39511,39565,39477,115201
2025-06-17 10:30,39580,39511,39640,39496,103756
2025-06-17 10:35,39536,39580,39625,39536,133647
2025-06-17 10:40,39654,39536,39654,39536,159361
2025-06-17 10:45,39570,39649,39649,39570,44115
2025-06-17 10:50,39560,39567,39630,39560,36621
2025-06-17 10:55,39605,39560,39615,39546,40177
2025-06-17 11:00,39556,39605,39620,39516,47191
2025-06-17 11:05,39486,39551,39580,39477,83616
2025-06-17 11:10,39496,39488,39531,39447,74852
2025-06-17 11:15,39496,39496,39516,39462,40771
2025-06-17 11:20,39378,39501,39516,39373,142274
2025-06-17 11:25,39397,39373,39422,39348,109380
2025-06-17 11:30,39289,39407,39407,39284,96405
2025-06-17 11:35,39304,39289,39313,39269,72130
2025-06-17 11:40,39323,39299,39328,39279,79526
2025-06-17 11:45,39338,39333,39383,39313,92207
2025-06-17 11:50,39373,39338,39407,39328,61199
2025-06-17 11:55,39422,39373,39457,39373,82541
2025-06-17 12:00,39481,39422,39491,39402,150129
2025-06-17 12:05,39373,39491,39491,39358,36332
2025-06-17 12:10,39422,39388,39452,39378,63865
2025-06-17 12:15,39368,39417,39427,39358,40557
2025-06-17 12:20,39343,39368,39368,39323,49534
2025-06-17 12:25,39338,39333,39348,39323,39603
2025-06-17 12:30,39318,39338,39363,39304,28897
2025-06-17 12:35,39358,39313,39358,39304,33955
2025-06-17 12:40,39333,39358,39393,39318,41419
2025-06-17 12:45,39279,39333,39358,39274,52180
2025-06-17 12:50,39323,39289,39343,39284,24683
2025-06-17 12:55,39343,39318,39368,39304,19036
2025-06-17 13:00,39304,39348,39348,39281,61336
2025-06-17 13:05,39299,39309,39338,39284,47012
2025-06-17 13:10,39249,39299,39313,39239,60206
2025-06-17 13:15,39150,39249,39264,39150,128418
2025-06-17 13:20,39165,39150,39215,39150,68710
2025-06-17 13:25,39061,39170,39175,39057,190554
2025-06-17 13:30,39057,39061,39091,39017,164968
2025-06-17 13:35,39037,39052,39057,38953,103538
2025-06-17 13:40,39057,39037,39081,39017,72940
2025-06-17 13:45,39091,39047,39116,39037,122407
2025-06-17 13:50,39091,39086,39111,39032,45947
2025-06-17 13:55,39177,39091,39185,39081,63732
2025-06-17 14:00,39136,39180,39195,39123,80953
2025-06-17 14:05,39141,39131,39175,39126,38797
2025-06-17 14:10,39165,39141,39175,39101,57985
2025-06-17 14:15,39195,39170,39205,39155,47701
2025-06-17 14:20,39145,39195,39200,39116,92190
2025-06-17 14:25,39155,39155,39175,39106,34078
2025-06-17 14:30,39175,39160,39215,39155,30857
2025-06-17 14:35,39111,39177,39195,39106,68184
2025-06-17 14:40,39145,39106,39180,39101,50530
2025-06-17 14:45,39170,39150,39185,39141,56832
2025-06-17 14:50,39068,39160,39175,39061,82484
2025-06-17 14:55,39091,39071,39131,39071,26051
2025-06-17 15:00,39071,39091,39121,39071,80542
2025-06-17 15:05,39106,39076,39131,39071,174338
2025-06-17 15:10,39170,39101,39170,39091,48756
2025-06-17 15:15,39175,39170,39200,39150,61160
2025-06-17 15:20,39210,39175,39220,39165,61962
2025-06-18 9:00,39022,38938,39027,38923,67562
2025-06-18 9:05,38928,39022,39101,38913,640941
2025-06-18 9:10,39195,38933,39200,38923,549404
2025-06-18 9:15,39057,39195,39200,39052,288124
2025-06-18 9:20,39274,39057,39274,39047,363145
2025-06-18 9:25,39299,39274,39328,39264,260462
2025-06-18 9:30,39358,39294,39378,39254,156787
2025-06-18 9:35,39353,39363,39393,39294,184733
2025-06-18 9:40,39348,39358,39437,39338,117554
2025-06-18 9:45,39279,39348,39348,39279,105721
2025-06-18 9:50,39259,39279,39294,39220,117597
2025-06-18 9:55,39328,39249,39358,39249,61923
2025-06-18 10:00,39279,39328,39343,39239,61977
2025-06-18 10:05,39442,39284,39452,39279,190390
2025-06-18 10:10,39388,39442,39447,39353,134005
2025-06-18 10:15,39452,39397,39472,39393,67859
2025-06-18 10:20,39536,39447,39546,39432,210735
2025-06-18 10:25,39506,39541,39595,39491,193229
2025-06-18 10:30,39526,39506,39536,39472,113010
2025-06-18 10:35,39575,39521,39580,39516,145983
2025-06-18 10:40,39610,39580,39630,39546,184423
2025-06-18 10:45,39585,39605,39630,39575,221851
2025-06-18 10:50,39546,39585,39595,39516,114182
2025-06-18 10:55,39546,39546,39560,39496,116864
2025-06-18 11:00,39472,39546,39551,39467,96144
2025-06-18 11:05,39442,39462,39496,39432,68936
2025-06-18 11:10,39521,39437,39531,39437,81830
2025-06-18 11:15,39536,39521,39541,39501,77950
2025-06-18 11:20,39560,39536,39580,39536,52284
2025-06-18 11:25,39560,39556,39590,39541,64575
2025-06-18 11:30,39595,39556,39595,39556,26034
2025-06-18 11:35,39565,39595,39605,39546,34043
2025-06-18 11:40,39595,39565,39602,39565,27198
2025-06-18 11:45,39684,39600,39694,39595,163792
2025-06-18 11:50,39654,39689,39699,39635,75951
2025-06-18 11:55,39580,39649,39659,39580,44406
2025-06-18 12:00,39536,39595,39595,39516,109908
2025-06-18 12:05,39496,39536,39546,39477,37330
2025-06-18 12:10,39506,39496,39526,39477,30415
2025-06-18 12:15,39491,39496,39506,39462,57253
2025-06-18 12:20,39452,39491,39496,39452,29565
2025-06-18 12:25,39472,39452,39516,39452,23459
2025-06-18 12:30,39486,39472,39501,39467,28770
2025-06-18 12:35,39472,39486,39516,39452,46965
2025-06-18 12:40,39432,39467,39477,39417,68273
2025-06-18 12:45,39486,39427,39491,39427,35415
2025-06-18 12:50,39501,39486,39506,39481,39000
2025-06-18 12:55,39477,39501,39511,39472,40610
2025-06-18 13:00,39427,39477,39477,39427,31849
2025-06-18 13:05,39447,39432,39452,39397,40129
2025-06-18 13:10,39486,39442,39496,39437,39932
2025-06-18 13:15,39486,39486,39496,39472,25985
2025-06-18 13:20,39467,39491,39496,39467,139847
2025-06-18 13:25,39353,39467,39467,39318,317152
2025-06-18 13:30,39309,39348,39368,39294,54256
2025-06-18 13:35,39348,39309,39368,39304,22960
2025-06-18 13:40,39407,39343,39412,39343,42022
2025-06-18 13:45,39481,39402,39481,39383,359212
2025-06-18 13:50,39491,39481,39501,39467,79450
2025-06-18 13:55,39486,39491,39511,39472,53905
2025-06-18 14:00,39496,39486,39501,39467,30113
2025-06-18 14:05,39511,39496,39536,39496,71743
2025-06-18 14:10,39501,39506,39511,39481,47247
2025-06-18 14:15,39501,39501,39531,39481,70646
2025-06-18 14:20,39491,39506,39516,39481,60405
2025-06-18 14:25,39506,39491,39511,39486,31408
2025-06-18 14:30,39467,39501,39506,39462,37833
2025-06-18 14:35,39467,39469,39496,39452,79501
2025-06-18 14:40,39496,39467,39506,39462,49464
2025-06-18 14:45,39481,39496,39496,39472,43561
2025-06-18 14:50,39437,39481,39491,39422,116953
2025-06-18 14:55,39472,39437,39491,39437,84931
2025-06-18 15:00,39477,39472,39486,39452,78497
2025-06-18 15:05,39506,39477,39526,39467,102724
2025-06-18 15:10,39511,39501,39531,39491,101891
2025-06-18 15:15,39526,39516,39546,39506,251445
2025-06-18 15:20,39541,39531,39541,39516,86017
2025-06-19 9:00,39822,39798,39867,39798,114942
2025-06-19 9:05,39778,39817,39916,39753,324767
2025-06-19 9:10,39506,39788,39793,39496,804065
2025-06-19 9:15,39462,39506,39531,39402,428600
2025-06-19 9:20,39397,39467,39477,39363,246125
2025-06-19 9:25,39412,39393,39506,39383,196359
2025-06-19 9:30,39457,39407,39467,39407,188293
2025-06-19 9:35,39477,39457,39516,39447,100612
2025-06-19 9:40,39570,39481,39595,39472,85538
2025-06-19 9:45,39496,39570,39570,39472,117243
2025-06-19 9:50,39432,39496,39536,39422,81519
2025-06-19 9:55,39472,39437,39491,39422,135202
2025-06-19 10:00,39447,39467,39521,39432,86028
2025-06-19 10:05,39348,39442,39452,39304,384024
2025-06-19 10:10,39373,39348,39393,39318,87905
2025-06-19 10:15,39368,39378,39397,39338,194619
2025-06-19 10:20,39343,39368,39373,39284,72909
2025-06-19 10:25,39388,39343,39407,39328,118580
2025-06-19 10:30,39452,39393,39452,39363,81415
2025-06-19 10:35,39432,39452,39477,39417,95477
2025-06-19 10:40,39397,39432,39447,39378,46432
2025-06-19 10:45,39378,39402,39427,39338,52915
2025-06-19 10:50,39402,39388,39427,39363,40329
2025-06-19 10:55,39402,39412,39447,39393,35073
2025-06-19 11:00,39373,39407,39417,39373,37043
2025-06-19 11:05,39397,39378,39407,39353,87451
2025-06-19 11:10,39373,39397,39397,39348,213787
2025-06-19 11:15,39353,39378,39388,39318,77965
2025-06-19 11:20,39368,39353,39368,39343,52386
2025-06-19 11:25,39328,39368,39373,39318,80659
2025-06-19 11:30,39338,39333,39348,39318,39928
2025-06-19 11:35,39378,39343,39393,39328,87618
2025-06-19 11:40,39378,39378,39383,39348,85811
2025-06-19 11:45,39368,39383,39402,39358,55726
2025-06-19 11:50,39348,39368,39378,39338,34110
2025-06-19 11:55,39333,39353,39358,39323,50052
2025-06-19 12:00,39363,39338,39378,39323,25895
2025-06-19 12:05,39442,39368,39447,39368,79112
2025-06-19 12:10,39412,39437,39447,39412,34597
2025-06-19 12:15,39442,39422,39447,39417,31346
2025-06-19 12:20,39447,39437,39452,39427,23553
2025-06-19 12:25,39442,39442,39462,39442,23903
2025-06-19 12:30,39437,39447,39452,39427,20710
2025-06-19 12:35,39417,39432,39452,39417,25324
2025-06-19 12:40,39417,39422,39422,39393,28499
2025-06-19 12:45,39442,39422,39452,39412,29453
2025-06-19 12:50,39447,39442,39477,39437,80189
2025-06-19 12:55,39496,39447,39511,39442,116199
2025-06-19 13:00,39521,39501,39536,39491,54904
2025-06-19 13:05,39496,39521,39546,39496,38823
2025-06-19 13:10,39467,39496,39496,39457,94142
2025-06-19 13:15,39511,39467,39516,39457,45451
2025-06-19 13:20,39486,39506,39521,39477,46452
2025-06-19 13:25,39467,39481,39496,39467,33203
2025-06-19 13:30,39486,39472,39491,39457,45230
2025-06-19 13:35,39506,39486,39511,39481,120878
2025-06-19 13:40,39511,39506,39511,39491,115095
2025-06-19 13:45,39570,39506,39575,39486,181299
2025-06-19 13:50,39526,39565,39580,39511,104549
2025-06-19 13:55,39526,39521,39541,39496,40046
2025-06-19 14:00,39516,39531,39531,39496,45703
2025-06-19 14:05,39506,39516,39531,39501,32406
2025-06-19 14:10,39477,39506,39526,39467,37705
2025-06-19 14:15,39472,39477,39481,39447,32468
2025-06-19 14:20,39481,39472,39491,39467,30191
2025-06-19 14:25,39511,39477,39516,39477,27308
2025-06-19 14:30,39501,39511,39526,39481,39778
2025-06-19 14:35,39516,39501,39516,39486,17881
2025-06-19 14:40,39556,39516,39556,39501,56603
2025-06-19 14:45,39605,39560,39615,39541,86979
2025-06-19 14:50,39560,39600,39610,39546,31311
2025-06-19 14:55,39565,39560,39570,39551,21296
2025-06-19 15:00,39570,39565,39580,39551,53544
2025-06-19 15:05,39605,39565,39610,39560,143215
2025-06-19 15:10,39585,39600,39610,39560,106734
2025-06-19 15:15,39615,39585,39615,39575,65918
2025-06-19 15:20,39610,39615,39625,39605,35761
2025-06-20 9:00,39684,39768,39798,39649,114655
2025-06-20 9:05,39714,39674,39753,39590,450517
2025-06-20 9:10,39817,39709,39872,39664,381784
2025-06-20 9:15,39709,39812,39822,39699,131952
2025-06-20 9:20,39724,39704,39748,39669,77338
2025-06-20 9:25,39580,39724,39753,39565,130303
2025-06-20 9:30,39659,39575,39669,39575,119700
2025-06-20 9:35,39659,39654,39714,39605,98556
2025-06-20 9:40,39679,39659,39699,39630,42558
2025-06-20 9:45,39753,39679,39793,39674,141270
2025-06-20 9:50,39753,39753,39808,39733,136889
2025-06-20 9:55,39798,39753,39798,39733,77538
2025-06-20 10:00,39788,39803,39827,39783,135029
2025-06-20 10:05,39896,39793,39896,39783,186132
2025-06-20 10:10,39768,39892,39906,39768,75536
2025-06-20 10:15,39822,39778,39827,39748,54239
2025-06-20 10:20,39852,39827,39896,39817,52474
2025-06-20 10:25,39822,39847,39867,39783,38868
2025-06-20 10:30,39812,39822,39842,39793,43490
2025-06-20 10:35,39788,39810,39857,39783,50406
2025-06-20 10:40,39857,39783,39867,39783,67035
2025-06-20 10:45,39872,39862,39921,39842,89128
2025-06-20 10:50,39882,39872,39887,39832,40226
2025-06-20 10:55,39951,39877,39961,39877,146513
2025-06-20 11:00,39961,39951,39976,39936,146757
2025-06-20 11:05,39961,39961,39985,39946,92225
2025-06-20 11:10,40025,39971,40045,39966,235157
2025-06-20 11:15,40040,40030,40084,40030,211230
2025-06-20 11:20,40060,40045,40079,40030,88947
2025-06-20 11:25,40025,40060,40074,40025,82506
2025-06-20 11:30,40055,40030,40060,40015,86997
2025-06-20 11:35,40069,40060,40069,40040,55010
2025-06-20 11:40,40020,40064,40069,40020,40488
2025-06-20 11:45,40010,40025,40045,39985,74026
2025-06-20 11:50,40030,40005,40040,40000,68302
2025-06-20 11:55,40005,40035,40040,39990,43459
2025-06-20 12:00,40030,40005,40035,39995,41449
2025-06-20 12:05,40025,40035,40045,40010,27724
2025-06-20 12:10,40045,40025,40055,40020,52786
2025-06-20 12:15,40060,40045,40074,40035,55961
2025-06-20 12:20,40089,40060,40094,40020,78139
2025-06-20 12:25,40089,40084,40094,40069,35581
2025-06-20 12:30,40099,40086,40109,40079,42182
2025-06-20 12:35,40144,40094,40148,40094,74199
2025-06-20 12:40,40124,40139,40153,40114,167207
2025-06-20 12:45,40104,40124,40129,40089,74217
2025-06-20 12:50,40124,40104,40129,40099,82608
2025-06-20 12:55,40129,40129,40139,40109,76542
2025-06-20 13:00,40119,40124,40134,40099,96729
2025-06-20 13:05,40144,40119,40148,40119,67745
2025-06-20 13:10,40153,40144,40158,40104,70356
2025-06-20 13:15,40153,40158,40183,40124,100970
2025-06-20 13:20,40173,40158,40173,40134,50939
2025-06-20 13:25,40144,40168,40183,40144,75071
2025-06-20 13:30,40114,40148,40148,40109,73168
2025-06-20 13:35,40119,40114,40144,40109,60875
2025-06-20 13:40,40094,40114,40119,40069,271815
2025-06-20 13:45,40074,40094,40104,40064,51400
2025-06-20 13:50,40084,40074,40104,40060,59343
2025-06-20 13:55,40094,40084,40099,40074,37387
2025-06-20 14:00,40094,40089,40094,40064,67971
2025-06-20 14:05,40069,40089,40109,40060,156812
2025-06-20 14:10,40074,40069,40079,40045,269415
2025-06-20 14:15,40050,40074,40079,40040,53681
2025-06-20 14:20,40094,40050,40099,40045,213559
2025-06-20 14:25,40069,40094,40099,40069,153513
2025-06-20 14:30,40064,40069,40079,40060,166635
2025-06-20 14:35,40069,40074,40079,40050,215892
2025-06-20 14:40,40089,40069,40094,40064,308082
2025-06-20 14:45,40129,40089,40134,40079,201781
2025-06-20 14:50,40114,40124,40134,40099,131932
2025-06-20 14:55,40129,40114,40139,40099,161614
2025-06-20 15:00,40124,40124,40134,40109,282650
2025-06-20 15:05,40119,40124,40139,40099,208853
2025-06-20 15:10,40168,40119,40168,40094,532077
2025-06-20 15:15,40134,40158,40168,40134,215188
2025-06-20 15:20,40139,40139,40144,40124,370230
2025-06-23 9:00,39768,39783,39783,39728,144350
2025-06-23 9:05,39724,39768,39812,39709,337390
2025-06-23 9:10,39724,39738,39812,39684,356343
2025-06-23 9:15,39615,39719,39733,39575,411423
2025-06-23 9:20,39595,39615,39635,39560,357618
2025-06-23 9:25,39417,39585,39585,39412,565478
2025-06-23 9:30,39506,39422,39526,39422,213125
2025-06-23 9:35,39590,39506,39620,39457,226888
2025-06-23 9:40,39620,39595,39649,39570,276267
2025-06-23 9:45,39635,39620,39659,39610,131604
2025-06-23 9:50,39659,39635,39679,39605,134023
2025-06-23 9:55,39704,39659,39714,39610,193348
2025-06-23 10:00,39684,39709,39714,39664,139831
2025-06-23 10:05,39684,39684,39743,39679,140507
2025-06-23 10:10,39728,39679,39728,39659,56156
2025-06-23 10:15,39704,39724,39753,39694,124458
2025-06-23 10:20,39622,39699,39699,39620,327620
2025-06-23 10:25,39679,39622,39679,39610,177002
2025-06-23 10:30,39699,39679,39716,39659,107679
2025-06-23 10:35,39803,39699,39812,39684,144345
2025-06-23 10:40,39837,39803,39852,39783,146350
2025-06-23 10:45,39837,39842,39882,39817,89928
2025-06-23 10:50,39877,39832,39877,39832,54717
2025-06-23 10:55,39867,39867,39882,39832,118546
2025-06-23 11:00,39896,39872,39901,39803,194110
2025-06-23 11:05,39869,39896,39921,39862,85895
2025-06-23 11:10,39916,39869,39931,39857,66300
2025-06-23 11:15,39911,39916,39936,39887,59826
2025-06-23 11:20,39921,39911,39941,39892,68731
2025-06-23 11:25,39872,39921,39931,39872,63735
2025-06-23 11:30,39911,39872,39931,39867,51524
2025-06-23 11:35,39887,39906,39911,39862,53390
2025-06-23 11:40,39906,39882,39921,39867,40554
2025-06-23 11:45,39842,39906,39911,39827,45018
2025-06-23 11:50,39857,39837,39877,39827,56534
2025-06-23 11:55,39882,39847,39901,39847,38683
2025-06-23 12:00,39892,39882,39911,39857,48708
2025-06-23 12:05,39892,39892,39896,39867,86743
2025-06-23 12:10,39867,39896,39896,39867,47020
2025-06-23 12:15,39827,39867,39877,39812,120377
2025-06-23 12:20,39842,39827,39852,39817,70691
2025-06-23 12:25,39783,39837,39837,39783,111687
2025-06-23 12:30,39822,39783,39827,39778,57106
2025-06-23 12:35,39906,39827,39911,39822,316644
2025-06-23 12:40,39956,39901,39961,39901,236444
2025-06-23 12:45,39961,39956,40000,39951,253530
2025-06-23 12:50,39976,39961,39990,39956,147672
2025-06-23 12:55,39995,39976,39995,39961,35804
2025-06-23 13:00,39990,39990,40010,39976,95359
2025-06-23 13:05,39990,39990,40010,39980,126219
2025-06-23 13:10,39985,39990,40000,39976,86465
2025-06-23 13:15,39995,39985,40010,39976,99034
2025-06-23 13:20,40035,39995,40035,39990,72505
2025-06-23 13:25,40020,40035,40040,40015,43093
2025-06-23 13:30,39961,40015,40020,39961,71294
2025-06-23 13:35,39956,39971,39980,39951,87668
2025-06-23 13:40,39971,39956,39980,39951,100294
2025-06-23 13:45,39956,39966,39980,39951,26947
2025-06-23 13:50,39985,39956,39995,39946,66013
2025-06-23 13:55,39990,39995,40000,39976,23705
2025-06-23 14:00,40002,39995,40010,39976,26417
2025-06-23 14:05,40060,40005,40074,40000,41337
2025-06-23 14:10,40084,40060,40089,40040,36097
2025-06-23 14:15,40084,40079,40089,40064,38034
2025-06-23 14:20,40069,40084,40114,40060,107004
2025-06-23 14:25,40045,40061,40064,40035,33012
2025-06-23 14:30,40055,40045,40069,40045,16691
2025-06-23 14:35,40020,40060,40074,40020,56608
2025-06-23 14:40,40064,40020,40064,40020,67615
2025-06-23 14:45,40104,40064,40119,40055,59041
2025-06-23 14:50,40079,40104,40134,40074,52130
2025-06-23 14:55,40148,40079,40148,40074,73850
2025-06-23 15:00,40163,40144,40163,40119,40386
2025-06-23 15:05,40139,40158,40178,40139,70581
2025-06-23 15:10,40129,40139,40148,40114,52960
2025-06-23 15:15,40134,40129,40139,40109,65928
2025-06-23 15:20,40109,40124,40134,40099,92091
2025-06-24 9:00,40845,40736,40860,40736,579578
2025-06-24 9:05,40998,40855,40998,40825,788229
2025-06-24 9:10,40998,40993,41033,40914,380651
2025-06-24 9:15,40978,40998,41062,40964,396976
2025-06-24 9:20,40983,40988,41048,40914,389810
2025-06-24 9:25,41137,40988,41146,40944,385235
2025-06-24 9:30,41161,41142,41176,41092,349286
2025-06-24 9:35,41181,41161,41230,41156,302419
2025-06-24 9:40,41156,41186,41230,41122,180612
2025-06-24 9:45,41171,41151,41206,41137,103080
2025-06-24 9:50,41146,41171,41191,41107,177104
2025-06-24 9:55,41191,41146,41206,41127,113769
2025-06-24 10:00,41176,41186,41201,41156,91768
2025-06-24 10:05,41240,41181,41255,41151,230106
2025-06-24 10:10,41245,41240,41250,41211,64453
2025-06-24 10:15,41275,41245,41275,41240,126646
2025-06-24 10:20,41305,41275,41319,41260,149040
2025-06-24 10:25,41344,41305,41364,41295,145516
2025-06-24 10:30,41389,41354,41394,41344,123225
2025-06-24 10:35,41384,41384,41389,41329,149615
2025-06-24 10:40,41423,41384,41433,41359,139549
2025-06-24 10:45,41349,41423,41438,41329,90719
2025-06-24 10:50,41354,41359,41384,41329,72118
2025-06-24 10:55,41374,41364,41384,41349,36890
2025-06-24 11:00,41369,41364,41379,41344,42313
2025-06-24 11:05,41324,41374,41384,41324,120857
2025-06-24 11:10,41235,41324,41324,41186,151108
2025-06-24 11:15,41270,41235,41280,41235,57450
2025-06-24 11:20,41107,41270,41270,41102,313379
2025-06-24 11:25,41112,41107,41166,41097,110423
2025-06-24 11:30,41186,41107,41191,41097,41445
2025-06-24 11:35,41250,41191,41250,41176,105514
2025-06-24 11:40,41226,41245,41265,41226,72110
2025-06-24 11:45,41230,41226,41250,41206,52095
2025-06-24 11:50,41255,41230,41265,41226,56089
2025-06-24 11:55,41265,41250,41275,41230,54741
2025-06-24 12:00,41329,41265,41334,41250,63078
2025-06-24 12:05,41334,41326,41334,41314,27630
2025-06-24 12:10,41394,41339,41408,41334,67445
2025-06-24 12:15,41428,41394,41428,41364,73825
2025-06-24 12:20,41443,41428,41448,41408,69759
2025-06-24 12:25,41443,41443,41448,41413,48772
2025-06-24 12:30,41433,41443,41473,41403,64448
2025-06-24 12:35,41413,41433,41448,41413,36833
2025-06-24 12:40,41369,41418,41418,41369,39556
2025-06-24 12:45,41379,41379,41403,41369,39013
2025-06-24 12:50,41384,41379,41398,41359,30805
2025-06-24 12:55,41374,41384,41398,41359,56995
2025-06-24 13:00,41384,41374,41394,41364,34153
2025-06-24 13:05,41398,41379,41433,41379,57304
2025-06-24 13:10,41344,41403,41413,41344,90011
2025-06-24 13:15,41290,41349,41349,41250,238943
2025-06-24 13:20,41270,41290,41290,41230,116569
2025-06-24 13:25,41275,41280,41300,41240,80144
2025-06-24 13:30,41280,41275,41300,41270,26051
2025-06-24 13:35,41305,41280,41319,41275,48153
2025-06-24 13:40,41319,41310,41329,41305,44057
2025-06-24 13:45,41334,41324,41344,41310,143927
2025-06-24 13:50,41369,41339,41379,41329,64993
2025-06-24 13:55,41369,41374,41394,41349,37619
2025-06-24 14:00,41354,41374,41389,41339,42388
2025-06-24 14:05,41374,41354,41379,41344,28689
2025-06-24 14:10,41384,41374,41413,41374,66140
2025-06-24 14:15,41379,41384,41403,41369,62523
2025-06-24 14:20,41379,41374,41398,41364,49063
2025-06-24 14:25,41359,41384,41384,41349,79304
2025-06-24 14:30,41369,41359,41379,41344,86496
2025-06-24 14:35,41379,41364,41398,41354,97019
2025-06-24 14:40,41403,41379,41408,41374,76931
2025-06-24 14:45,41394,41403,41428,41394,89721
2025-06-24 14:50,41389,41394,41403,41374,39259
2025-06-24 14:55,41329,41389,41389,41324,76797
2025-06-24 15:00,41384,41329,41389,41319,117804
2025-06-24 15:05,41403,41384,41418,41384,122345
2025-06-24 15:10,41428,41403,41428,41389,39063
2025-06-24 15:15,41438,41423,41458,41403,62737
2025-06-24 15:20,41448,41443,41453,41428,138780
2025-06-25 9:00,41779,41725,41784,41725,180878
2025-06-25 9:05,41660,41774,41878,41631,768862
2025-06-25 9:10,41463,41660,41660,41438,755503
2025-06-25 9:15,41473,41463,41502,41324,369613
2025-06-25 9:20,41497,41473,41552,41423,158563
2025-06-25 9:25,41349,41487,41552,41349,238701
2025-06-25 9:30,41245,41354,41354,41211,321772
2025-06-25 9:35,41403,41245,41443,41211,339224
2025-06-25 9:40,41448,41403,41473,41369,245731
2025-06-25 9:45,41478,41448,41502,41428,376816
2025-06-25 9:50,41537,41482,41537,41473,259237
2025-06-25 9:55,41591,41542,41631,41522,254442
2025-06-25 10:00,41552,41591,41601,41532,303972
2025-06-25 10:05,41616,41552,41636,41547,174496
2025-06-25 10:10,41611,41621,41690,41571,153980
2025-06-25 10:15,41665,41606,41670,41566,121519
2025-06-25 10:20,41680,41665,41685,41601,103432
2025-06-25 10:25,41675,41680,41680,41636,108004
2025-06-25 10:30,41611,41665,41700,41596,181149
2025-06-25 10:35,41542,41611,41631,41532,199161
2025-06-25 10:40,41581,41542,41601,41537,94646
2025-06-25 10:45,41576,41586,41606,41547,95340
2025-06-25 10:50,41507,41581,41591,41492,254964
2025-06-25 10:55,41517,41512,41527,41468,170678
2025-06-25 11:00,41596,41517,41601,41512,92250
2025-06-25 11:05,41626,41596,41645,41581,81464
2025-06-25 11:10,41650,41631,41660,41616,56019
2025-06-25 11:15,41641,41655,41660,41621,35769
2025-06-25 11:20,41621,41636,41650,41606,82631
2025-06-25 11:25,41571,41621,41641,41527,129041
2025-06-25 11:30,41552,41576,41581,41512,45734
2025-06-25 11:35,41497,41547,41557,41497,49636
2025-06-25 11:40,41537,41497,41576,41497,34810
2025-06-25 11:45,41517,41537,41547,41512,36305
2025-06-25 11:50,41517,41517,41532,41502,49473
2025-06-25 11:55,41482,41517,41527,41443,267695
2025-06-25 12:00,41468,41478,41507,41458,25831
2025-06-25 12:05,41492,41463,41502,41433,84430
2025-06-25 12:10,41413,41487,41492,41408,116924
2025-06-25 12:15,41443,41413,41443,41398,105958
2025-06-25 12:20,41487,41440,41497,41433,52745
2025-06-25 12:25,41502,41482,41502,41473,61239
2025-06-25 12:30,41487,41497,41517,41487,140474
2025-06-25 12:35,41512,41487,41527,41482,193561
2025-06-25 12:40,41517,41512,41542,41497,68499
2025-06-25 12:45,41492,41517,41527,41487,67272
2025-06-25 12:50,41448,41497,41502,41438,187568
2025-06-25 12:55,41478,41443,41482,41433,73581
2025-06-25 13:00,41403,41473,41478,41394,228963
2025-06-25 13:05,41339,41403,41408,41329,160074
2025-06-25 13:10,41369,41339,41394,41329,89583
2025-06-25 13:15,41349,41379,41394,41344,176526
2025-06-25 13:20,41369,41354,41389,41344,62889
2025-06-25 13:25,41428,41369,41433,41369,48230
2025-06-25 13:30,41413,41428,41438,41408,40457
2025-06-25 13:35,41423,41413,41438,41408,86358
2025-06-25 13:40,41433,41423,41438,41398,62441
2025-06-25 13:45,41398,41430,41430,41359,129146
2025-06-25 13:50,41428,41389,41433,41374,79894
2025-06-25 13:55,41468,41423,41478,41423,118254
2025-06-25 14:00,41478,41473,41497,41453,71884
2025-06-25 14:05,41484,41487,41527,41463,83863
2025-06-25 14:10,41473,41484,41497,41468,133799
2025-06-25 14:15,41512,41473,41557,41463,121847
2025-06-25 14:20,41542,41512,41552,41482,86660
2025-06-25 14:25,41557,41552,41557,41522,74255
2025-06-25 14:30,41596,41552,41611,41537,82515
2025-06-25 14:35,41641,41596,41650,41591,105703
2025-06-25 14:40,41641,41641,41680,41606,109075
2025-06-25 14:45,41611,41641,41645,41611,55563
2025-06-25 14:50,41621,41611,41650,41591,121645
2025-06-25 14:55,41581,41616,41626,41557,88692
2025-06-25 15:00,41591,41586,41611,41576,57505
2025-06-25 15:05,41616,41596,41621,41591,95806
2025-06-25 15:10,41621,41606,41636,41591,105081
2025-06-25 15:15,41596,41621,41631,41586,107572
2025-06-25 15:20,41606,41596,41611,41586,75246
2025-06-26 9:00,41631,41571,41645,41522,157235
2025-06-26 9:05,41453,41631,41675,41453,330713
2025-06-26 9:10,41527,41453,41532,41443,171622
2025-06-26 9:15,41433,41527,41576,41408,195783
2025-06-26 9:20,41354,41428,41433,41339,268018
2025-06-26 9:25,41295,41359,41359,41260,242582
2025-06-26 9:30,41473,41300,41497,41300,247765
2025-06-26 9:35,41433,41473,41497,41413,459276
2025-06-26 9:40,41314,41438,41443,41260,362387
2025-06-26 9:45,41305,41310,41369,41265,212358
2025-06-26 9:50,41319,41305,41339,41240,231079
2025-06-26 9:55,41285,41324,41349,41280,60158
2025-06-26 10:00,41354,41280,41369,41240,214849
2025-06-26 10:05,41260,41349,41354,41221,334936
2025-06-26 10:10,41161,41250,41275,41146,249609
2025-06-26 10:15,41186,41161,41245,41132,189922
2025-06-26 10:20,41191,41186,41235,41171,137456
2025-06-26 10:25,41092,41181,41196,41077,214193
2025-06-26 10:30,41043,41097,41107,41028,502651
2025-06-26 10:35,40954,41043,41043,40939,281595
2025-06-26 10:40,40978,40959,41003,40919,160781
2025-06-26 10:45,40919,40978,41018,40899,147694
2025-06-26 10:50,40899,40914,40954,40885,347435
2025-06-26 10:55,40894,40890,40914,40855,163610
2025-06-26 11:00,40855,40899,40899,40796,252618
2025-06-26 11:05,40934,40855,40944,40850,112203
2025-06-26 11:10,40954,40934,40993,40904,114198
2025-06-26 11:15,40983,40959,41043,40954,177436
2025-06-26 11:20,40909,40983,40993,40894,105586
2025-06-26 11:25,40875,40909,40909,40855,86853
2025-06-26 11:30,40815,40870,40885,40811,74709
2025-06-26 11:35,40771,40815,40825,40756,189685
2025-06-26 11:40,40731,40771,40835,40717,135008
2025-06-26 11:45,40741,40736,40756,40692,155560
2025-06-26 11:50,40722,40741,40741,40677,112856
2025-06-26 11:55,40751,40717,40776,40694,120693
2025-06-26 12:00,40731,40751,40776,40702,110392
2025-06-26 12:05,40741,40736,40766,40727,67707
2025-06-26 12:10,40682,40746,40756,40672,107573
2025-06-26 12:15,40712,40682,40741,40662,71915
2025-06-26 12:20,40741,40717,40746,40682,48725
2025-06-26 12:25,40746,40741,40761,40717,135339
2025-06-26 12:30,40801,40741,40806,40731,119430
2025-06-26 12:35,40845,40801,40860,40801,238640
2025-06-26 12:40,40899,40850,40924,40840,89758
2025-06-26 12:45,40909,40904,40934,40875,207209
2025-06-26 12:50,40939,40909,40959,40890,95395
2025-06-26 12:55,40993,40934,40998,40904,109036
2025-06-26 13:00,41038,41003,41053,40969,94010
2025-06-26 13:05,41028,41033,41048,40993,180660
2025-06-26 13:10,41043,41023,41058,41023,73595
2025-06-26 13:15,41008,41038,41053,40969,208484
2025-06-26 13:20,41048,41008,41058,41003,33271
2025-06-26 13:25,41053,41048,41077,41038,121960
2025-06-26 13:30,41102,41053,41102,41038,110428
2025-06-26 13:35,41127,41102,41132,41092,88403
2025-06-26 13:40,41127,41122,41146,41077,234311
2025-06-26 13:45,41137,41127,41156,41112,110855
2025-06-26 13:50,41156,41137,41161,41117,162318
2025-06-26 13:55,41196,41156,41206,41151,79957
2025-06-26 14:00,41142,41196,41196,41142,63910
2025-06-26 14:05,41112,41142,41171,41097,142521
2025-06-26 14:10,41112,41112,41122,41077,184052
2025-06-26 14:15,41142,41102,41161,41102,74256
2025-06-26 14:20,41146,41142,41161,41132,40287
2025-06-26 14:25,41122,41146,41146,41092,67231
2025-06-26 14:30,41142,41127,41146,41112,39940
2025-06-26 14:35,41156,41142,41166,41132,57827
2025-06-26 14:40,41156,41156,41166,41132,67064
2025-06-26 14:45,41176,41151,41176,41122,74922
2025-06-26 14:50,41260,41176,41265,41156,125599
2025-06-26 14:55,41235,41260,41265,41206,97861
2025-06-26 15:00,41221,41235,41245,41201,69869
2025-06-26 15:05,41191,41216,41226,41186,74427
2025-06-26 15:10,41132,41196,41201,41132,91384
2025-06-26 15:15,41122,41127,41146,41102,155748
2025-06-26 15:20,41142,41127,41146,41107,41986
2025-06-27 9:00,41181,41201,41226,41127,155389
2025-06-27 9:05,41324,41181,41364,41166,444378
2025-06-27 9:10,41305,41319,41379,41275,234562
2025-06-27 9:15,41206,41305,41334,41122,599131
2025-06-27 9:20,41319,41206,41379,41201,193482
2025-06-27 9:25,41295,41324,41339,41226,166253
2025-06-27 9:30,41413,41290,41413,41290,476371
2025-06-27 9:35,41433,41413,41438,41389,416770
2025-06-27 9:40,41423,41428,41453,41389,94775
2025-06-27 9:45,41285,41423,41443,41275,275087
2025-06-27 9:50,41206,41285,41310,41191,228516
2025-06-27 9:55,41250,41206,41280,41206,109951
2025-06-27 10:00,41181,41250,41260,41132,93724
2025-06-27 10:05,41235,41181,41235,41132,49759
2025-06-27 10:10,41151,41235,41235,41112,71329
2025-06-27 10:15,41117,41151,41186,41092,39662
2025-06-27 10:20,41216,41122,41216,41102,40463
2025-06-27 10:25,41201,41216,41240,41196,39863
2025-06-27 10:30,41151,41211,41221,41137,48195
2025-06-27 10:35,41122,41142,41166,41107,60812
2025-06-27 10:40,41102,41127,41142,41077,65942
2025-06-27 10:45,41132,41092,41166,41087,93038
2025-06-27 10:50,41176,41137,41216,41127,57420
2025-06-27 10:55,41156,41186,41221,41156,52720
2025-06-27 11:00,41142,41161,41161,41092,80105
2025-06-27 11:05,41186,41142,41196,41137,36260
2025-06-27 11:10,41176,41176,41196,41161,30312
2025-06-27 11:15,41171,41176,41176,41146,50035
2025-06-27 11:20,41245,41171,41265,41146,139228
2025-06-27 11:25,41127,41245,41245,41117,117690
2025-06-27 11:30,41137,41127,41142,41072,78443
2025-06-27 11:35,40988,41137,41142,40969,101864
2025-06-27 11:40,40974,40988,41008,40959,72152
2025-06-27 11:45,40998,40974,41008,40949,44918
2025-06-27 11:50,41048,40998,41048,40978,60908
2025-06-27 11:55,41023,41048,41048,41018,64918
2025-06-27 12:00,41013,41033,41048,41003,25278
2025-06-27 12:05,41033,41023,41058,41018,14819
2025-06-27 12:10,40959,41033,41038,40949,74138
2025-06-27 12:15,40969,40964,40974,40939,42803
2025-06-27 12:20,40949,40969,40978,40939,32430
2025-06-27 12:25,40894,40949,40954,40880,78497
2025-06-27 12:30,40909,40904,40919,40885,38614
2025-06-27 12:35,40894,40914,40924,40885,99459
2025-06-27 12:40,40939,40890,40939,40885,65275
2025-06-27 12:45,40929,40939,40959,40914,24168
2025-06-27 12:50,40929,40929,40949,40904,39725
2025-06-27 12:55,40939,40934,40959,40904,34894
2025-06-27 13:00,40914,40934,40949,40914,24606
2025-06-27 13:05,40899,40919,40919,40870,46404
2025-06-27 13:10,40875,40899,40914,40870,38452
2025-06-27 13:15,40870,40870,40870,40806,99423
2025-06-27 13:20,40894,40870,40914,40860,44466
2025-06-27 13:25,40909,40894,40919,40875,46683
2025-06-27 13:30,40899,40899,40909,40880,31680
2025-06-27 13:35,40974,40899,40974,40894,103690
2025-06-27 13:40,40944,40969,40998,40924,65504
2025-06-27 13:45,40944,40944,40954,40919,70442
2025-06-27 13:50,40904,40939,40959,40890,91452
2025-06-27 13:55,40875,40904,40929,40850,106272
2025-06-27 14:00,40855,40880,40885,40811,172776
2025-06-27 14:05,40860,40865,40890,40850,123859
2025-06-27 14:10,40882,40860,40885,40845,100034
2025-06-27 14:15,40919,40882,40934,40870,219049
2025-06-27 14:20,40855,40924,40929,40845,125240
2025-06-27 14:25,40845,40855,40870,40835,174673
2025-06-27 14:30,40885,40845,40890,40830,83292
2025-06-27 14:35,40875,40885,40894,40855,41841
2025-06-27 14:40,40909,40875,40914,40860,29847
2025-06-27 14:45,40954,40914,40954,40909,77689
2025-06-27 14:50,41003,40949,41003,40939,111751
2025-06-27 14:55,40974,41003,41023,40949,116670
2025-06-27 15:00,40974,40974,40983,40939,61170
2025-06-27 15:05,40978,40978,40993,40964,64745
2025-06-27 15:10,40983,40978,41018,40964,67682
2025-06-27 15:15,40969,40978,40988,40944,49219
2025-06-27 15:20,40964,40964,40983,40959,63769
2025-06-30 9:00,41285,41196,41300,41196,328831
2025-06-30 9:05,41270,41280,41295,41171,398491
2025-06-30 9:10,41354,41275,41364,41156,387193
2025-06-30 9:15,41290,41354,41398,41275,180906
2025-06-30 9:20,41122,41285,41285,41102,335080
2025-06-30 9:25,41156,41122,41156,41062,256805
2025-06-30 9:30,41117,41156,41191,41048,167869
2025-06-30 9:35,41285,41117,41300,41102,137322
2025-06-30 9:40,41334,41290,41364,41270,214519
2025-06-30 9:45,41245,41334,41344,41235,69340
2025-06-30 9:50,41181,41240,41255,41146,71871
2025-06-30 9:55,41191,41181,41230,41166,49316
2025-06-30 10:00,41280,41191,41285,41176,120651
2025-06-30 10:05,41310,41280,41324,41265,96209
2025-06-30 10:10,41384,41305,41418,41300,185474
2025-06-30 10:15,41379,41379,41398,41354,117056
2025-06-30 10:20,41319,41379,41403,41295,93840
2025-06-30 10:25,41354,41310,41379,41290,39871
2025-06-30 10:30,41349,41359,41374,41314,24094
2025-06-30 10:35,41389,41359,41438,41354,76713
2025-06-30 10:40,41354,41389,41398,41334,19393
2025-06-30 10:45,41379,41354,41408,41349,33020
2025-06-30 10:50,41319,41369,41384,41295,72446
2025-06-30 10:55,41339,41329,41364,41324,26331
2025-06-30 11:00,41369,41334,41384,41319,30949
2025-06-30 11:05,41334,41379,41384,41329,36156
2025-06-30 11:10,41403,41334,41428,41329,67682
2025-06-30 11:15,41403,41394,41413,41334,28757
2025-06-30 11:20,41423,41413,41438,41398,41052
2025-06-30 11:25,41379,41418,41443,41379,52151
2025-06-30 11:30,41359,41379,41394,41354,27517
2025-06-30 11:35,41354,41359,41389,41344,31683
2025-06-30 11:40,41300,41354,41354,41260,73086
2025-06-30 11:45,41324,41300,41359,41295,23501
2025-06-30 11:50,41334,41324,41344,41300,42121
2025-06-30 11:55,41295,41339,41354,41295,49215
2025-06-30 12:00,41354,41300,41359,41290,18715
2025-06-30 12:05,41314,41354,41354,41305,12673
2025-06-30 12:10,41319,41305,41329,41300,20577
2025-06-30 12:15,41314,41319,41319,41290,18383
2025-06-30 12:20,41329,41314,41329,41295,19551
2025-06-30 12:25,41354,41324,41359,41324,21506
2025-06-30 12:30,41334,41354,41354,41319,10585
2025-06-30 12:35,41314,41339,41349,41305,17546
2025-06-30 12:40,41344,41314,41344,41305,17802
2025-06-30 12:45,41329,41334,41339,41314,11495
2025-06-30 12:50,41384,41334,41384,41334,27877
2025-06-30 12:55,41374,41379,41394,41344,41887
2025-06-30 13:00,41374,41374,41389,41364,28201
2025-06-30 13:05,41344,41364,41381,41324,34109
2025-06-30 13:10,41384,41344,41384,41344,13225
2025-06-30 13:15,41364,41379,41379,41354,9337
2025-06-30 13:20,41369,41364,41379,41344,44390
2025-06-30 13:25,41359,41374,41379,41349,43335
2025-06-30 13:30,41384,41354,41384,41334,32557
2025-06-30 13:35,41369,41379,41384,41359,13568
2025-06-30 13:40,41443,41374,41448,41374,89713
2025-06-30 13:45,41418,41443,41448,41398,106970
2025-06-30 13:50,41398,41413,41423,41384,58217
2025-06-30 13:55,41384,41394,41403,41374,50494
2025-06-30 14:00,41295,41384,41389,41290,104878
2025-06-30 14:05,41295,41295,41300,41270,72791
2025-06-30 14:10,41310,41295,41314,41280,50143
2025-06-30 14:15,41260,41310,41310,41240,74384
2025-06-30 14:20,41255,41255,41270,41240,41998
2025-06-30 14:25,41265,41260,41285,41255,67175
2025-06-30 14:30,41245,41260,41285,41235,61648
2025-06-30 14:35,41260,41245,41265,41216,67797
2025-06-30 14:40,41235,41260,41265,41226,28091
2025-06-30 14:45,41260,41240,41265,41235,51033
2025-06-30 14:50,41240,41255,41275,41235,120727
2025-06-30 14:55,41226,41240,41250,41216,129598
2025-06-30 15:00,41226,41221,41235,41186,78723
2025-06-30 15:05,41235,41230,41250,41221,47706
2025-06-30 15:10,41226,41230,41240,41216,32547
2025-06-30 15:15,41230,41226,41245,41216,67053
2025-06-30 15:20,41226,41230,41230,41216,37591
2025-07-01 9:00,41423,41394,41473,41394,115428
2025-07-01 9:05,41700,41413,41700,41398,523610
2025-07-01 9:10,41799,41695,41813,41650,528251
2025-07-01 9:15,41828,41794,41897,41794,465338
2025-07-01 9:20,41937,41828,41996,41828,349332
2025-07-01 9:25,41927,41937,42011,41888,216515
2025-07-01 9:30,41962,41932,41967,41922,109566
2025-07-01 9:35,42016,41962,42051,41942,237309
2025-07-01 9:40,41972,42011,42028,41947,79078
2025-07-01 9:45,41912,41977,41981,41878,96524
2025-07-01 9:50,41947,41912,41981,41888,58142
2025-07-01 9:55,41873,41947,41957,41863,77536
2025-07-01 10:00,41922,41868,41922,41868,77745
2025-07-01 10:05,41942,41922,41957,41917,55668
2025-07-01 10:10,41932,41937,41962,41927,80531
2025-07-01 10:15,41952,41932,41957,41907,103783
2025-07-01 10:20,42026,41952,42051,41942,229764
2025-07-01 10:25,41991,42016,42031,41927,87897
2025-07-01 10:30,42001,41991,42011,41977,117713
2025-07-01 10:35,42001,41996,42031,41986,117778
2025-07-01 10:40,41986,41996,42011,41967,97322
2025-07-01 10:45,41972,41981,41986,41947,80309
2025-07-01 10:50,41932,41967,41977,41897,90077
2025-07-01 10:55,41883,41927,41937,41878,64413
2025-07-01 11:00,41868,41883,41907,41863,79038
2025-07-01 11:05,41828,41868,41868,41799,129565
2025-07-01 11:10,41843,41833,41868,41818,39804
2025-07-01 11:15,41853,41843,41883,41843,75977
2025-07-01 11:20,41873,41848,41883,41838,54038
2025-07-01 11:25,41858,41873,41883,41848,85014
2025-07-01 11:30,41897,41858,41897,41848,109055
2025-07-01 11:35,41883,41893,41897,41858,38097
2025-07-01 11:40,41902,41883,41912,41878,30311
2025-07-01 11:45,41799,41897,41902,41794,67768
2025-07-01 11:50,41809,41799,41820,41769,106596
2025-07-01 11:55,41804,41809,41813,41779,44825
2025-07-01 12:00,41833,41799,41848,41799,29923
2025-07-01 12:05,41833,41828,41863,41823,30824
2025-07-01 12:10,41823,41833,41838,41809,25887
2025-07-01 12:15,41789,41823,41833,41774,41786
2025-07-01 12:20,41749,41789,41799,41734,76941
2025-07-01 12:25,41769,41749,41789,41739,43342
2025-07-01 12:30,41734,41769,41769,41725,81904
2025-07-01 12:35,41759,41734,41769,41720,25969
2025-07-01 12:40,41744,41759,41769,41734,20526
2025-07-01 12:45,41695,41749,41749,41680,61521
2025-07-01 12:50,41705,41695,41717,41670,32496
2025-07-01 12:55,41690,41700,41720,41680,38314
2025-07-01 13:00,41739,41695,41744,41690,36566
2025-07-01 13:05,41734,41739,41759,41729,44320
2025-07-01 13:10,41754,41734,41764,41729,26860
2025-07-01 13:15,41729,41749,41774,41720,31856
2025-07-01 13:20,41744,41725,41759,41720,41262
2025-07-01 13:25,41650,41744,41749,41641,83881
2025-07-01 13:30,41650,41650,41665,41616,98508
2025-07-01 13:35,41650,41650,41665,41636,25157
2025-07-01 13:40,41665,41650,41685,41641,40027
2025-07-01 13:45,41655,41655,41680,41645,62102
2025-07-01 13:50,41641,41650,41650,41606,52241
2025-07-01 13:55,41626,41636,41645,41616,40778
2025-07-01 14:00,41586,41626,41631,41586,64788
2025-07-01 14:05,41626,41591,41636,41586,29727
2025-07-01 14:10,41601,41626,41636,41581,43027
2025-07-01 14:15,41655,41601,41675,41601,71167
2025-07-01 14:20,41670,41650,41670,41641,30218
2025-07-01 14:25,41685,41675,41700,41660,67223
2025-07-01 14:30,41655,41690,41695,41655,51405
2025-07-01 14:35,41591,41655,41655,41591,63589
2025-07-01 14:40,41542,41591,41596,41522,108909
2025-07-01 14:45,41507,41542,41581,41507,123386
2025-07-01 14:50,41507,41502,41537,41473,111580
2025-07-01 14:55,41492,41512,41532,41482,60263
2025-07-01 15:00,41489,41487,41502,41458,113366
2025-07-01 15:05,41423,41489,41492,41418,104605
2025-07-01 15:10,41389,41428,41433,41379,123494
2025-07-01 15:15,41384,41389,41433,41379,71002
2025-07-01 15:20,41369,41394,41398,41364,95289
2025-07-02 9:00,41275,41230,41295,41206,138585
2025-07-02 9:05,41191,41275,41394,41082,489695
2025-07-02 9:10,41013,41191,41226,41003,280299
2025-07-02 9:15,41048,41008,41048,40949,224083
2025-07-02 9:20,41102,41048,41122,41008,231189
2025-07-02 9:25,41072,41107,41146,41062,262562
2025-07-02 9:30,41043,41067,41072,40983,353964
2025-07-02 9:35,41166,41048,41181,41038,423301
2025-07-02 9:40,41008,41163,41196,41008,289707
2025-07-02 9:45,40924,41008,41018,40914,286561
2025-07-02 9:50,40840,40919,40929,40796,431072
2025-07-02 9:55,40806,40845,40845,40796,142690
2025-07-02 10:00,40791,40806,40830,40746,157950
2025-07-02 10:05,40820,40786,40825,40717,213718
2025-07-02 10:10,40850,40811,40875,40806,219931
2025-07-02 10:15,40727,40845,40865,40717,172213
2025-07-02 10:20,40731,40727,40741,40672,195006
2025-07-02 10:25,40677,40727,40736,40657,97001
2025-07-02 10:30,40741,40672,40751,40657,189418
2025-07-02 10:35,40815,40736,40820,40727,207741
2025-07-02 10:40,40993,40815,41003,40806,360850
2025-07-02 10:45,40934,40993,41033,40934,289674
2025-07-02 10:50,40909,40934,40944,40875,145751
2025-07-02 10:55,40880,40904,40914,40870,120577
2025-07-02 11:00,40773,40875,40885,40766,126159
2025-07-02 11:05,40727,40771,40791,40722,75877
2025-07-02 11:10,40771,40722,40781,40712,56241
2025-07-02 11:15,40786,40761,40796,40731,94152
2025-07-02 11:20,40830,40786,40850,40766,199080
2025-07-02 11:25,40791,40835,40835,40791,108381
2025-07-02 11:30,40746,40796,40796,40741,64569
2025-07-02 11:35,40811,40741,40817,40741,72789
2025-07-02 11:40,40840,40811,40850,40786,41933
2025-07-02 11:45,40865,40850,40885,40840,88078
2025-07-02 11:50,40890,40870,40890,40835,66382
2025-07-02 11:55,40899,40890,40939,40875,91363
2025-07-02 12:00,40944,40909,40974,40894,121531
2025-07-02 12:05,40904,40944,40949,40890,78269
2025-07-02 12:10,40964,40904,40964,40899,73397
2025-07-02 12:15,40904,40964,40969,40880,44101
2025-07-02 12:20,40894,40904,40924,40885,24466
2025-07-02 12:25,40909,40894,40939,40890,32790
2025-07-02 12:30,40914,40914,40949,40899,42325
2025-07-02 12:35,40904,40909,40969,40894,49817
2025-07-02 12:40,40860,40909,40914,40850,73891
2025-07-02 12:45,40885,40865,40894,40860,37705
2025-07-02 12:50,40934,40880,40939,40870,49938
2025-07-02 12:55,40924,40934,40949,40924,39742
2025-07-02 13:00,40939,40924,40969,40909,34197
2025-07-02 13:05,40954,40939,40969,40934,36283
2025-07-02 13:10,40919,40949,40974,40899,38985
2025-07-02 13:15,40954,40914,40954,40899,63767
2025-07-02 13:20,40954,40949,41003,40949,54025
2025-07-02 13:25,40998,40959,41003,40954,36063
2025-07-02 13:30,40969,40998,41008,40964,35592
2025-07-02 13:35,41018,40969,41018,40964,77706
2025-07-02 13:40,41023,41018,41038,40988,112590
2025-07-02 13:45,41038,41023,41067,41018,109914
2025-07-02 13:50,41038,41038,41048,41023,31636
2025-07-02 13:55,41067,41043,41077,41033,44205
2025-07-02 14:00,41038,41067,41067,41023,50029
2025-07-02 14:05,41062,41033,41062,41023,36722
2025-07-02 14:10,41092,41062,41092,41058,25948
2025-07-02 14:15,41102,41087,41102,41067,46215
2025-07-02 14:20,41077,41102,41107,41058,63598
2025-07-02 14:25,41048,41082,41087,41038,40314
2025-07-02 14:30,41067,41048,41077,41043,39011
2025-07-02 14:35,41072,41067,41077,41023,71119
2025-07-02 14:40,41043,41072,41077,41028,28656
2025-07-02 14:45,41082,41048,41092,41038,38336
2025-07-02 14:50,41062,41082,41087,41053,44930
2025-07-02 14:55,41053,41062,41072,41038,49785
2025-07-02 15:00,41072,41053,41077,41043,102963
2025-07-02 15:05,41146,41072,41156,41067,81335
2025-07-02 15:10,41127,41146,41156,41107,46313
2025-07-02 15:15,41117,41127,41132,41112,48248
2025-07-02 15:20,41156,41112,41171,41107,71172
2025-07-03 9:00,41398,41453,41542,41384,174971
2025-07-03 9:05,41566,41398,41601,41310,503023
2025-07-03 9:10,41561,41561,41631,41512,391568
2025-07-03 9:15,41596,41566,41675,41566,348844
2025-07-03 9:20,41591,41601,41695,41586,242706
2025-07-03 9:25,41566,41591,41611,41497,231596
2025-07-03 9:30,41507,41566,41566,41482,225864
2025-07-03 9:35,41566,41507,41596,41468,207322
2025-07-03 9:40,41512,41571,41591,41487,395688
2025-07-03 9:45,41641,41507,41641,41507,171711
2025-07-03 9:50,41645,41636,41655,41621,87723
2025-07-03 9:55,41655,41645,41680,41601,107226
2025-07-03 10:00,41645,41650,41660,41596,120738
2025-07-03 10:05,41621,41641,41680,41611,249737
2025-07-03 10:10,41680,41626,41680,41611,45085
2025-07-03 10:15,41715,41680,41720,41675,102570
2025-07-03 10:20,41734,41715,41759,41715,190413
2025-07-03 10:25,41764,41739,41789,41720,250013
2025-07-03 10:30,41700,41764,41769,41690,51060
2025-07-03 10:35,41690,41700,41710,41665,64498
2025-07-03 10:40,41700,41690,41715,41680,50426
2025-07-03 10:45,41641,41705,41705,41616,107766
2025-07-03 10:50,41631,41641,41645,41601,48818
2025-07-03 10:55,41571,41636,41645,41566,53698
2025-07-03 11:00,41522,41576,41591,41517,64268
2025-07-03 11:05,41458,41517,41522,41458,90273
2025-07-03 11:10,41482,41453,41502,41448,72559
2025-07-03 11:15,41482,41482,41497,41468,45144
2025-07-03 11:20,41478,41482,41517,41463,44009
2025-07-03 11:25,41527,41478,41537,41463,56917
2025-07-03 11:30,41458,41522,41527,41448,65660
2025-07-03 11:35,41502,41463,41517,41453,46319
2025-07-03 11:40,41492,41497,41502,41468,23036
2025-07-03 11:45,41537,41492,41537,41487,55266
2025-07-03 11:50,41571,41537,41581,41532,62253
2025-07-03 11:55,41616,41571,41621,41571,96377
2025-07-03 12:00,41626,41621,41631,41591,55770
2025-07-03 12:05,41675,41626,41675,41621,96646
2025-07-03 12:10,41675,41670,41695,41660,79963
2025-07-03 12:15,41675,41670,41690,41660,54724
2025-07-03 12:20,41690,41675,41695,41641,123880
2025-07-03 12:25,41670,41685,41700,41665,22961
2025-07-03 12:30,41660,41670,41680,41650,30175
2025-07-03 12:35,41655,41660,41675,41650,25519
2025-07-03 12:40,41680,41660,41690,41650,30583
2025-07-03 12:45,41680,41680,41690,41660,17495
2025-07-03 12:50,41631,41680,41685,41631,63242
2025-07-03 12:55,41650,41631,41660,41621,71524
2025-07-03 13:00,41670,41641,41675,41636,27487
2025-07-03 13:05,41695,41675,41729,41670,151405
2025-07-03 13:10,41700,41700,41734,41690,147601
2025-07-03 13:15,41700,41700,41720,41685,175955
2025-07-03 13:20,41710,41700,41710,41690,76214
2025-07-03 13:25,41700,41710,41720,41695,167895
2025-07-03 13:30,41675,41690,41700,41660,60641
2025-07-03 13:35,41665,41665,41685,41655,45220
2025-07-03 13:40,41720,41655,41725,41650,131164
2025-07-03 13:45,41729,41720,41734,41700,130778
2025-07-03 13:50,41725,41725,41729,41705,46280
2025-07-03 13:55,41705,41720,41725,41705,58909
2025-07-03 14:00,41680,41700,41705,41665,106304
2025-07-03 14:05,41700,41680,41705,41675,47160
2025-07-03 14:10,41690,41695,41705,41670,99254
2025-07-03 14:15,41685,41690,41700,41670,40529
2025-07-03 14:20,41715,41690,41725,41680,222997
2025-07-03 14:25,41744,41715,41749,41710,108797
2025-07-03 14:30,41799,41734,41804,41734,278059
2025-07-03 14:35,41799,41804,41809,41779,247766
2025-07-03 14:40,41749,41799,41799,41749,89574
2025-07-03 14:45,41744,41744,41764,41725,66580
2025-07-03 14:50,41744,41744,41749,41729,39472
2025-07-03 14:55,41739,41749,41754,41729,53285
2025-07-03 15:00,41779,41744,41794,41734,107125
2025-07-03 15:05,41764,41784,41794,41759,93494
2025-07-03 15:10,41779,41764,41779,41749,66527
2025-07-03 15:15,41784,41769,41789,41754,61781
2025-07-03 15:20,41784,41784,41794,41769,97306
2025-07-04 9:00,41937,41972,41986,41897,187808
2025-07-04 9:05,41917,41932,41962,41823,276951
2025-07-04 9:10,41789,41922,41972,41789,342403
2025-07-04 9:15,41665,41789,41794,41655,328072
2025-07-04 9:20,41690,41670,41754,41641,190200
2025-07-04 9:25,41641,41690,41690,41601,148813
2025-07-04 9:30,41645,41645,41670,41576,349005
2025-07-04 9:35,41636,41645,41675,41611,127947
2025-07-04 9:40,41487,41636,41641,41473,213499
2025-07-04 9:45,41532,41482,41561,41473,85094
2025-07-04 9:50,41581,41532,41581,41487,116965
2025-07-04 9:55,41552,41576,41611,41532,106903
2025-07-04 10:00,41586,41552,41621,41547,118557
2025-07-04 10:05,41507,41581,41601,41482,88764
2025-07-04 10:10,41532,41497,41552,41487,72471
2025-07-04 10:15,41552,41532,41581,41512,80809
2025-07-04 10:20,41512,41557,41557,41482,172755
2025-07-04 10:25,41586,41502,41636,41497,109295
2025-07-04 10:30,41527,41581,41601,41502,63228
2025-07-04 10:35,41542,41517,41557,41497,81212
2025-07-04 10:40,41566,41542,41606,41527,48123
2025-07-04 10:45,41527,41566,41576,41487,90386
2025-07-04 10:50,41468,41527,41532,41463,73331
2025-07-04 10:55,41438,41473,41478,41433,112473
2025-07-04 11:00,41408,41448,41458,41403,99121
2025-07-04 11:05,41226,41408,41423,41216,222579
2025-07-04 11:10,41171,41226,41240,41132,386080
2025-07-04 11:15,41142,41171,41181,41077,166179
2025-07-04 11:20,41161,41132,41171,41117,66082
2025-07-04 11:25,41166,41156,41181,41087,136279
2025-07-04 11:30,41171,41166,41196,41146,74946
2025-07-04 11:35,41196,41171,41230,41166,119973
2025-07-04 11:40,41235,41191,41265,41186,70556
2025-07-04 11:45,41196,41240,41245,41176,69742
2025-07-04 11:50,41235,41196,41255,41191,37205
2025-07-04 11:55,41226,41230,41270,41216,72637
2025-07-04 12:00,41226,41226,41235,41176,70688
2025-07-04 12:05,41176,41226,41226,41146,54603
2025-07-04 12:10,41216,41176,41221,41171,31844
2025-07-04 12:15,41245,41216,41255,41216,77406
2025-07-04 12:20,41270,41255,41285,41235,53454
2025-07-04 12:25,41265,41280,41280,41245,40595
2025-07-04 12:30,41329,41265,41339,41265,69811
2025-07-04 12:35,41305,41329,41344,41290,112189
2025-07-04 12:40,41319,41300,41324,41295,30972
2025-07-04 12:45,41310,41314,41334,41280,63335
2025-07-04 12:50,41275,41314,41334,41275,29972
2025-07-04 12:55,41270,41275,41285,41221,50891
2025-07-04 13:00,41275,41265,41329,41265,50617
2025-07-04 13:05,41240,41275,41275,41206,62783
2025-07-04 13:10,41201,41240,41255,41186,32316
2025-07-04 13:15,41186,41201,41211,41176,49475
2025-07-04 13:20,41191,41186,41211,41161,48704
2025-07-04 13:25,41161,41196,41216,41161,27093
2025-07-04 13:30,41196,41171,41201,41171,42815
2025-07-04 13:35,41201,41191,41211,41186,43687
2025-07-04 13:40,41186,41201,41206,41166,72581
2025-07-04 13:45,41176,41191,41206,41171,42820
2025-07-04 13:50,41176,41176,41186,41132,99232
2025-07-04 13:55,41186,41176,41186,41156,31992
2025-07-04 14:00,41270,41181,41285,41176,235770
2025-07-04 14:05,41226,41270,41270,41216,73501
2025-07-04 14:10,41250,41226,41275,41196,204247
2025-07-04 14:15,41265,41255,41270,41240,31751
2025-07-04 14:20,41186,41275,41275,41176,62254
2025-07-04 14:25,41191,41181,41216,41176,45010
2025-07-04 14:30,41196,41186,41226,41181,73184
2025-07-04 14:35,41146,41196,41221,41142,52297
2025-07-04 14:40,41171,41146,41201,41137,59942
2025-07-04 14:45,41161,41166,41186,41156,40453
2025-07-04 14:50,41127,41156,41171,41097,128961
2025-07-04 14:55,41117,41132,41171,41112,124665
2025-07-04 15:00,41067,41122,41127,41043,125661
2025-07-04 15:05,41048,41067,41077,41043,81768
2025-07-04 15:10,41023,41043,41062,41018,140185
2025-07-04 15:15,41028,41023,41038,41008,153314
2025-07-04 15:20,40998,41033,41038,40993,282507
2025-07-07 9:00,40667,40791,40791,40662,171673
2025-07-07 9:05,40919,40667,41062,40618,843231
2025-07-07 9:10,40825,40914,41008,40801,401688
2025-07-07 9:15,40954,40811,41053,40806,484460
2025-07-07 9:20,41028,40959,41058,40954,87651
2025-07-07 9:25,41072,41023,41097,41023,136933
2025-07-07 9:30,40909,41077,41082,40870,168764
2025-07-07 9:35,41062,40914,41132,40909,193731
2025-07-07 9:40,41008,41058,41072,40934,127716
2025-07-07 9:45,41048,41003,41053,40964,50719
2025-07-07 9:50,41048,41043,41082,41018,79027
2025-07-07 9:55,41058,41043,41112,41018,76141
2025-07-07 10:00,41107,41058,41142,41048,79716
2025-07-07 10:05,40949,41107,41107,40899,355996
2025-07-07 10:10,40885,40949,40954,40870,68294
2025-07-07 10:15,41043,40885,41048,40870,90786
2025-07-07 10:20,41097,41048,41146,41028,213141
2025-07-07 10:25,41137,41092,41137,41067,67105
2025-07-07 10:30,41201,41137,41221,41117,216741
2025-07-07 10:35,41087,41196,41201,41058,104017
2025-07-07 10:40,41028,41082,41092,41003,620777
2025-07-07 10:45,41028,41028,41058,40978,41358
2025-07-07 10:50,40964,41018,41028,40964,55804
2025-07-07 10:55,41058,40969,41062,40964,104275
2025-07-07 11:00,40993,41058,41062,40949,131781
2025-07-07 11:05,40983,40993,40998,40964,55253
2025-07-07 11:10,41058,40993,41082,40978,208193
2025-07-07 11:15,41048,41062,41067,40993,115336
2025-07-07 11:20,41058,41058,41102,41028,97013
2025-07-07 11:25,41013,41067,41067,40993,64154
2025-07-07 11:30,41008,41018,41053,41008,26165
2025-07-07 11:35,40954,41003,41008,40914,76265
2025-07-07 11:40,40983,40954,40988,40949,32469
2025-07-07 11:45,41028,40983,41033,40983,52185
2025-07-07 11:50,41048,41028,41048,41023,42574
2025-07-07 11:55,41053,41048,41082,41028,139104
2025-07-07 12:00,41018,41053,41053,41008,33214
2025-07-07 12:05,40993,41023,41038,40974,23175
2025-07-07 12:10,40978,40993,40993,40964,27193
2025-07-07 12:15,41018,40983,41018,40983,58423
2025-07-07 12:20,40998,41008,41018,40944,47553
2025-07-07 12:25,41018,40998,41038,40998,32054
2025-07-07 12:30,41043,41018,41067,41013,33742
2025-07-07 12:35,41043,41033,41043,41018,23939
2025-07-07 12:40,41043,41048,41053,41023,17424
2025-07-07 12:45,41013,41048,41053,41008,26681
2025-07-07 12:50,41067,41018,41077,41013,18236
2025-07-07 12:55,41107,41072,41127,41067,79067
2025-07-07 13:00,41092,41107,41112,41082,44448
2025-07-07 13:05,41142,41092,41186,41087,176092
2025-07-07 13:10,41142,41146,41161,41127,18520
2025-07-07 13:15,41097,41142,41151,41092,37840
2025-07-07 13:20,41112,41097,41132,41092,31645
2025-07-07 13:25,41117,41107,41122,41092,66522
2025-07-07 13:30,41102,41117,41137,41092,79470
2025-07-07 13:35,41107,41097,41117,41072,43288
2025-07-07 13:40,41072,41102,41102,41058,78833
2025-07-07 13:45,41082,41082,41102,41072,19374
2025-07-07 13:50,41102,41082,41112,41067,47014
2025-07-07 13:55,41067,41107,41122,41058,47398
2025-07-07 14:00,41072,41072,41102,41048,75405
2025-07-07 14:05,41132,41072,41132,41058,45587
2025-07-07 14:10,41137,41127,41161,41112,40204
2025-07-07 14:15,41161,41132,41166,41127,23527
2025-07-07 14:20,41176,41156,41191,41146,58695
2025-07-07 14:25,41166,41176,41211,41166,80390
2025-07-07 14:30,41127,41166,41186,41112,30871
2025-07-07 14:35,41156,41127,41171,41117,35490
2025-07-07 14:40,41171,41156,41176,41142,38021
2025-07-07 14:45,41146,41166,41176,41132,60717
2025-07-07 14:50,41142,41146,41161,41122,23532
2025-07-07 14:55,41117,41137,41151,41092,45187
2025-07-07 15:00,41127,41117,41142,41102,32367
2025-07-07 15:05,41097,41127,41137,41087,42429
2025-07-07 15:10,41087,41097,41112,41087,89470
2025-07-07 15:15,41092,41087,41107,41082,125133
2025-07-07 15:20,41077,41087,41097,41077,107145
2025-07-08 9:00,41250,41191,41295,41191,123255
2025-07-08 9:05,41260,41245,41310,41156,304840
2025-07-08 9:10,41334,41260,41354,41196,246163
2025-07-08 9:15,41517,41334,41522,41334,485823
2025-07-08 9:20,41631,41517,41650,41502,429278
2025-07-08 9:25,41695,41621,41720,41616,229738
2025-07-08 9:30,41690,41685,41734,41621,203648
2025-07-08 9:35,41710,41690,41729,41665,236652
2025-07-08 9:40,41784,41715,41794,41660,207092
2025-07-08 9:45,41789,41779,41813,41754,320993
2025-07-08 9:50,41720,41794,41818,41720,177311
2025-07-08 9:55,41715,41715,41749,41690,179071
2025-07-08 10:00,41734,41710,41749,41705,68856
2025-07-08 10:05,41764,41739,41774,41725,111601
2025-07-08 10:10,41754,41764,41779,41705,93527
2025-07-08 10:15,41744,41749,41764,41720,133582
2025-07-08 10:20,41715,41744,41764,41710,52179
2025-07-08 10:25,41636,41710,41729,41631,88018
2025-07-08 10:30,41502,41631,41641,41478,290721
2025-07-08 10:35,41502,41512,41537,41463,95604
2025-07-08 10:40,41532,41497,41606,41492,138816
2025-07-08 10:45,41473,41542,41571,41433,83601
2025-07-08 10:50,41458,41468,41468,41413,91196
2025-07-08 10:55,41433,41453,41468,41413,42810
2025-07-08 11:00,41394,41433,41438,41384,57884
2025-07-08 11:05,41478,41389,41487,41374,63941
2025-07-08 11:10,41478,41473,41492,41443,54234
2025-07-08 11:15,41478,41473,41492,41448,20268
2025-07-08 11:20,41527,41473,41557,41468,55950
2025-07-08 11:25,41522,41527,41542,41453,33656
2025-07-08 11:30,41561,41527,41571,41527,43212
2025-07-08 11:35,41561,41557,41576,41552,26756
2025-07-08 11:40,41611,41566,41611,41561,56979
2025-07-08 11:45,41645,41601,41645,41586,107832
2025-07-08 11:50,41611,41645,41655,41606,50117
2025-07-08 11:55,41636,41616,41655,41611,60557
2025-07-08 12:00,41621,41636,41655,41616,49073
2025-07-08 12:05,41606,41621,41636,41601,53108
2025-07-08 12:10,41631,41611,41631,41586,80097
2025-07-08 12:15,41621,41631,41636,41601,44043
2025-07-08 12:20,41626,41621,41645,41611,41210
2025-07-08 12:25,41645,41631,41650,41621,44507
2025-07-08 12:30,41645,41645,41660,41631,59836
2025-07-08 12:35,41660,41650,41685,41641,144830
2025-07-08 12:40,41660,41655,41670,41641,34294
2025-07-08 12:45,41655,41660,41690,41655,79060
2025-07-08 12:50,41636,41650,41650,41611,42415
2025-07-08 12:55,41655,41636,41660,41631,45630
2025-07-08 13:00,41650,41650,41665,41636,31118
2025-07-08 13:05,41680,41655,41685,41650,60993
2025-07-08 13:10,41715,41685,41725,41675,75562
2025-07-08 13:15,41720,41715,41734,41710,107762
2025-07-08 13:20,41690,41717,41729,41685,122649
2025-07-08 13:25,41695,41700,41715,41685,49561
2025-07-08 13:30,41690,41690,41705,41670,85771
2025-07-08 13:35,41744,41695,41749,41690,63849
2025-07-08 13:40,41720,41744,41749,41710,58918
2025-07-08 13:45,41731,41725,41739,41700,42037
2025-07-08 13:50,41715,41731,41744,41710,62953
2025-07-08 13:55,41720,41710,41729,41710,64934
2025-07-08 14:00,41734,41715,41739,41700,43427
2025-07-08 14:05,41739,41734,41744,41710,52242
2025-07-08 14:10,41739,41736,41759,41725,73177
2025-07-08 14:15,41769,41739,41794,41739,99420
2025-07-08 14:20,41813,41769,41818,41769,207125
2025-07-08 14:25,41813,41813,41823,41784,97782
2025-07-08 14:30,41858,41813,41863,41809,156450
2025-07-08 14:35,41858,41858,41888,41848,89247
2025-07-08 14:40,41843,41858,41863,41823,77031
2025-07-08 14:45,41828,41843,41873,41818,97914
2025-07-08 14:50,41813,41828,41833,41799,173342
2025-07-08 14:55,41823,41818,41833,41809,68654
2025-07-08 15:00,41833,41820,41863,41818,172759
2025-07-08 15:05,41823,41838,41853,41813,107798
2025-07-08 15:10,41828,41828,41838,41799,169435
2025-07-08 15:15,41809,41828,41843,41809,222948
2025-07-08 15:20,41833,41813,41848,41809,211887
2025-07-09 9:00,41878,41838,41912,41838,140787
2025-07-09 9:05,41685,41878,41878,41655,334773
2025-07-09 9:10,41700,41695,41774,41660,477583
2025-07-09 9:15,41675,41700,41734,41636,566329
2025-07-09 9:20,41764,41680,41779,41670,173663
2025-07-09 9:25,41764,41764,41809,41705,146711
2025-07-09 9:30,41823,41769,41833,41739,108297
2025-07-09 9:35,41729,41823,41838,41720,176733
2025-07-09 9:40,41799,41729,41828,41720,92675
2025-07-09 9:45,41828,41794,41853,41754,138788
2025-07-09 9:50,41779,41818,41828,41749,85469
2025-07-09 9:55,41734,41769,41774,41720,80376
2025-07-09 10:00,41715,41734,41739,41685,111444
2025-07-09 10:05,41710,41715,41749,41705,36315
2025-07-09 10:10,41759,41715,41774,41685,59657
2025-07-09 10:15,41823,41759,41828,41749,109307
2025-07-09 10:20,41813,41823,41823,41769,66160
2025-07-09 10:25,41774,41813,41813,41734,65201
2025-07-09 10:30,41754,41774,41794,41739,72165
2025-07-09 10:35,41838,41754,41853,41739,149554
2025-07-09 10:40,41868,41843,41893,41833,149598
2025-07-09 10:45,41868,41873,41888,41848,50988
2025-07-09 10:50,41868,41863,41878,41823,94725
2025-07-09 10:55,41922,41868,41937,41858,126410
2025-07-09 11:00,41917,41922,41927,41888,47079
2025-07-09 11:05,41917,41922,41937,41897,42096
2025-07-09 11:10,41888,41917,41927,41883,42438
2025-07-09 11:15,41838,41893,41907,41828,71237
2025-07-09 11:20,41828,41838,41853,41818,45060
2025-07-09 11:25,41809,41828,41838,41779,203366
2025-07-09 11:30,41823,41809,41833,41794,46842
2025-07-09 11:35,41764,41828,41828,41759,95641
2025-07-09 11:40,41754,41759,41764,41729,60515
2025-07-09 11:45,41774,41749,41774,41739,19240
2025-07-09 11:50,41779,41769,41799,41759,87804
2025-07-09 11:55,41799,41789,41799,41774,31690
2025-07-09 12:00,41799,41799,41799,41779,14247
2025-07-09 12:05,41789,41799,41804,41779,25145
2025-07-09 12:10,41838,41794,41843,41784,64305
2025-07-09 12:15,41878,41838,41883,41838,87186
2025-07-09 12:20,41868,41873,41912,41863,77393
2025-07-09 12:25,41873,41868,41888,41853,38561
2025-07-09 12:30,41902,41873,41917,41873,58096
2025-07-09 12:35,41902,41902,41922,41878,24326
2025-07-09 12:40,41863,41902,41912,41863,18107
2025-07-09 12:45,41858,41868,41888,41858,17760
2025-07-09 12:50,41883,41858,41888,41848,95430
2025-07-09 12:55,41907,41888,41922,41883,56080
2025-07-09 13:00,41902,41907,41922,41893,24380
2025-07-09 13:05,41907,41902,41957,41902,188428
2025-07-09 13:10,41937,41907,41942,41902,108802
2025-07-09 13:15,41967,41937,41991,41932,139799
2025-07-09 13:20,41981,41967,41986,41942,86218
2025-07-09 13:25,42001,41981,42031,41981,118422
2025-07-09 13:30,42021,42001,42026,41991,125115
2025-07-09 13:35,41996,42021,42036,41996,38328
2025-07-09 13:40,42001,42001,42016,41991,48151
2025-07-09 13:45,41991,42006,42006,41972,54646
2025-07-09 13:50,41996,41996,42001,41981,26717
2025-07-09 13:55,41996,41991,42021,41986,36008
2025-07-09 14:00,41957,41996,42006,41957,39602
2025-07-09 14:05,41962,41957,41981,41932,49952
2025-07-09 14:10,41952,41957,41977,41947,29964
2025-07-09 14:15,41967,41947,41972,41942,25869
2025-07-09 14:20,41927,41967,41972,41922,40486
2025-07-09 14:25,41927,41927,41947,41917,71522
2025-07-09 14:30,41937,41922,41942,41907,33227
2025-07-09 14:35,41962,41932,41986,41932,52187
2025-07-09 14:40,41981,41967,41986,41967,17945
2025-07-09 14:45,41977,41981,42001,41977,63829
2025-07-09 14:50,41977,41977,41986,41967,82326
2025-07-09 14:55,41986,41977,41991,41967,37626
2025-07-09 15:00,41977,41991,41996,41957,71559
2025-07-09 15:05,41972,41981,41991,41962,43982
2025-07-09 15:10,41937,41972,41977,41932,85184
2025-07-09 15:15,41897,41932,41937,41897,48950
2025-07-09 15:20,41937,41897,41937,41897,48057
2025-07-10 9:00,42026,42065,42065,41996,67003
2025-07-10 9:05,42006,42026,42095,42001,287261
2025-07-10 9:10,41902,42006,42026,41888,333105
2025-07-10 9:15,41981,41902,41986,41883,320504
2025-07-10 9:20,42046,41981,42070,41957,376237
2025-07-10 9:25,42031,42051,42065,41986,92298
2025-07-10 9:30,42125,42031,42125,42021,591647
2025-07-10 9:35,42273,42125,42317,42120,562743
2025-07-10 9:40,42288,42273,42293,42243,255918
2025-07-10 9:45,42273,42288,42293,42248,160744
2025-07-10 9:50,42248,42273,42317,42233,108336
2025-07-10 9:55,42110,42248,42253,42095,541901
2025-07-10 10:00,42145,42105,42164,42095,168410
2025-07-10 10:05,42154,42149,42194,42140,44687
2025-07-10 10:10,42184,42159,42204,42154,54556
2025-07-10 10:15,42135,42179,42199,42130,67349
2025-07-10 10:20,42184,42137,42189,42125,65602
2025-07-10 10:25,42149,42184,42184,42149,88676
2025-07-10 10:30,42154,42149,42159,42120,78660
2025-07-10 10:35,42204,42149,42214,42140,73070
2025-07-10 10:40,42228,42209,42238,42204,33508
2025-07-10 10:45,42194,42230,42238,42184,46680
2025-07-10 10:50,42184,42189,42189,42154,30569
2025-07-10 10:55,42159,42179,42199,42159,40217
2025-07-10 11:00,42194,42154,42199,42149,35456
2025-07-10 11:05,42228,42194,42238,42174,52275
2025-07-10 11:10,42224,42224,42233,42204,57723
2025-07-10 11:15,42322,42219,42332,42219,170921
2025-07-10 11:20,42322,42312,42337,42308,60751
2025-07-10 11:25,42332,42322,42332,42312,32031
2025-07-10 11:30,42406,42332,42416,42332,199605
2025-07-10 11:35,42392,42406,42421,42382,116111
2025-07-10 11:40,42382,42392,42421,42377,50304
2025-07-10 11:45,42362,42382,42392,42352,38380
2025-07-10 11:50,42357,42362,42372,42337,45001
2025-07-10 11:55,42362,42357,42377,42342,24240
2025-07-10 12:00,42357,42362,42367,42347,29174
2025-07-10 12:05,42317,42352,42352,42303,36708
2025-07-10 12:10,42268,42317,42322,42268,111495
2025-07-10 12:15,42243,42273,42288,42228,64141
2025-07-10 12:20,42243,42238,42253,42224,20786
2025-07-10 12:25,42263,42243,42273,42238,27107
2025-07-10 12:30,42303,42263,42312,42243,45755
2025-07-10 12:35,42308,42303,42317,42298,18848
2025-07-10 12:40,42288,42308,42322,42268,46919
2025-07-10 12:45,42332,42288,42337,42288,48113
2025-07-10 12:50,42342,42332,42347,42312,48063
2025-07-10 12:55,42332,42342,42367,42332,31917
2025-07-10 13:00,42352,42337,42352,42322,31901
2025-07-10 13:05,42332,42347,42352,42317,19270
2025-07-10 13:10,42317,42327,42337,42312,20782
2025-07-10 13:15,42322,42317,42332,42278,51964
2025-07-10 13:20,42312,42322,42332,42308,83871
2025-07-10 13:25,42293,42322,42327,42293,57222
2025-07-10 13:30,42352,42293,42352,42293,50923
2025-07-10 13:35,42357,42352,42377,42347,193513
2025-07-10 13:40,42367,42357,42377,42332,123510
2025-07-10 13:45,42392,42367,42406,42357,127556
2025-07-10 13:50,42396,42387,42406,42377,26524
2025-07-10 13:55,42446,42396,42471,42396,263418
2025-07-10 14:00,42510,42446,42515,42441,250328
2025-07-10 14:05,42510,42510,42525,42485,81030
2025-07-10 14:10,42520,42515,42520,42495,49424
2025-07-10 14:15,42490,42515,42515,42485,76573
2025-07-10 14:20,42490,42495,42500,42461,85177
2025-07-10 14:25,42476,42490,42505,42471,56831
2025-07-10 14:30,42471,42476,42480,42451,55235
2025-07-10 14:35,42446,42471,42471,42441,348269
2025-07-10 14:40,42495,42441,42500,42431,305836
2025-07-10 14:45,42480,42495,42500,42471,65403
2025-07-10 14:50,42446,42480,42490,42446,48607
2025-07-10 14:55,42451,42446,42461,42436,70521
2025-07-10 15:00,42466,42456,42490,42446,44099
2025-07-10 15:05,42485,42466,42495,42451,61941
2025-07-10 15:10,42466,42485,42490,42461,53223
2025-07-10 15:15,42466,42466,42476,42456,50519
2025-07-10 15:20,42471,42466,42480,42456,345434
2025-07-11 9:00,42653,42574,42653,42564,81801
2025-07-11 9:05,42777,42644,42871,42589,1044369
2025-07-11 9:10,42920,42787,43014,42772,729099
2025-07-11 9:15,43103,42915,43128,42915,391165
2025-07-11 9:20,42856,43103,43128,42826,559861
2025-07-11 9:25,42718,42861,42881,42678,282889
2025-07-11 9:30,42639,42713,42718,42564,439609
2025-07-11 9:35,42708,42639,42757,42624,291114
2025-07-11 9:40,42584,42708,42737,42584,189619
2025-07-11 9:45,42510,42579,42589,42500,180165
2025-07-11 9:50,42629,42505,42644,42500,141222
2025-07-11 9:55,42604,42634,42663,42594,107189
2025-07-11 10:00,42663,42606,42784,42599,277110
2025-07-11 10:05,42550,42663,42732,42540,150504
2025-07-11 10:10,42594,42560,42634,42535,94884
2025-07-11 10:15,42688,42589,42688,42579,96551
2025-07-11 10:20,42747,42693,42772,42634,108791
2025-07-11 10:25,42747,42747,42797,42737,69222
2025-07-11 10:30,42797,42742,42802,42732,69590
2025-07-11 10:35,42816,42802,42866,42787,81934
2025-07-11 10:40,42866,42816,42866,42807,49942
2025-07-11 10:45,42821,42866,42881,42816,59640
2025-07-11 10:50,42821,42821,42851,42807,51075
2025-07-11 10:55,42737,42816,42816,42732,90619
2025-07-11 11:00,42728,42737,42742,42693,59815
2025-07-11 11:05,42678,42728,42777,42663,104572
2025-07-11 11:10,42668,42673,42683,42639,262793
2025-07-11 11:15,42658,42668,42673,42624,81546
2025-07-11 11:20,42589,42658,42663,42584,55341
2025-07-11 11:25,42569,42584,42594,42545,92637
2025-07-11 11:30,42480,42574,42574,42480,171216
2025-07-11 11:35,42515,42480,42525,42446,69800
2025-07-11 11:40,42594,42515,42594,42510,79067
2025-07-11 11:45,42594,42594,42619,42579,47231
2025-07-11 11:50,42594,42589,42604,42555,30982
2025-07-11 11:55,42599,42594,42619,42584,15534
2025-07-11 12:00,42624,42599,42634,42579,47387
2025-07-11 12:05,42609,42624,42629,42594,26321
2025-07-11 12:10,42629,42619,42644,42609,42335
2025-07-11 12:15,42634,42629,42678,42629,72635
2025-07-11 12:20,42648,42634,42663,42629,23277
2025-07-11 12:25,42653,42648,42653,42634,36255
2025-07-11 12:30,42658,42653,42683,42639,24992
2025-07-11 12:35,42658,42648,42678,42644,25612
2025-07-11 12:40,42653,42658,42698,42653,41935
2025-07-11 12:45,42639,42648,42663,42634,50797
2025-07-11 12:50,42648,42639,42658,42629,26016
2025-07-11 12:55,42673,42653,42688,42648,36609
2025-07-11 13:00,42688,42673,42693,42673,25989
2025-07-11 13:05,42683,42683,42713,42668,33208
2025-07-11 13:10,42648,42688,42698,42639,27037
2025-07-11 13:15,42708,42653,42708,42648,41267
2025-07-11 13:20,42698,42708,42728,42688,37306
2025-07-11 13:25,42688,42688,42698,42658,48180
2025-07-11 13:30,42688,42683,42718,42668,28783
2025-07-11 13:35,42668,42683,42698,42668,19585
2025-07-11 13:40,42693,42668,42698,42668,23326
2025-07-11 13:45,42683,42688,42708,42683,43033
2025-07-11 13:50,42668,42678,42693,42668,38513
2025-07-11 13:55,42639,42668,42673,42604,85508
2025-07-11 14:00,42663,42634,42683,42634,56137
2025-07-11 14:05,42663,42663,42683,42639,36991
2025-07-11 14:10,42619,42668,42673,42604,48228
2025-07-11 14:15,42634,42619,42644,42599,53984
2025-07-11 14:20,42624,42634,42644,42614,67834
2025-07-11 14:25,42629,42624,42639,42604,44213
2025-07-11 14:30,42668,42629,42668,42619,50677
2025-07-11 14:35,42644,42663,42668,42629,50284
2025-07-11 14:40,42604,42644,42644,42604,57682
2025-07-11 14:45,42584,42604,42604,42579,52793
2025-07-11 14:50,42520,42584,42599,42520,108624
2025-07-11 14:55,42525,42530,42540,42515,68670
2025-07-11 15:00,42490,42525,42535,42480,61966
2025-07-11 15:05,42505,42485,42530,42485,61942
2025-07-11 15:10,42505,42500,42520,42495,40503
2025-07-11 15:15,42525,42505,42535,42500,63223
2025-07-11 15:20,42515,42530,42535,42510,60204
2025-07-14 9:00,42520,42476,42545,42476,98592
2025-07-14 9:05,42614,42525,42614,42421,258330
2025-07-14 9:10,42644,42614,42678,42545,437856
2025-07-14 9:15,42653,42644,42698,42594,383693
2025-07-14 9:20,42732,42653,42787,42629,341922
2025-07-14 9:25,42782,42728,42797,42723,340463
2025-07-14 9:30,42831,42782,42831,42747,107314
2025-07-14 9:35,42762,42831,42836,42703,102782
2025-07-14 9:40,42782,42762,42812,42757,77817
2025-07-14 9:45,42807,42782,42846,42772,111469
2025-07-14 9:50,42718,42802,42807,42698,117025
2025-07-14 9:55,42718,42728,42757,42673,137065
2025-07-14 10:00,42792,42713,42812,42708,97218
2025-07-14 10:05,42802,42787,42812,42757,44798
2025-07-14 10:10,42846,42807,42851,42797,157038
2025-07-14 10:15,42891,42841,42925,42841,94527
2025-07-14 10:20,42866,42886,42886,42831,119528
2025-07-14 10:25,42876,42866,42886,42841,59687
2025-07-14 10:30,42836,42876,42881,42812,47116
2025-07-14 10:35,42802,42831,42846,42792,45545
2025-07-14 10:40,42792,42802,42831,42767,64544
2025-07-14 10:45,42762,42797,42826,42757,43560
2025-07-14 10:50,42728,42757,42762,42723,53873
2025-07-14 10:55,42693,42732,42742,42683,55500
2025-07-14 11:00,42644,42688,42688,42634,78471
2025-07-14 11:05,42614,42644,42673,42609,64288
2025-07-14 11:10,42609,42614,42658,42609,147491
2025-07-14 11:15,42629,42604,42644,42599,42948
2025-07-14 11:20,42653,42634,42668,42629,38015
2025-07-14 11:25,42688,42648,42698,42648,53146
2025-07-14 11:30,42718,42688,42732,42683,82617
2025-07-14 11:35,42723,42718,42728,42693,42216
2025-07-14 11:40,42713,42723,42732,42698,74263
2025-07-14 11:45,42723,42713,42732,42693,22419
2025-07-14 11:50,42658,42723,42732,42653,41324
2025-07-14 11:55,42658,42653,42673,42648,21488
2025-07-14 12:00,42639,42663,42698,42624,35747
2025-07-14 12:05,42624,42644,42644,42599,26638
2025-07-14 12:10,42648,42624,42653,42609,16694
2025-07-14 12:15,42673,42648,42698,42644,19179
2025-07-14 12:20,42708,42668,42713,42663,19101
2025-07-14 12:25,42723,42708,42732,42703,11598
2025-07-14 12:30,42728,42725,42732,42708,27148
2025-07-14 12:35,42752,42732,42757,42728,44933
2025-07-14 12:40,42807,42757,42812,42757,52354
2025-07-14 12:45,42821,42802,42836,42797,60852
2025-07-14 12:50,42821,42821,42836,42816,20629
2025-07-14 12:55,42802,42821,42821,42797,30012
2025-07-14 13:00,42821,42797,42826,42792,23154
2025-07-14 13:05,42802,42826,42841,42782,32761
2025-07-14 13:10,42807,42797,42831,42787,22871
2025-07-14 13:15,42807,42802,42841,42797,23779
2025-07-14 13:20,42807,42812,42831,42797,15152
2025-07-14 13:25,42777,42802,42812,42777,30696
2025-07-14 13:30,42812,42782,42821,42777,28034
2025-07-14 13:35,42836,42812,42836,42802,28377
2025-07-14 13:40,42851,42836,42856,42831,233900
2025-07-14 13:45,42866,42851,42876,42826,56751
2025-07-14 13:50,42866,42866,42881,42861,25942
2025-07-14 13:55,42905,42871,42910,42866,49152
2025-07-14 14:00,42886,42905,42905,42876,24576
2025-07-14 14:05,42900,42886,42905,42876,28946
2025-07-14 14:10,42900,42900,42935,42895,46738
2025-07-14 14:15,42920,42905,42940,42900,70533
2025-07-14 14:20,42940,42920,42945,42910,46007
2025-07-14 14:25,42920,42940,42950,42895,41703
2025-07-14 14:30,42965,42920,42979,42905,138299
2025-07-14 14:35,42955,42970,42979,42950,42063
2025-07-14 14:40,42930,42960,42965,42930,41300
2025-07-14 14:45,42930,42930,42950,42925,48395
2025-07-14 14:50,42900,42930,42930,42895,67214
2025-07-14 14:55,42895,42900,42900,42871,55082
2025-07-14 15:00,42960,42900,42970,42895,83726
2025-07-14 15:05,42945,42960,42960,42925,67923
2025-07-14 15:10,42900,42940,42945,42895,152246
2025-07-14 15:15,42905,42905,42920,42895,31074
2025-07-14 15:20,42915,42902,42920,42891,63859
2025-07-15 9:00,42728,42797,42797,42693,84125
2025-07-15 9:05,42683,42718,42757,42663,344778
2025-07-15 9:10,42782,42678,42782,42673,328269
2025-07-15 9:15,42782,42772,42787,42634,369371
2025-07-15 9:20,42728,42777,42831,42678,327863
2025-07-15 9:25,42673,42728,42747,42673,172459
2025-07-15 9:30,42792,42678,42792,42653,173234
2025-07-15 9:35,42826,42792,42876,42777,204532
2025-07-15 9:40,42846,42826,42876,42812,237586
2025-07-15 9:45,42866,42846,42881,42821,225461
2025-07-15 9:50,42851,42866,42891,42841,81878
2025-07-15 9:55,42881,42851,42881,42841,97030
2025-07-15 10:00,42876,42881,42900,42856,121688
2025-07-15 10:05,42777,42866,42876,42772,198866
2025-07-15 10:10,42757,42777,42802,42737,113753
2025-07-15 10:15,42812,42757,42816,42742,53685
2025-07-15 10:20,42836,42812,42836,42762,69347
2025-07-15 10:25,42856,42836,42856,42816,76883
2025-07-15 10:30,42846,42856,42881,42836,50855
2025-07-15 10:35,42831,42846,42871,42807,44628
2025-07-15 10:40,42910,42831,42950,42826,165401
2025-07-15 10:45,43019,42910,43078,42881,334958
2025-07-15 10:50,43073,43014,43078,43004,218074
2025-07-15 10:55,43083,43078,43138,43054,233046
2025-07-15 11:00,43049,43083,43083,43004,395552
2025-07-15 11:05,42915,43049,43083,42886,207176
2025-07-15 11:10,42950,42915,42965,42900,252271
2025-07-15 11:15,42970,42960,42979,42930,100904
2025-07-15 11:20,42920,42965,42965,42900,61378
2025-07-15 11:25,42856,42915,42920,42856,105501
2025-07-15 11:30,42836,42856,42871,42831,65978
2025-07-15 11:35,42826,42841,42846,42802,54019
2025-07-15 11:40,42856,42831,42866,42826,26140
2025-07-15 11:45,42856,42851,42881,42836,34295
2025-07-15 11:50,42831,42856,42881,42816,50719
2025-07-15 11:55,42807,42831,42836,42797,63233
2025-07-15 12:00,42881,42802,42895,42797,53218
2025-07-15 12:05,42876,42876,42891,42861,36564
2025-07-15 12:10,42831,42876,42886,42831,48969
2025-07-15 12:15,42826,42831,42851,42797,123502
2025-07-15 12:20,42881,42826,42881,42816,73406
2025-07-15 12:25,42891,42871,42895,42846,49925
2025-07-15 12:30,42920,42891,42920,42886,61543
2025-07-15 12:35,42876,42915,42925,42866,33371
2025-07-15 12:40,42891,42876,42895,42861,43691
2025-07-15 12:45,42905,42891,42910,42876,31962
2025-07-15 12:50,42881,42910,42935,42876,146178
2025-07-15 12:55,42871,42881,42900,42836,75311
2025-07-15 13:00,42900,42868,42905,42856,27133
2025-07-15 13:05,42900,42900,42915,42891,36929
2025-07-15 13:10,42900,42900,42935,42895,70156
2025-07-15 13:15,42895,42910,42930,42891,106616
2025-07-15 13:20,42876,42895,42905,42871,70422
2025-07-15 13:25,42871,42881,42891,42861,65197
2025-07-15 13:30,42836,42866,42871,42826,59128
2025-07-15 13:35,42881,42841,42900,42831,74992
2025-07-15 13:40,42910,42881,42920,42876,56946
2025-07-15 13:45,42900,42910,42925,42900,60886
2025-07-15 13:50,42920,42900,42925,42881,27121
2025-07-15 13:55,42895,42915,42925,42866,48482
2025-07-15 14:00,42905,42891,42910,42876,56081
2025-07-15 14:05,42960,42910,42975,42895,86074
2025-07-15 14:10,42984,42960,42999,42950,62982
2025-07-15 14:15,43004,42984,43014,42979,50924
2025-07-15 14:20,42999,43004,43014,42984,47025
2025-07-15 14:25,43054,42999,43059,42989,62562
2025-07-15 14:30,43024,43049,43054,43014,81292
2025-07-15 14:35,43034,43024,43039,43009,42101
2025-07-15 14:40,43063,43029,43073,43019,58026
2025-07-15 14:45,43083,43063,43093,43059,74387
2025-07-15 14:50,43113,43083,43118,43078,73853
2025-07-15 14:55,43128,43113,43197,43103,168852
2025-07-15 15:00,43172,43133,43177,43128,112091
2025-07-15 15:05,43192,43172,43197,43157,57384
2025-07-15 15:10,43167,43192,43197,43167,94028
2025-07-15 15:15,43187,43172,43187,43167,44419
2025-07-15 15:20,43187,43187,43192,43177,35858
2025-07-16 9:00,43014,43098,43103,43004,85643
2025-07-16 9:05,42732,43009,43034,42723,328565
2025-07-16 9:10,42683,42728,42777,42639,452692
2025-07-16 9:15,42762,42698,42782,42644,208551
2025-07-16 9:20,42762,42757,42821,42723,227904
2025-07-16 9:25,42802,42757,42821,42747,171715
2025-07-16 9:30,42767,42802,42807,42728,228791
2025-07-16 9:35,42821,42767,42836,42752,114480
2025-07-16 9:40,42886,42826,42891,42767,149092
2025-07-16 9:45,42851,42886,42886,42797,85877
2025-07-16 9:50,42856,42856,42910,42841,114766
2025-07-16 9:55,42871,42856,42886,42836,67665
2025-07-16 10:00,42841,42861,42871,42807,88798
2025-07-16 10:05,42826,42846,42881,42816,47859
2025-07-16 10:10,42851,42826,42866,42797,114074
2025-07-16 10:15,42881,42861,42895,42856,95999
2025-07-16 10:20,42920,42876,42920,42851,61541
2025-07-16 10:25,42920,42915,42945,42891,64408
2025-07-16 10:30,42935,42920,42945,42900,46024
2025-07-16 10:35,42891,42935,42945,42891,54601
2025-07-16 10:40,42861,42891,42910,42856,54279
2025-07-16 10:45,42940,42866,42965,42851,72774
2025-07-16 10:50,42955,42945,42955,42925,22211
2025-07-16 10:55,42975,42955,42975,42940,37171
2025-07-16 11:00,42975,42975,42979,42955,45181
2025-07-16 11:05,42940,42975,42989,42935,50373
2025-07-16 11:10,42940,42945,42955,42900,63493
2025-07-16 11:15,42910,42940,42940,42895,34990
2025-07-16 11:20,42945,42910,42945,42905,25020
2025-07-16 11:25,42925,42945,42955,42920,29256
2025-07-16 11:30,42881,42920,42940,42876,53344
2025-07-16 11:35,42886,42891,42915,42886,31228
2025-07-16 11:40,42861,42886,42886,42851,64536
2025-07-16 11:45,42861,42856,42866,42831,98082
2025-07-16 11:50,42900,42856,42900,42856,48313
2025-07-16 11:55,42891,42900,42900,42876,19974
2025-07-16 12:00,42920,42891,42925,42876,83339
2025-07-16 12:05,42876,42915,42920,42876,29368
2025-07-16 12:10,42915,42876,42915,42876,18863
2025-07-16 12:15,42915,42915,42925,42900,36162
2025-07-16 12:20,42925,42925,42935,42915,20515
2025-07-16 12:25,42910,42925,42935,42900,51366
2025-07-16 12:30,42930,42910,42935,42900,25501
2025-07-16 12:35,42955,42930,42955,42925,28011
2025-07-16 12:40,42930,42950,42960,42920,39081
2025-07-16 12:45,42930,42930,42945,42925,12995
2025-07-16 12:50,42935,42935,42940,42910,45574
2025-07-16 12:55,42950,42935,42965,42920,33122
2025-07-16 13:00,42945,42947,42955,42935,13390
2025-07-16 13:05,42915,42950,42950,42910,298558
2025-07-16 13:10,42935,42915,42950,42905,142051
2025-07-16 13:15,42930,42935,42935,42910,135255
2025-07-16 13:20,42886,42925,42925,42881,162845
2025-07-16 13:25,42871,42886,42891,42856,111702
2025-07-16 13:30,42891,42881,42905,42871,60532
2025-07-16 13:35,42905,42895,42915,42881,309624
2025-07-16 13:40,42920,42910,42925,42895,52848
2025-07-16 13:45,42905,42925,42935,42895,71853
2025-07-16 13:50,42861,42905,42910,42856,92285
2025-07-16 13:55,42836,42861,42861,42821,123987
2025-07-16 14:00,42816,42836,42846,42812,72309
2025-07-16 14:05,42816,42816,42821,42742,149627
2025-07-16 14:10,42841,42816,42841,42802,74014
2025-07-16 14:15,42836,42841,42856,42816,48038
2025-07-16 14:20,42816,42841,42841,42792,67811
2025-07-16 14:25,42816,42812,42836,42802,59774
2025-07-16 14:30,42833,42821,42836,42802,49151
2025-07-16 14:35,42816,42831,42836,42812,41748
2025-07-16 14:40,42802,42816,42821,42797,73115
2025-07-16 14:45,42782,42802,42812,42767,195411
2025-07-16 14:50,42747,42782,42782,42737,81594
2025-07-16 14:55,42728,42747,42752,42713,137487
2025-07-16 15:00,42747,42728,42772,42718,85097
2025-07-16 15:05,42752,42737,42757,42732,41672
2025-07-16 15:10,42742,42752,42767,42737,98057
2025-07-16 15:15,42757,42742,42767,42732,117211
2025-07-16 15:20,42767,42762,42767,42752,67045
2025-07-17 9:00,42915,42930,42970,42851,88662
2025-07-17 9:05,42747,42915,42935,42728,411586
2025-07-17 9:10,42648,42747,42782,42634,225322
2025-07-17 9:15,42510,42648,42723,42500,452561
2025-07-17 9:20,42515,42505,42535,42421,607629
2025-07-17 9:25,42471,42512,42520,42416,154517
2025-07-17 9:30,42579,42466,42599,42451,203038
2025-07-17 9:35,42347,42579,42579,42327,289017
2025-07-17 9:40,42401,42352,42401,42337,228672
2025-07-17 9:45,42322,42401,42406,42312,179208
2025-07-17 9:50,42352,42322,42362,42303,110195
2025-07-17 9:55,42382,42342,42401,42322,131205
2025-07-17 10:00,42485,42382,42510,42372,147042
2025-07-17 10:05,42456,42485,42520,42431,132143
2025-07-17 10:10,42510,42451,42535,42446,48136
2025-07-17 10:15,42599,42515,42619,42515,518373
2025-07-17 10:20,42584,42589,42594,42550,141355
2025-07-17 10:25,42589,42579,42629,42574,118646
2025-07-17 10:30,42480,42584,42589,42480,74397
2025-07-17 10:35,42490,42476,42550,42446,94034
2025-07-17 10:40,42555,42485,42560,42461,168772
2025-07-17 10:45,42540,42564,42599,42540,80311
2025-07-17 10:50,42530,42550,42574,42510,43816
2025-07-17 10:55,42579,42535,42589,42530,41082
2025-07-17 11:00,42589,42584,42604,42550,53270
2025-07-17 11:05,42599,42589,42619,42579,46445
2025-07-17 11:10,42564,42599,42609,42550,49206
2025-07-17 11:15,42634,42564,42639,42555,71547
2025-07-17 11:20,42658,42629,42668,42619,92816
2025-07-17 11:25,42718,42663,42718,42639,215794
2025-07-17 11:30,42668,42718,42737,42663,112565
2025-07-17 11:35,42648,42673,42693,42609,182656
2025-07-17 11:40,42747,42658,42747,42648,87568
2025-07-17 11:45,42713,42742,42747,42703,36951
2025-07-17 11:50,42708,42713,42737,42688,69448
2025-07-17 11:55,42698,42703,42732,42688,54572
2025-07-17 12:00,42688,42698,42718,42688,31507
2025-07-17 12:05,42698,42688,42708,42683,44025
2025-07-17 12:10,42653,42698,42703,42624,118421
2025-07-17 12:15,42639,42658,42678,42624,66508
2025-07-17 12:20,42629,42644,42648,42599,113741
2025-07-17 12:25,42673,42624,42673,42609,57229
2025-07-17 12:30,42708,42673,42723,42663,50026
2025-07-17 12:35,42708,42713,42723,42688,30950
2025-07-17 12:40,42742,42703,42752,42698,50553
2025-07-17 12:45,42777,42742,42797,42737,98513
2025-07-17 12:50,42777,42777,42797,42767,63383
2025-07-17 12:55,42787,42782,42826,42782,83935
2025-07-17 13:00,42826,42792,42836,42782,155646
2025-07-17 13:05,42797,42831,42831,42782,104416
2025-07-17 13:10,42797,42797,42807,42777,35411
2025-07-17 13:15,42777,42797,42797,42767,26990
2025-07-17 13:20,42737,42777,42782,42732,48516
2025-07-17 13:25,42782,42737,42787,42728,40677
2025-07-17 13:30,42767,42777,42792,42752,37549
2025-07-17 13:35,42792,42772,42816,42767,41057
2025-07-17 13:40,42836,42787,42856,42787,73532
2025-07-17 13:45,42816,42846,42856,42807,51798
2025-07-17 13:50,42831,42821,42836,42792,46370
2025-07-17 13:55,42816,42826,42841,42807,40293
2025-07-17 14:00,42826,42816,42841,42812,45249
2025-07-17 14:05,42836,42826,42851,42807,47999
2025-07-17 14:10,42812,42836,42846,42807,35850
2025-07-17 14:15,42802,42816,42826,42792,42611
2025-07-17 14:20,42851,42807,42851,42807,79591
2025-07-17 14:25,42881,42851,42886,42846,62922
2025-07-17 14:30,42891,42876,42895,42861,69007
2025-07-17 14:35,42881,42891,42915,42871,69906
2025-07-17 14:40,42891,42881,42900,42876,67817
2025-07-17 14:45,42871,42891,42900,42851,51603
2025-07-17 14:50,42851,42871,42895,42841,45026
2025-07-17 14:55,42841,42851,42881,42841,32329
2025-07-17 15:00,42821,42836,42846,42802,87798
2025-07-17 15:05,42831,42826,42846,42821,31987
2025-07-17 15:10,42866,42831,42876,42831,74365
2025-07-17 15:15,42846,42856,42866,42821,66920
2025-07-17 15:20,42848,42846,42866,42841,56340
2025-07-18 9:00,42970,42955,42979,42955,47309
2025-07-18 9:05,42935,42975,43113,42891,358259
2025-07-18 9:10,42851,42935,42975,42752,386879
2025-07-18 9:15,42960,42856,42975,42826,166662
2025-07-18 9:20,42935,42975,43009,42876,148658
2025-07-18 9:25,42945,42935,42994,42915,106968
2025-07-18 9:30,42989,42950,43029,42945,85766
2025-07-18 9:35,42975,42984,43014,42925,75531
2025-07-18 9:40,43004,42975,43009,42935,98601
2025-07-18 9:45,42940,43004,43004,42910,67619
2025-07-18 9:50,42960,42945,42989,42940,51508
2025-07-18 9:55,42866,42960,42965,42846,87011
2025-07-18 10:00,42881,42866,42881,42826,92836
2025-07-18 10:05,42856,42876,42881,42812,116942
2025-07-18 10:10,42782,42851,42861,42767,126431
2025-07-18 10:15,42861,42782,42891,42772,74303
2025-07-18 10:20,42856,42861,42886,42841,39493
2025-07-18 10:25,42797,42856,42881,42787,73102
2025-07-18 10:30,42762,42797,42797,42718,125818
2025-07-18 10:35,42708,42757,42762,42703,65281
2025-07-18 10:40,42742,42708,42757,42668,83471
2025-07-18 10:45,42777,42742,42777,42698,161719
2025-07-18 10:50,42708,42772,42782,42683,88070
2025-07-18 10:55,42658,42708,42742,42648,57193
2025-07-18 11:00,42634,42663,42668,42614,84272
2025-07-18 11:05,42639,42634,42653,42604,115848
2025-07-18 11:10,42683,42639,42688,42594,86997
2025-07-18 11:15,42747,42678,42752,42663,286868
2025-07-18 11:20,42737,42747,42757,42718,42947
2025-07-18 11:25,42762,42732,42772,42713,89055
2025-07-18 11:30,42782,42757,42792,42742,42586
2025-07-18 11:35,42767,42787,42807,42757,33548
2025-07-18 11:40,42777,42767,42792,42747,51514
2025-07-18 11:45,42767,42767,42802,42767,27419
2025-07-18 11:50,42777,42772,42802,42762,20913
2025-07-18 11:55,42767,42777,42787,42762,23269
2025-07-18 12:00,42777,42767,42777,42757,23429
2025-07-18 12:05,42767,42772,42782,42728,50327
2025-07-18 12:10,42792,42767,42812,42767,49517
2025-07-18 12:15,42782,42792,42797,42772,29643
2025-07-18 12:20,42747,42782,42782,42737,27867
2025-07-18 12:25,42732,42747,42747,42718,23500
2025-07-18 12:30,42718,42728,42737,42688,28246
2025-07-18 12:35,42752,42713,42762,42713,20836
2025-07-18 12:40,42728,42752,42762,42723,38097
2025-07-18 12:45,42713,42728,42742,42708,22760
2025-07-18 12:50,42737,42713,42737,42708,16699
2025-07-18 12:55,42752,42732,42762,42723,25537
2025-07-18 13:00,42713,42757,42757,42708,15494
2025-07-18 13:05,42673,42708,42713,42668,55999
2025-07-18 13:10,42663,42673,42693,42653,77712
2025-07-18 13:15,42668,42663,42673,42639,64630
2025-07-18 13:20,42693,42668,42703,42658,32402
2025-07-18 13:25,42698,42693,42703,42673,26335
2025-07-18 13:30,42698,42703,42723,42693,20211
2025-07-18 13:35,42688,42698,42713,42688,23438
2025-07-18 13:40,42683,42688,42698,42673,34280
2025-07-18 13:45,42673,42683,42688,42658,21861
2025-07-18 13:50,42678,42678,42688,42663,34623
2025-07-18 13:55,42718,42678,42718,42673,30195
2025-07-18 14:00,42767,42723,42777,42718,54381
2025-07-18 14:05,42757,42767,42767,42732,61119
2025-07-18 14:10,42737,42757,42767,42732,73475
2025-07-18 14:15,42782,42742,42782,42732,45052
2025-07-18 14:20,42782,42777,42802,42767,58572
2025-07-18 14:25,42787,42782,42792,42767,23340
2025-07-18 14:30,42856,42787,42861,42782,148675
2025-07-18 14:35,42866,42856,42886,42851,78709
2025-07-18 14:40,42861,42866,42871,42841,91173
2025-07-18 14:45,42851,42856,42881,42841,70298
2025-07-18 14:50,42871,42856,42881,42846,63631
2025-07-18 14:55,42856,42871,42876,42856,31864
2025-07-18 15:00,42856,42856,42876,42851,56429
2025-07-18 15:05,42841,42856,42871,42821,94494
2025-07-18 15:10,42836,42846,42846,42826,36744
2025-07-18 15:15,42816,42836,42846,42807,62834
2025-07-18 15:20,42851,42816,42851,42807,61447
2025-07-21 9:00,42851,42802,42866,42797,76044
2025-07-21 9:05,43078,42851,43093,42851,491171
2025-07-21 9:10,43133,43078,43157,43068,328325
2025-07-21 9:15,43133,43138,43167,43098,210708
2025-07-21 9:20,43128,43133,43157,43113,106964
2025-07-21 9:25,43093,43123,43138,43044,143345
2025-07-21 9:30,43088,43098,43138,43063,131407
2025-07-21 9:35,43128,43088,43138,43083,112123
2025-07-21 9:40,43113,43128,43143,43103,131820
2025-07-21 9:45,43073,43108,43138,43068,96071
2025-07-21 9:50,43088,43073,43113,43059,93444
2025-07-21 9:55,43083,43093,43100,43034,90243
2025-07-21 10:00,43078,43078,43113,43078,40971
2025-07-21 10:05,43202,43083,43207,43078,214195
2025-07-21 10:10,43187,43207,43241,43177,177572
2025-07-21 10:15,43162,43187,43197,43147,84624
2025-07-21 10:20,43167,43162,43172,43143,56825
2025-07-21 10:25,43162,43167,43172,43128,61454
2025-07-21 10:30,43147,43159,43182,43138,44154
2025-07-21 10:35,43147,43147,43182,43128,62627
2025-07-21 10:40,43147,43157,43167,43138,61152
2025-07-21 10:45,43113,43152,43172,43113,53336
2025-07-21 10:50,43123,43118,43138,43113,23161
2025-07-21 10:55,43078,43113,43138,43063,68539
2025-07-21 11:00,43083,43083,43103,43078,57420
2025-07-21 11:05,43078,43083,43083,43049,42033
2025-07-21 11:10,43063,43073,43078,43044,23182
2025-07-21 11:15,43039,43063,43068,43034,41417
2025-07-21 11:20,43073,43044,43078,43039,36063
2025-07-21 11:25,43063,43073,43083,43059,14742
2025-07-21 11:30,43083,43063,43093,43063,17902
2025-07-21 11:35,43054,43078,43083,43054,29724
2025-07-21 11:40,43088,43059,43088,43039,37711
2025-07-21 11:45,43098,43083,43113,43083,30654
2025-07-21 11:50,43083,43098,43103,43059,27195
2025-07-21 11:55,43088,43073,43108,43073,23784
2025-07-21 12:00,43088,43093,43093,43078,37429
2025-07-21 12:05,43103,43088,43103,43078,16163
2025-07-21 12:10,43063,43103,43103,43063,36511
2025-07-21 12:15,43073,43068,43083,43063,8744
2025-07-21 12:20,43103,43068,43108,43063,25642
2025-07-21 12:25,43138,43103,43143,43098,59174
2025-07-21 12:30,43133,43138,43152,43133,36978
2025-07-21 12:35,43162,43133,43172,43118,48609
2025-07-21 12:40,43152,43162,43162,43152,15956
2025-07-21 12:45,43133,43152,43167,43128,22815
2025-07-21 12:50,43108,43133,43133,43093,55791
2025-07-21 12:55,43108,43098,43113,43098,34367
2025-07-21 13:00,43128,43108,43133,43103,50423
2025-07-21 13:05,43143,43128,43147,43123,27325
2025-07-21 13:10,43118,43147,43147,43113,31988
2025-07-21 13:15,43133,43118,43143,43113,11293
2025-07-21 13:20,43128,43133,43138,43108,22134
2025-07-21 13:25,43113,43128,43133,43098,33593
2025-07-21 13:30,43128,43113,43138,43113,30303
2025-07-21 13:35,43133,43128,43138,43093,26674
2025-07-21 13:40,43147,43138,43147,43118,45573
2025-07-21 13:45,43157,43147,43172,43143,85705
2025-07-21 13:50,43143,43152,43157,43138,48006
2025-07-21 13:55,43143,43143,43147,43133,50313
2025-07-21 14:00,43143,43143,43152,43133,49301
2025-07-21 14:05,43147,43143,43172,43143,63118
2025-07-21 14:10,43123,43147,43147,43118,115822
2025-07-21 14:15,43113,43123,43133,43108,58425
2025-07-21 14:20,43118,43113,43123,43103,73186
2025-07-21 14:25,43128,43113,43138,43113,45239
2025-07-21 14:30,43143,43128,43157,43123,77716
2025-07-21 14:35,43162,43147,43167,43143,66216
2025-07-21 14:40,43177,43162,43192,43162,74795
2025-07-21 14:45,43182,43172,43197,43172,71936
2025-07-21 14:50,43182,43182,43187,43167,55689
2025-07-21 14:55,43152,43177,43197,43152,102921
2025-07-21 15:00,43167,43157,43167,43147,73927
2025-07-21 15:05,43167,43162,43172,43143,52500
2025-07-21 15:10,43177,43167,43177,43157,27010
2025-07-21 15:15,43177,43177,43177,43162,72202
2025-07-21 15:20,43162,43177,43177,43157,25295
2025-07-22 9:00,43143,43143,43157,43093,61631
2025-07-22 9:05,43256,43143,43301,43143,279834
2025-07-22 9:10,43187,43251,43276,43138,313089
2025-07-22 9:15,43147,43187,43207,43103,162624
2025-07-22 9:20,43118,43147,43152,43073,121638
2025-07-22 9:25,43133,43113,43167,43103,174650
2025-07-22 9:30,43019,43133,43157,43019,142664
2025-07-22 9:35,42975,43024,43044,42950,108815
2025-07-22 9:40,43044,42984,43063,42970,80136
2025-07-22 9:45,43073,43044,43113,43029,57409
2025-07-22 9:50,43009,43073,43088,42999,73625
2025-07-22 9:55,43019,43009,43039,42999,89398
2025-07-22 10:00,42994,43014,43044,42989,48451
2025-07-22 10:05,42920,42994,42999,42910,202870
2025-07-22 10:10,42965,42915,42965,42915,57371
2025-07-22 10:15,42960,42965,42999,42935,62090
2025-07-22 10:20,42960,42960,42970,42920,77583
2025-07-22 10:25,42895,42960,42975,42866,134161
2025-07-22 10:30,42925,42895,42940,42895,49321
2025-07-22 10:35,42910,42925,42950,42895,66863
2025-07-22 10:40,42900,42910,42920,42886,42112
2025-07-22 10:45,42851,42900,42900,42841,106849
2025-07-22 10:50,42910,42851,42910,42846,104053
2025-07-22 10:55,42960,42910,42970,42905,105251
2025-07-22 11:00,42955,42960,42979,42945,185311
2025-07-22 11:05,42940,42950,42965,42930,37456
2025-07-22 11:10,42930,42930,42940,42915,35165
2025-07-22 11:15,42910,42930,42940,42891,39283
2025-07-22 11:20,42876,42910,42910,42876,45020
2025-07-22 11:25,42871,42886,42891,42826,134987
2025-07-22 11:30,42846,42866,42866,42831,27553
2025-07-22 11:35,42866,42836,42881,42831,56214
2025-07-22 11:40,42851,42866,42876,42841,33658
2025-07-22 11:45,42841,42848,42871,42836,37253
2025-07-22 11:50,42861,42841,42871,42826,44585
2025-07-22 11:55,42826,42866,42866,42821,52583
2025-07-22 12:00,42841,42831,42846,42821,33302
2025-07-22 12:05,42816,42851,42851,42807,72663
2025-07-22 12:10,42812,42816,42851,42807,47237
2025-07-22 12:15,42752,42807,42821,42747,122703
2025-07-22 12:20,42757,42747,42762,42728,87551
2025-07-22 12:25,42782,42762,42782,42752,38408
2025-07-22 12:30,42772,42777,42797,42762,51168
2025-07-22 12:35,42713,42767,42772,42708,91608
2025-07-22 12:40,42737,42718,42757,42708,94208
2025-07-22 12:45,42752,42732,42757,42728,60812
2025-07-22 12:50,42728,42742,42757,42708,93711
2025-07-22 12:55,42698,42732,42752,42698,69721
2025-07-22 13:00,42688,42698,42713,42668,100147
2025-07-22 13:05,42624,42693,42693,42614,202819
2025-07-22 13:10,42540,42624,42624,42540,197054
2025-07-22 13:15,42500,42545,42545,42471,216574
2025-07-22 13:20,42431,42505,42520,42392,323841
2025-07-22 13:25,42480,42431,42495,42431,154535
2025-07-22 13:30,42495,42485,42525,42471,149778
2025-07-22 13:35,42456,42495,42510,42446,139127
2025-07-22 13:40,42471,42456,42500,42426,168052
2025-07-22 13:45,42461,42476,42495,42441,112805
2025-07-22 13:50,42396,42456,42461,42387,187362
2025-07-22 13:55,42471,42394,42485,42392,81682
2025-07-22 14:00,42485,42476,42525,42471,113525
2025-07-22 14:05,42525,42485,42535,42461,138120
2025-07-22 14:10,42495,42530,42530,42480,105167
2025-07-22 14:15,42471,42495,42510,42471,67616
2025-07-22 14:20,42456,42476,42476,42426,124820
2025-07-22 14:25,42436,42456,42466,42421,51399
2025-07-22 14:30,42416,42431,42456,42401,123286
2025-07-22 14:35,42500,42416,42500,42382,131935
2025-07-22 14:40,42507,42500,42525,42466,71612
2025-07-22 14:45,42490,42510,42520,42466,90281
2025-07-22 14:50,42490,42490,42502,42461,57379
2025-07-22 14:55,42471,42490,42495,42461,45541
2025-07-22 15:00,42476,42466,42500,42456,154356
2025-07-22 15:05,42461,42471,42480,42451,128269
2025-07-22 15:10,42525,42461,42525,42461,130742
2025-07-22 15:15,42564,42525,42579,42515,265876
2025-07-22 15:20,42574,42564,42584,42555,113302
2025-07-23 9:00,42812,42876,42920,42787,155881
2025-07-23 9:05,42876,42812,42915,42787,331059
2025-07-23 9:10,42950,42866,42970,42856,685709
2025-07-23 9:15,42713,42942,42950,42708,233412
2025-07-23 9:20,42653,42718,42787,42624,234430
2025-07-23 9:25,42609,42658,42708,42579,279958
2025-07-23 9:30,42648,42609,42673,42540,230543
2025-07-23 9:35,42564,42648,42663,42545,126652
2025-07-23 9:40,42564,42569,42639,42535,174663
2025-07-23 9:45,42569,42564,42604,42505,146514
2025-07-23 9:50,42550,42569,42619,42535,140325
2025-07-23 9:55,42411,42540,42555,42411,155359
2025-07-23 10:00,42332,42416,42431,42322,127419
2025-07-23 10:05,42273,42327,42332,42194,401720
2025-07-23 10:10,42421,42268,42446,42233,225150
2025-07-23 10:15,42634,42421,42634,42421,259987
2025-07-23 10:20,42624,42629,42639,42574,96586
2025-07-23 10:25,42589,42629,42634,42564,27381
2025-07-23 10:30,42396,42589,42589,42382,80443
2025-07-23 10:35,42471,42401,42490,42382,74140
2025-07-23 10:40,42515,42466,42574,42456,101809
2025-07-23 10:45,42540,42505,42550,42490,24830
2025-07-23 10:50,42579,42550,42604,42540,60256
2025-07-23 10:55,42584,42574,42644,42560,144523
2025-07-23 11:00,42584,42589,42594,42560,37756
2025-07-23 11:05,42520,42579,42584,42485,69912
2025-07-23 11:10,42555,42520,42574,42500,62185
2025-07-23 11:15,42471,42560,42589,42466,81183
2025-07-23 11:20,42476,42480,42550,42471,58808
2025-07-23 11:25,42480,42480,42505,42446,32823
2025-07-23 11:30,42500,42480,42505,42441,101789
2025-07-23 11:35,42446,42495,42515,42436,139361
2025-07-23 11:40,42441,42451,42505,42431,26502
2025-07-23 11:45,42411,42436,42456,42406,23863
2025-07-23 11:50,42401,42411,42416,42372,73938
2025-07-23 11:55,42461,42401,42461,42392,92456
2025-07-23 12:00,42490,42456,42500,42451,35412
2025-07-23 12:05,42520,42490,42545,42490,117186
2025-07-23 12:10,42599,42515,42599,42510,84982
2025-07-23 12:15,42609,42589,42619,42584,77320
2025-07-23 12:20,42579,42609,42619,42569,80551
2025-07-23 12:25,42634,42574,42634,42569,42824
2025-07-23 12:30,42619,42634,42648,42614,38776
2025-07-23 12:35,42614,42619,42648,42609,81931
2025-07-23 12:40,42584,42604,42629,42584,57252
2025-07-23 12:45,42614,42589,42619,42584,49105
2025-07-23 12:50,42589,42619,42629,42574,46512
2025-07-23 12:55,42609,42589,42609,42579,16795
2025-07-23 13:00,42663,42609,42678,42604,80150
2025-07-23 13:05,42599,42658,42658,42599,34069
2025-07-23 13:10,42584,42604,42619,42584,13798
2025-07-23 13:15,42579,42584,42614,42569,46545
2025-07-23 13:20,42624,42579,42624,42579,25824
2025-07-23 13:25,42644,42619,42648,42614,55865
2025-07-23 13:30,42668,42644,42688,42644,52560
2025-07-23 13:35,42634,42668,42683,42634,30101
2025-07-23 13:40,42648,42634,42648,42619,68497
2025-07-23 13:45,42629,42648,42653,42624,18490
2025-07-23 13:50,42639,42629,42648,42604,37645
2025-07-23 13:55,42644,42639,42648,42624,43761
2025-07-23 14:00,42678,42648,42678,42639,73129
2025-07-23 14:05,42688,42683,42708,42673,86233
2025-07-23 14:10,42693,42688,42703,42678,29711
2025-07-23 14:15,42673,42693,42693,42663,31541
2025-07-23 14:20,42653,42673,42678,42634,73802
2025-07-23 14:25,42668,42653,42673,42648,22365
2025-07-23 14:30,42723,42668,42742,42663,84089
2025-07-23 14:35,42737,42723,42742,42708,43320
2025-07-23 14:40,42747,42737,42757,42732,45437
2025-07-23 14:45,42772,42742,42772,42732,40363
2025-07-23 14:50,42762,42772,42787,42747,38026
2025-07-23 14:55,42732,42757,42762,42718,21251
2025-07-23 15:00,42732,42737,42742,42708,28495
2025-07-23 15:05,42723,42732,42742,42713,30551
2025-07-23 15:10,42713,42728,42742,42703,23669
2025-07-23 15:15,42698,42703,42718,42693,49210
2025-07-23 15:20,42708,42693,42713,42693,58696
2025-07-24 9:00,43039,42984,43068,42975,177116
2025-07-24 9:05,43098,43029,43172,43014,401914
2025-07-24 9:10,43212,43098,43231,43059,363681
2025-07-24 9:15,43311,43207,43315,43207,339848
2025-07-24 9:20,43395,43306,43419,43301,323541
2025-07-24 9:25,43429,43395,43439,43365,354842
2025-07-24 9:30,43345,43429,43464,43320,332006
2025-07-24 9:35,43335,43340,43419,43261,643822
2025-07-24 9:40,43320,43330,43350,43291,129303
2025-07-24 9:45,43330,43320,43370,43301,78174
2025-07-24 9:50,43276,43325,43355,43276,72332
2025-07-24 9:55,43217,43276,43281,43207,81417
2025-07-24 10:00,43128,43222,43227,43128,133136
2025-07-24 10:05,43039,43128,43133,43024,169985
2025-07-24 10:10,43088,43034,43118,43029,106097
2025-07-24 10:15,42979,43088,43098,42920,236451
2025-07-24 10:20,43009,42979,43019,42940,162887
2025-07-24 10:25,42989,43004,43034,42970,83309
2025-07-24 10:30,42984,42989,43019,42970,79026
2025-07-24 10:35,43029,42984,43049,42950,115565
2025-07-24 10:40,43004,43019,43059,42979,92212
2025-07-24 10:45,43004,43004,43054,42975,99969
2025-07-24 10:50,42935,42999,43019,42905,193292
2025-07-24 10:55,43039,42940,43039,42940,45086
2025-07-24 11:00,43004,43039,43059,42999,50005
2025-07-24 11:05,43029,42999,43039,42999,24729
2025-07-24 11:10,43068,43024,43075,43019,38969
2025-07-24 11:15,43098,43068,43108,43054,57701
2025-07-24 11:20,43113,43098,43118,43068,89745
2025-07-24 11:25,43063,43113,43118,43059,56964
2025-07-24 11:30,43098,43063,43103,43059,50755
2025-07-24 11:35,43059,43095,43100,43039,94426
2025-07-24 11:40,42895,43059,43073,42866,219718
2025-07-24 11:45,42930,42886,42930,42747,526828
2025-07-24 11:50,42905,42930,42960,42871,121792
2025-07-24 11:55,42920,42900,42930,42876,59442
2025-07-24 12:00,42871,42905,42945,42846,92202
2025-07-24 12:05,42802,42871,42886,42777,113633
2025-07-24 12:10,42836,42807,42836,42777,72143
2025-07-24 12:15,42807,42831,42836,42792,70912
2025-07-24 12:20,42831,42807,42843,42767,83239
2025-07-24 12:25,42767,42836,42856,42767,88407
2025-07-24 12:30,42757,42767,42802,42723,138329
2025-07-24 12:35,42807,42752,42812,42737,80477
2025-07-24 12:40,42826,42807,42831,42772,57433
2025-07-24 12:45,42812,42826,42831,42807,79050
2025-07-24 12:50,42807,42812,42826,42787,72735
2025-07-24 12:55,42826,42807,42841,42792,88075
2025-07-24 13:00,42728,42826,42826,42723,155513
2025-07-24 13:05,42737,42728,42742,42713,89805
2025-07-24 13:10,42718,42732,42762,42698,81460
2025-07-24 13:15,42747,42718,42762,42708,55085
2025-07-24 13:20,42732,42747,42762,42713,94951
2025-07-24 13:25,42713,42732,42737,42668,116612
2025-07-24 13:30,42698,42708,42713,42653,105283
2025-07-24 13:35,42698,42698,42732,42698,63031
2025-07-24 13:40,42683,42708,42728,42673,71087
2025-07-24 13:45,42708,42683,42728,42683,110966
2025-07-24 13:50,42718,42708,42752,42703,83811
2025-07-24 13:55,42777,42718,42777,42718,78678
2025-07-24 14:00,42777,42772,42807,42762,140026
2025-07-24 14:05,42777,42782,42797,42752,176641
2025-07-24 14:10,42732,42767,42787,42713,98154
2025-07-24 14:15,42683,42732,42732,42668,100143
2025-07-24 14:20,42688,42678,42698,42653,74839
2025-07-24 14:25,42708,42688,42713,42678,59930
2025-07-24 14:30,42723,42713,42728,42688,50493
2025-07-24 14:35,42767,42723,42802,42723,114541
2025-07-24 14:40,42767,42767,42782,42737,51072
2025-07-24 14:45,42762,42772,42782,42747,29650
2025-07-24 14:50,42757,42762,42779,42737,45849
2025-07-24 14:55,42767,42752,42772,42747,57173
2025-07-24 15:00,42713,42762,42762,42688,70245
2025-07-24 15:05,42713,42708,42742,42698,50078
2025-07-24 15:10,42703,42713,42718,42693,41336
2025-07-24 15:15,42708,42703,42718,42693,88448
2025-07-24 15:20,42713,42708,42723,42698,37793
2025-07-25 9:00,42663,42594,42688,42569,67868
2025-07-25 9:05,42732,42653,42816,42653,448516
2025-07-25 9:10,42807,42723,42816,42723,233331
2025-07-25 9:15,42846,42802,42886,42767,218133
2025-07-25 9:20,42900,42846,42910,42802,184617
2025-07-25 9:25,42777,42900,42905,42742,206361
2025-07-25 9:30,42856,42782,42876,42777,117855
2025-07-25 9:35,42856,42856,42915,42831,131897
2025-07-25 9:40,42836,42856,42895,42787,91397
2025-07-25 9:45,42816,42831,42876,42802,100168
2025-07-25 9:50,42693,42812,42816,42688,98754
2025-07-25 9:55,42703,42688,42713,42658,87921
2025-07-25 10:00,42708,42708,42708,42673,64335
2025-07-25 10:05,42718,42708,42762,42693,80093
2025-07-25 10:10,42826,42713,42826,42713,103455
2025-07-25 10:15,42816,42826,42841,42792,71023
2025-07-25 10:20,42807,42816,42821,42772,38463
2025-07-25 10:25,42747,42807,42816,42732,52885
2025-07-25 10:30,42762,42752,42821,42747,40345
2025-07-25 10:35,42816,42762,42826,42752,59597
2025-07-25 10:40,42876,42812,42876,42777,79296
2025-07-25 10:45,42866,42876,42920,42861,100132
2025-07-25 10:50,42910,42871,42910,42861,29112
2025-07-25 10:55,42900,42910,42915,42861,37294
2025-07-25 11:00,42871,42900,42910,42851,46512
2025-07-25 11:05,42762,42871,42876,42757,86500
2025-07-25 11:10,42807,42777,42807,42762,64492
2025-07-25 11:15,42812,42812,42841,42797,35880
2025-07-25 11:20,42871,42812,42876,42812,59214
2025-07-25 11:25,42910,42871,42920,42866,93143
2025-07-25 11:30,42920,42910,42935,42886,67206
2025-07-25 11:35,42905,42915,42930,42895,34706
2025-07-25 11:40,42881,42900,42910,42881,28273
2025-07-25 11:45,42861,42886,42891,42861,31483
2025-07-25 11:50,42886,42861,42900,42856,24151
2025-07-25 11:55,42851,42886,42891,42846,26711
2025-07-25 12:00,42871,42851,42871,42816,70860
2025-07-25 12:05,42915,42871,42930,42871,159869
2025-07-25 12:10,42955,42915,42955,42905,92437
2025-07-25 12:15,42955,42950,42970,42945,102118
2025-07-25 12:20,42945,42950,42975,42935,48050
2025-07-25 12:25,42920,42945,42950,42910,80012
2025-07-25 12:30,42905,42915,42935,42905,22905
2025-07-25 12:35,42871,42905,42925,42866,36026
2025-07-25 12:40,42900,42876,42900,42866,33784
2025-07-25 12:45,42900,42900,42915,42886,79873
2025-07-25 12:50,42910,42900,42915,42881,43646
2025-07-25 12:55,42881,42915,42920,42861,38255
2025-07-25 13:00,42871,42886,42900,42871,32631
2025-07-25 13:05,42905,42868,42915,42866,52294
2025-07-25 13:10,42876,42910,42945,42876,61008
2025-07-25 13:15,42886,42876,42900,42841,93248
2025-07-25 13:20,42881,42881,42891,42856,68948
2025-07-25 13:25,42876,42881,42886,42861,27839
2025-07-25 13:30,42891,42876,42900,42871,33930
2025-07-25 13:35,42841,42891,42891,42812,62390
2025-07-25 13:40,42866,42846,42871,42836,40403
2025-07-25 13:45,42856,42866,42876,42841,37929
2025-07-25 13:50,42767,42851,42861,42762,113364
2025-07-25 13:55,42807,42762,42821,42762,56679
2025-07-25 14:00,42802,42802,42821,42787,44099
2025-07-25 14:05,42856,42799,42876,42787,189478
2025-07-25 14:10,42886,42856,42895,42846,49636
2025-07-25 14:15,42856,42886,42895,42851,67743
2025-07-25 14:20,42846,42861,42871,42836,39962
2025-07-25 14:25,42831,42836,42846,42821,32087
2025-07-25 14:30,42821,42831,42866,42816,41916
2025-07-25 14:35,42812,42821,42836,42782,73077
2025-07-25 14:40,42782,42807,42812,42767,59146
2025-07-25 14:45,42782,42772,42797,42767,52370
2025-07-25 14:50,42764,42787,42797,42762,119266
2025-07-25 14:55,42752,42764,42772,42747,141435
2025-07-25 15:00,42752,42762,42782,42737,189640
2025-07-25 15:05,42767,42752,42787,42749,110056
2025-07-25 15:10,42728,42757,42767,42723,66640
2025-07-25 15:15,42782,42732,42782,42728,130616
2025-07-25 15:20,42762,42777,42777,42757,43379
2025-07-28 9:00,43147,43192,43311,43147,210718
2025-07-28 9:05,42940,43143,43241,42930,351187
2025-07-28 9:10,42836,42930,42950,42762,376937
2025-07-28 9:15,42782,42831,42836,42737,213405
2025-07-28 9:20,42752,42787,42816,42688,189685
2025-07-28 9:25,42648,42747,42821,42644,176066
2025-07-28 9:30,42713,42653,42718,42624,241819
2025-07-28 9:35,42767,42713,42787,42658,74128
2025-07-28 9:40,42767,42762,42802,42732,87838
2025-07-28 9:45,42797,42762,42841,42718,95620
2025-07-28 9:50,42826,42792,42841,42762,74363
2025-07-28 9:55,42866,42816,42866,42772,153105
2025-07-28 10:00,42886,42866,42910,42846,141672
2025-07-28 10:05,42826,42886,42910,42812,88546
2025-07-28 10:10,42831,42831,42866,42787,54250
2025-07-28 10:15,42841,42831,42866,42792,55613
2025-07-28 10:20,42747,42841,42876,42747,303674
2025-07-28 10:25,42777,42752,42787,42723,85094
2025-07-28 10:30,42752,42777,42802,42747,57796
2025-07-28 10:35,42752,42752,42772,42732,51794
2025-07-28 10:40,42732,42752,42782,42728,23340
2025-07-28 10:45,42762,42737,42792,42723,87812
2025-07-28 10:50,42737,42767,42767,42728,35248
2025-07-28 10:55,42728,42747,42757,42698,48504
2025-07-28 11:00,42728,42723,42772,42718,45295
2025-07-28 11:05,42728,42732,42732,42683,58906
2025-07-28 11:10,42648,42718,42728,42629,120233
2025-07-28 11:15,42589,42644,42653,42584,108424
2025-07-28 11:20,42648,42586,42658,42574,51413
2025-07-28 11:25,42718,42648,42723,42629,59633
2025-07-28 11:30,42757,42718,42772,42713,90993
2025-07-28 11:35,42787,42752,42802,42752,105882
2025-07-28 11:40,42807,42792,42816,42787,80009
2025-07-28 11:45,42782,42802,42802,42777,40043
2025-07-28 11:50,42777,42782,42787,42767,26304
2025-07-28 11:55,42767,42782,42782,42757,21088
2025-07-28 12:00,42752,42767,42782,42747,32435
2025-07-28 12:05,42728,42752,42757,42708,33264
2025-07-28 12:10,42757,42728,42757,42713,50022
2025-07-28 12:15,42732,42752,42757,42723,34270
2025-07-28 12:20,42723,42732,42762,42723,41973
2025-07-28 12:25,42757,42728,42757,42723,18357
2025-07-28 12:30,42737,42757,42757,42723,34741
2025-07-28 12:35,42752,42732,42752,42713,38473
2025-07-28 12:40,42777,42757,42787,42742,89026
2025-07-28 12:45,42742,42777,42777,42737,34206
2025-07-28 12:50,42723,42737,42752,42718,16902
2025-07-28 12:55,42718,42718,42728,42703,43441
2025-07-28 13:00,42732,42718,42742,42708,24103
2025-07-28 13:05,42787,42732,42787,42728,86838
2025-07-28 13:10,42818,42792,42831,42792,134364
2025-07-28 13:15,42846,42816,42861,42816,205320
2025-07-28 13:20,42831,42846,42871,42831,123611
2025-07-28 13:25,42866,42826,42876,42821,82129
2025-07-28 13:30,42881,42871,42886,42856,149022
2025-07-28 13:35,42910,42881,42930,42876,216863
2025-07-28 13:40,42886,42900,42945,42881,81598
2025-07-28 13:45,42895,42881,42905,42876,109361
2025-07-28 13:50,42945,42905,42950,42895,74224
2025-07-28 13:55,42960,42945,42979,42935,81005
2025-07-28 14:00,42965,42960,42975,42945,33393
2025-07-28 14:05,42965,42965,42979,42950,30458
2025-07-28 14:10,42960,42965,42970,42925,49114
2025-07-28 14:15,42945,42960,42975,42945,56437
2025-07-28 14:20,42989,42950,43009,42935,94817
2025-07-28 14:25,42979,42989,43014,42979,35668
2025-07-28 14:30,43004,42989,43019,42984,53684
2025-07-28 14:35,42975,43004,43009,42975,81048
2025-07-28 14:40,43014,42970,43014,42970,79714
2025-07-28 14:45,43004,43009,43019,42989,303328
2025-07-28 14:50,42994,42999,42999,42979,57217
2025-07-28 14:55,42979,42989,42999,42965,28450
2025-07-28 15:00,42989,42979,42999,42975,38300
2025-07-28 15:05,42994,42989,42999,42975,25145
2025-07-28 15:10,43004,42989,43009,42975,70242
2025-07-28 15:15,43004,43004,43014,42994,85572
2025-07-28 15:20,43009,43004,43009,42994,57438
2025-07-29 9:00,42718,42841,42841,42718,55082
2025-07-29 9:05,42609,42713,42792,42564,323562
2025-07-29 9:10,42584,42609,42609,42530,243677
2025-07-29 9:15,42589,42589,42594,42456,212197
2025-07-29 9:20,42742,42599,42752,42574,320525
2025-07-29 9:25,42777,42752,42802,42723,456843
2025-07-29 9:30,42757,42777,42797,42732,155441
2025-07-29 9:35,42762,42762,42802,42673,114646
2025-07-29 9:40,42747,42762,42807,42728,60441
2025-07-29 9:45,42792,42752,42836,42742,75556
2025-07-29 9:50,42836,42792,42856,42782,89420
2025-07-29 9:55,42876,42831,42886,42821,66927
2025-07-29 10:00,42920,42871,42930,42851,100844
2025-07-29 10:05,42895,42915,42925,42876,134924
2025-07-29 10:10,42965,42900,42979,42886,102976
2025-07-29 10:15,42999,42960,43034,42945,200788
2025-07-29 10:20,42984,43009,43019,42955,63586
2025-07-29 10:25,42989,42979,42999,42950,101870
2025-07-29 10:30,42984,42984,42999,42960,73772
2025-07-29 10:35,42989,42984,43019,42940,59780
2025-07-29 10:40,43073,42989,43078,42975,80582
2025-07-29 10:45,43113,43068,43162,43068,99091
2025-07-29 10:50,43098,43123,43133,43063,75765
2025-07-29 10:55,43083,43098,43113,43073,23007
2025-07-29 11:00,43049,43078,43078,43039,76433
2025-07-29 11:05,43044,43044,43059,43019,43489
2025-07-29 11:10,43078,43044,43078,43014,83520
2025-07-29 11:15,43088,43078,43108,43063,81289
2025-07-29 11:20,43103,43083,43118,43073,56371
2025-07-29 11:25,43118,43103,43133,43093,28785
2025-07-29 11:30,43256,43118,43256,43100,164212
2025-07-29 11:35,43147,43256,43261,43118,232002
2025-07-29 11:40,43192,43152,43197,43143,43278
2025-07-29 11:45,43222,43192,43222,43177,64061
2025-07-29 11:50,43241,43217,43266,43212,149767
2025-07-29 11:55,43281,43253,43311,43246,208027
2025-07-29 12:00,43355,43286,43355,43276,109792
2025-07-29 12:05,43340,43350,43375,43320,34375
2025-07-29 12:10,43306,43335,43340,43306,43707
2025-07-29 12:15,43306,43311,43320,43296,65469
2025-07-29 12:20,43296,43301,43325,43281,52654
2025-07-29 12:25,43291,43296,43306,43281,26633
2025-07-29 12:30,43291,43301,43301,43276,34800
2025-07-29 12:35,43281,43291,43301,43271,30064
2025-07-29 12:40,43276,43281,43306,43271,46074
2025-07-29 12:45,43281,43271,43291,43251,28341
2025-07-29 12:50,43276,43286,43301,43246,32266
2025-07-29 12:55,43261,43276,43281,43236,46120
2025-07-29 13:00,43276,43251,43291,43251,41625
2025-07-29 13:05,43301,43276,43311,43266,52437
2025-07-29 13:10,43315,43301,43320,43286,31092
2025-07-29 13:15,43301,43320,43330,43286,38925
2025-07-29 13:20,43296,43303,43330,43296,48122
2025-07-29 13:25,43271,43301,43301,43261,35272
2025-07-29 13:30,43291,43261,43291,43246,50560
2025-07-29 13:35,43291,43291,43315,43281,28352
2025-07-29 13:40,43266,43286,43296,43256,48715
2025-07-29 13:45,43241,43271,43281,43227,39427
2025-07-29 13:50,43207,43236,43241,43182,51239
2025-07-29 13:55,43182,43202,43231,43177,34956
2025-07-29 14:00,43172,43182,43187,43147,63611
2025-07-29 14:05,43212,43172,43222,43167,41778
2025-07-29 14:10,43227,43217,43246,43202,67137
2025-07-29 14:15,43276,43231,43286,43222,86826
2025-07-29 14:20,43251,43271,43281,43241,32089
2025-07-29 14:25,43251,43256,43281,43246,37691
2025-07-29 14:30,43256,43256,43261,43227,40572
2025-07-29 14:35,43266,43251,43281,43241,48702
2025-07-29 14:40,43286,43263,43296,43261,51585
2025-07-29 14:45,43286,43281,43301,43276,32533
2025-07-29 14:50,43325,43291,43340,43281,100329
2025-07-29 14:55,43291,43320,43325,43276,42343
2025-07-29 15:00,43281,43291,43315,43276,60508
2025-07-29 15:05,43281,43286,43296,43271,37115
2025-07-29 15:10,43281,43276,43291,43261,34442
2025-07-29 15:15,43291,43276,43296,43276,56429
2025-07-29 15:20,43301,43286,43301,43276,40697
2025-07-30 9:00,43370,43301,43439,43276,131022
2025-07-30 9:05,43618,43365,43628,43350,345049
2025-07-30 9:10,43549,43623,43663,43539,335215
2025-07-30 9:15,43380,43544,43544,43350,271854
2025-07-30 9:20,43405,43365,43439,43330,369272
2025-07-30 9:25,43385,43410,43430,43325,165153
2025-07-30 9:30,43425,43382,43430,43355,81052
2025-07-30 9:35,43494,43425,43529,43420,133873
2025-07-30 9:40,43504,43489,43573,43474,178542
2025-07-30 9:45,43564,43504,43573,43479,103768
2025-07-30 9:50,43568,43564,43578,43509,99637
2025-07-30 9:55,43554,43564,43598,43499,103173
2025-07-30 10:00,43658,43554,43688,43544,285269
2025-07-30 10:05,43648,43663,43697,43613,126941
2025-07-30 10:10,43598,43643,43678,43583,101779
2025-07-30 10:15,43578,43588,43608,43559,67674
2025-07-30 10:20,43564,43573,43593,43529,133568
2025-07-30 10:25,43484,43564,43564,43474,136390
2025-07-30 10:30,43534,43489,43539,43474,93418
2025-07-30 10:35,43643,43534,43658,43524,113535
2025-07-30 10:40,43618,43643,43663,43598,41683
2025-07-30 10:45,43648,43613,43648,43613,34500
2025-07-30 10:50,43668,43648,43678,43633,61843
2025-07-30 10:55,43668,43663,43692,43638,63199
2025-07-30 11:00,43712,43668,43717,43658,71363
2025-07-30 11:05,43648,43707,43719,43643,65385
2025-07-30 11:10,43668,43643,43668,43618,66688
2025-07-30 11:15,43673,43658,43712,43653,110646
2025-07-30 11:20,43678,43678,43717,43678,68145
2025-07-30 11:25,43663,43692,43702,43663,33615
2025-07-30 11:30,43678,43673,43683,43633,50294
2025-07-30 11:35,43747,43683,43747,43673,155429
2025-07-30 11:40,43727,43747,43747,43697,120521
2025-07-30 11:45,43732,43732,43742,43717,75924
2025-07-30 11:50,43782,43727,43802,43727,114708
2025-07-30 11:55,43802,43782,43816,43782,73493
2025-07-30 12:00,43802,43797,43812,43787,32906
2025-07-30 12:05,43787,43802,43821,43782,68820
2025-07-30 12:10,43787,43792,43807,43772,46660
2025-07-30 12:15,43767,43787,43797,43767,43503
2025-07-30 12:20,43782,43772,43782,43752,68687
2025-07-30 12:25,43752,43777,43782,43737,22396
2025-07-30 12:30,43782,43747,43787,43747,33564
2025-07-30 12:35,43772,43782,43782,43747,48829
2025-07-30 12:40,43797,43777,43797,43767,16907
2025-07-30 12:45,43797,43787,43807,43787,43462
2025-07-30 12:50,43821,43802,43841,43787,75462
2025-07-30 12:55,43816,43821,43831,43792,62532
2025-07-30 13:00,43841,43812,43846,43802,59413
2025-07-30 13:05,43861,43841,43881,43831,148488
2025-07-30 13:10,43931,43861,43936,43851,184170
2025-07-30 13:15,43936,43926,43955,43926,169501
2025-07-30 13:20,43936,43936,43945,43906,71109
2025-07-30 13:25,43926,43931,43941,43911,63800
2025-07-30 13:30,43936,43931,43955,43926,186867
2025-07-30 13:35,43906,43936,43942,43881,123577
2025-07-30 13:40,43931,43901,43931,43886,70140
2025-07-30 13:45,43926,43931,43945,43916,53539
2025-07-30 13:50,43911,43926,43936,43896,39302
2025-07-30 13:55,43901,43921,43926,43896,28489
2025-07-30 14:00,43911,43906,43931,43906,46035
2025-07-30 14:05,43911,43911,43926,43886,73009
2025-07-30 14:10,43881,43906,43921,43856,125227
2025-07-30 14:15,43861,43876,43881,43831,67310
2025-07-30 14:20,43866,43866,43901,43851,88336
2025-07-30 14:25,43916,43866,43931,43846,149059
2025-07-30 14:30,43911,43911,43936,43896,54455
2025-07-30 14:35,43911,43916,43941,43906,78064
2025-07-30 14:40,43911,43911,43945,43896,44550
2025-07-30 14:45,43886,43911,43921,43861,76957
2025-07-30 14:50,43891,43891,43911,43871,77991
2025-07-30 14:55,43896,43886,43911,43881,74633
2025-07-30 15:00,43876,43896,43901,43866,74831
2025-07-30 15:05,43757,43876,43886,43757,122373
2025-07-30 15:10,43717,43757,43777,43707,249175
2025-07-30 15:15,43742,43707,43757,43697,218461
2025-07-30 15:20,43702,43747,43747,43680,153539
2025-07-31 9:00,44114,44025,44124,44000,296360
2025-07-31 9:05,43727,44119,44179,43683,712513
2025-07-31 9:10,43678,43722,43767,43633,293359
2025-07-31 9:15,43722,43663,43861,43658,355492
2025-07-31 9:20,43836,43722,43866,43712,210083
2025-07-31 9:25,43871,43831,43886,43802,199708
2025-07-31 9:30,43816,43866,43891,43782,166897
2025-07-31 9:35,43836,43816,43836,43702,149837
2025-07-31 9:40,43856,43831,43871,43782,140301
2025-07-31 9:45,43871,43856,43881,43807,101406
2025-07-31 9:50,43787,43861,43945,43767,242734
2025-07-31 9:55,43727,43787,43789,43712,143435
2025-07-31 10:00,43712,43727,43772,43688,158487
2025-07-31 10:05,43668,43712,43717,43559,255750
2025-07-31 10:10,43623,43658,43673,43613,75556
2025-07-31 10:15,43643,43623,43668,43598,107504
2025-07-31 10:20,43623,43638,43648,43539,175657
2025-07-31 10:25,43663,43618,43678,43608,70836
2025-07-31 10:30,43747,43663,43752,43648,112846
2025-07-31 10:35,43816,43742,43816,43742,111159
2025-07-31 10:40,43767,43812,43826,43742,71676
2025-07-31 10:45,43787,43762,43826,43747,75891
2025-07-31 10:50,43742,43787,43797,43727,65067
2025-07-31 10:55,43658,43732,43747,43638,110263
2025-07-31 11:00,43633,43653,43668,43603,147718
2025-07-31 11:05,43603,43633,43643,43598,69684
2025-07-31 11:10,43578,43598,43598,43534,119929
2025-07-31 11:15,43613,43578,43623,43564,54391
2025-07-31 11:20,43668,43608,43673,43608,115184
2025-07-31 11:25,43618,43668,43668,43603,108888
2025-07-31 11:30,43608,43613,43633,43588,81455
2025-07-31 11:35,43648,43603,43658,43603,64200
2025-07-31 11:40,43638,43643,43658,43618,35839
2025-07-31 11:45,43688,43638,43692,43623,40964
2025-07-31 11:50,43702,43688,43707,43668,42112
2025-07-31 11:55,43683,43697,43702,43663,21409
2025-07-31 12:00,43623,43678,43683,43618,32881
2025-07-31 12:05,43504,43623,43623,43499,126764
2025-07-31 12:10,43539,43509,43544,43489,47700
2025-07-31 12:15,43539,43534,43573,43534,75425
2025-07-31 12:20,43499,43539,43539,43484,51476
2025-07-31 12:25,43499,43499,43519,43489,36806
2025-07-31 12:30,43499,43499,43504,43454,84922
2025-07-31 12:35,43509,43494,43514,43479,87753
2025-07-31 12:40,43499,43504,43519,43489,87494
2025-07-31 12:45,43499,43499,43509,43479,89572
2025-07-31 12:50,43489,43499,43499,43474,77166
2025-07-31 12:55,43474,43484,43504,43464,50566
2025-07-31 13:00,43444,43469,43474,43439,59619
2025-07-31 13:05,43444,43444,43444,43405,91546
2025-07-31 13:10,43499,43444,43514,43435,62683
2025-07-31 13:15,43504,43499,43519,43484,30169
2025-07-31 13:20,43514,43504,43529,43494,33029
2025-07-31 13:25,43529,43514,43529,43504,28900
2025-07-31 13:30,43499,43524,43529,43489,69990
2025-07-31 13:35,43494,43489,43514,43484,22968
2025-07-31 13:40,43469,43494,43499,43425,115937
2025-07-31 13:45,43444,43474,43484,43435,37522
2025-07-31 13:50,43459,43444,43464,43435,40368
2025-07-31 13:55,43509,43454,43519,43454,70991
2025-07-31 14:00,43514,43509,43529,43494,36071
2025-07-31 14:05,43489,43514,43514,43469,59195
2025-07-31 14:10,43504,43484,43509,43474,23125
2025-07-31 14:15,43469,43504,43524,43444,75951
2025-07-31 14:20,43435,43474,43474,43390,86042
2025-07-31 14:25,43449,43439,43474,43425,70103
2025-07-31 14:30,43449,43444,43464,43439,160579
2025-07-31 14:35,43459,43454,43464,43425,56386
2025-07-31 14:40,43444,43459,43464,43430,31797
2025-07-31 14:45,43479,43444,43489,43439,58162
2025-07-31 14:50,43479,43479,43494,43464,41195
2025-07-31 14:55,43489,43479,43499,43459,41069
2025-07-31 15:00,43464,43494,43509,43464,144961
2025-07-31 15:05,43469,43464,43489,43464,186362
2025-07-31 15:10,43474,43469,43484,43464,85310
2025-07-31 15:15,43504,43474,43509,43464,157359
2025-07-31 15:20,43529,43509,43539,43504,91445
2025-08-01 9:00,42824,42948,43043,42824,230900
2025-08-01 9:05,42810,42819,42899,42735,410151
2025-08-01 9:10,42805,42810,42948,42710,535914
2025-08-01 9:15,42785,42814,42919,42765,299630
2025-08-01 9:20,42884,42785,42919,42765,282102
2025-08-01 9:25,42735,42884,42899,42715,287368
2025-08-01 9:30,42730,42740,42740,42685,157792
2025-08-01 9:35,42581,42730,42765,42576,303960
2025-08-01 9:40,42571,42586,42681,42561,220447
2025-08-01 9:45,42492,42571,42611,42487,293382
2025-08-01 9:50,42378,42492,42497,42373,322135
2025-08-01 9:55,42308,42378,42413,42294,332730
2025-08-01 10:00,42249,42308,42378,42239,460383
2025-08-01 10:05,42155,42244,42343,42145,415904
2025-08-01 10:10,42036,42160,42160,41986,688127
2025-08-01 10:15,42150,42036,42244,42026,517034
2025-08-01 10:20,42130,42160,42199,42041,219595
2025-08-01 10:25,42075,42130,42130,42056,179252
2025-08-01 10:30,42264,42085,42274,42036,203679
2025-08-01 10:35,42239,42264,42284,42170,203553
2025-08-01 10:40,42284,42239,42299,42224,128864
2025-08-01 10:45,42284,42279,42328,42264,162759
2025-08-01 10:50,42199,42289,42299,42194,130210
2025-08-01 10:55,42254,42214,42299,42204,161812
2025-08-01 11:00,42284,42254,42304,42229,155953
2025-08-01 11:05,42274,42289,42328,42244,217682
2025-08-01 11:10,42363,42274,42368,42269,106781
2025-08-01 11:15,42358,42353,42403,42353,279786
2025-08-01 11:20,42313,42368,42378,42284,355591
2025-08-01 11:25,42294,42313,42318,42239,154049
2025-08-01 11:30,42269,42289,42299,42254,86575
2025-08-01 11:35,42264,42264,42279,42204,135985
2025-08-01 11:40,42343,42259,42343,42239,111709
2025-08-01 11:45,42353,42343,42368,42323,64529
2025-08-01 11:50,42313,42353,42353,42299,55149
2025-08-01 11:55,42323,42313,42338,42274,69524
2025-08-01 12:00,42284,42318,42323,42264,67344
2025-08-01 12:05,42244,42284,42333,42229,110063
2025-08-01 12:10,42274,42244,42294,42234,88871
2025-08-01 12:15,42219,42274,42274,42214,98399
2025-08-01 12:20,42194,42219,42224,42165,142942
2025-08-01 12:25,42175,42194,42204,42170,82501
2025-08-01 12:30,42180,42175,42199,42160,83975
2025-08-01 12:35,42100,42175,42184,42090,260946
2025-08-01 12:40,42130,42095,42140,42085,89381
2025-08-01 12:45,42170,42125,42170,42115,122324
2025-08-01 12:50,42110,42167,42180,42105,89102
2025-08-01 12:55,42080,42110,42110,42065,143178
2025-08-01 13:00,42031,42080,42085,42026,147917
2025-08-01 13:05,42016,42031,42090,42006,178793
2025-08-01 13:10,42031,42016,42036,41991,149161
2025-08-01 13:15,42065,42036,42075,42036,80045
2025-08-01 13:20,42041,42060,42070,42021,80751
2025-08-01 13:25,42051,42041,42075,42021,102953
2025-08-01 13:30,42065,42060,42085,42051,117811
2025-08-01 13:35,42026,42070,42080,42006,110050
2025-08-01 13:40,41996,42021,42036,41986,154561
2025-08-01 13:45,42011,41991,42031,41986,135716
2025-08-01 13:50,42011,42016,42036,41981,119276
2025-08-01 13:55,41971,42011,42021,41966,131112
2025-08-01 14:00,41971,41976,41996,41961,156657
2025-08-01 14:05,41946,41966,41981,41927,278485
2025-08-01 14:10,41966,41946,41981,41941,138465
2025-08-01 14:15,41951,41966,41991,41941,117561
2025-08-01 14:20,41879,41951,41951,41857,246501
2025-08-01 14:25,41951,41877,41971,41877,181442
2025-08-01 14:30,42036,41946,42060,41941,178286
2025-08-01 14:35,41996,42036,42060,41996,162130
2025-08-01 14:40,41956,42001,42011,41946,118370
2025-08-01 14:45,41946,41951,41991,41927,174693
2025-08-01 14:50,41951,41951,41961,41917,122396
2025-08-01 14:55,41936,41956,41966,41931,97110
2025-08-01 15:00,41892,41936,41941,41882,162569
2025-08-01 15:05,41842,41892,41897,41837,174895
2025-08-01 15:10,41817,41847,41862,41788,250023
2025-08-01 15:15,41842,41812,41867,41807,254841
2025-08-01 15:20,41788,41837,41852,41768,220593
2025-08-04 9:00,41817,41798,41852,41679,201083
2025-08-04 9:05,41768,41807,41902,41609,541954
2025-08-04 9:10,42011,41773,42011,41753,568882
2025-08-04 9:15,41922,42006,42060,41907,402210
2025-08-04 9:20,42001,41917,42120,41912,299733
2025-08-04 9:25,41807,42011,42056,41798,229502
2025-08-04 9:30,41892,41817,41907,41798,139968
2025-08-04 9:35,41897,41887,41917,41817,117794
2025-08-04 9:40,42041,41897,42065,41892,253701
2025-08-04 9:45,42056,42038,42110,42026,222802
2025-08-04 9:50,42120,42051,42135,42031,208068
2025-08-04 9:55,42056,42110,42110,42031,151318
2025-08-04 10:00,42110,42051,42155,42021,147559
2025-08-04 10:05,42189,42105,42204,42105,153264
2025-08-04 10:10,42130,42184,42204,42120,81267
2025-08-04 10:15,42224,42135,42229,42130,87368
2025-08-04 10:20,42299,42219,42304,42214,112982
2025-08-04 10:25,42249,42299,42313,42229,126843
2025-08-04 10:30,42318,42249,42318,42244,90360
2025-08-04 10:35,42353,42308,42363,42284,123124
2025-08-04 10:40,42358,42353,42378,42318,81113
2025-08-04 10:45,42358,42353,42383,42328,85611
2025-08-04 10:50,42304,42363,42378,42294,126197
2025-08-04 10:55,42239,42304,42318,42239,62680
2025-08-04 11:00,42204,42239,42244,42155,92237
2025-08-04 11:05,42150,42204,42214,42090,126559
2025-08-04 11:10,42140,42145,42155,42115,165834
2025-08-04 11:15,42209,42145,42224,42135,137802
2025-08-04 11:20,42184,42209,42224,42165,72874
2025-08-04 11:25,42184,42189,42214,42184,35524
2025-08-04 11:30,42105,42184,42189,42095,47694
2025-08-04 11:35,42180,42105,42209,42105,36651
2025-08-04 11:40,42194,42180,42194,42160,32719
2025-08-04 11:45,42165,42194,42224,42160,63036
2025-08-04 11:50,42130,42165,42175,42110,126640
2025-08-04 11:55,42150,42130,42150,42095,69233
2025-08-04 12:00,42189,42155,42199,42150,33064
2025-08-04 12:05,42239,42189,42269,42189,89604
2025-08-04 12:10,42279,42239,42284,42229,114236
2025-08-04 12:15,42244,42279,42289,42244,29291
2025-08-04 12:20,42249,42246,42259,42209,40420
2025-08-04 12:25,42229,42249,42274,42219,44471
2025-08-04 12:30,42244,42229,42249,42214,28919
2025-08-04 12:35,42224,42249,42249,42214,14798
2025-08-04 12:40,42229,42224,42234,42214,18672
2025-08-04 12:45,42264,42229,42294,42229,74401
2025-08-04 12:50,42289,42264,42289,42264,30892
2025-08-04 12:55,42313,42284,42313,42279,39834
2025-08-04 13:00,42363,42313,42370,42313,89354
2025-08-04 13:05,42318,42363,42363,42308,39733
2025-08-04 13:10,42358,42323,42378,42294,83478
2025-08-04 13:15,42333,42358,42378,42328,71167
2025-08-04 13:20,42333,42333,42358,42313,35567
2025-08-04 13:25,42313,42333,42348,42294,35990
2025-08-04 13:30,42310,42308,42323,42299,24892
2025-08-04 13:35,42333,42308,42343,42304,48190
2025-08-04 13:40,42313,42328,42338,42289,93258
2025-08-04 13:45,42343,42318,42343,42289,55059
2025-08-04 13:50,42338,42343,42353,42318,49571
2025-08-04 13:55,42338,42343,42348,42323,27244
2025-08-04 14:00,42323,42343,42343,42308,42392
2025-08-04 14:05,42279,42318,42333,42274,102844
2025-08-04 14:10,42294,42274,42299,42264,81695
2025-08-04 14:15,42264,42299,42318,42264,47567
2025-08-04 14:20,42320,42274,42328,42269,86094
2025-08-04 14:25,42388,42323,42393,42313,141758
2025-08-04 14:30,42378,42393,42393,42358,72071
2025-08-04 14:35,42388,42383,42413,42373,82563
2025-08-04 14:40,42378,42383,42388,42368,38885
2025-08-04 14:45,42373,42373,42388,42363,47935
2025-08-04 14:50,42368,42378,42388,42343,112752
2025-08-04 14:55,42348,42368,42373,42343,32945
2025-08-04 15:00,42338,42353,42358,42333,39541
2025-08-04 15:05,42388,42338,42393,42338,90939
2025-08-04 15:10,42368,42388,42393,42363,88089
2025-08-04 15:15,42368,42368,42388,42363,54732
2025-08-04 15:20,42363,42368,42383,42358,85465
2025-08-05 9:00,42800,42765,42839,42765,158390
2025-08-05 9:05,43008,42805,43043,42800,638824
2025-08-05 9:10,43028,43013,43058,42983,221167
2025-08-05 9:15,43067,43028,43087,43023,205809
2025-08-05 9:20,43048,43067,43082,43008,197517
2025-08-05 9:25,43112,43043,43117,42998,151678
2025-08-05 9:30,43038,43107,43122,42948,120044
2025-08-05 9:35,43033,43038,43053,42988,108964
2025-08-05 9:40,42978,43038,43053,42968,104911
2025-08-05 9:45,42968,42978,43003,42948,85319
2025-08-05 9:50,42963,42958,43028,42958,84239
2025-08-05 9:55,42874,42953,42953,42849,145638
2025-08-05 10:00,42958,42874,42963,42864,64889
2025-08-05 10:05,42948,42963,42973,42938,70640
2025-08-05 10:10,42968,42948,42983,42919,58047
2025-08-05 10:15,42834,42963,42978,42819,141903
2025-08-05 10:20,42810,42829,42839,42765,103911
2025-08-05 10:25,42785,42800,42829,42775,38737
2025-08-05 10:30,42805,42785,42824,42760,78116
2025-08-05 10:35,42819,42805,42849,42790,82474
2025-08-05 10:40,42829,42819,42834,42725,119937
2025-08-05 10:45,42790,42829,42834,42785,36815
2025-08-05 10:50,42790,42800,42800,42755,101871
2025-08-05 10:55,42810,42785,42839,42780,118721
2025-08-05 11:00,42864,42814,42874,42800,80340
2025-08-05 11:05,42869,42869,42909,42844,49508
2025-08-05 11:10,42869,42879,42884,42849,24335
2025-08-05 11:15,42810,42874,42879,42805,50067
2025-08-05 11:20,42800,42810,42829,42775,56690
2025-08-05 11:25,42681,42800,42800,42671,243985
2025-08-05 11:30,42661,42681,42690,42616,97255
2025-08-05 11:35,42705,42656,42730,42636,87883
2025-08-05 11:40,42685,42695,42715,42656,53754
2025-08-05 11:45,42651,42685,42685,42651,32368
2025-08-05 11:50,42606,42656,42671,42596,41594
2025-08-05 11:55,42581,42606,42616,42566,53810
2025-08-05 12:00,42601,42581,42601,42547,60182
2025-08-05 12:05,42626,42598,42636,42586,38337
2025-08-05 12:10,42626,42621,42656,42611,40099
2025-08-05 12:15,42656,42636,42656,42601,35212
2025-08-05 12:20,42621,42646,42681,42621,58489
2025-08-05 12:25,42596,42626,42651,42586,21893
2025-08-05 12:30,42651,42591,42656,42591,48778
2025-08-05 12:35,42710,42651,42710,42651,62554
2025-08-05 12:40,42715,42710,42725,42695,34488
2025-08-05 12:45,42720,42720,42730,42705,36891
2025-08-05 12:50,42735,42725,42755,42720,63651
2025-08-05 12:55,42770,42730,42785,42730,59162
2025-08-05 13:00,42775,42765,42795,42760,43674
2025-08-05 13:05,42790,42775,42810,42775,53088
2025-08-05 13:10,42770,42790,42810,42770,24882
2025-08-05 13:15,42790,42770,42819,42770,44704
2025-08-05 13:20,42770,42800,42800,42770,11768
2025-08-05 13:25,42819,42770,42824,42765,39703
2025-08-05 13:30,42800,42819,42819,42800,104859
2025-08-05 13:35,42790,42800,42810,42775,292061
2025-08-05 13:40,42814,42785,42819,42780,119832
2025-08-05 13:45,42800,42814,42819,42770,100344
2025-08-05 13:50,42800,42795,42810,42785,16436
2025-08-05 13:55,42814,42800,42814,42790,45815
2025-08-05 14:00,42869,42814,42879,42805,51478
2025-08-05 14:05,42844,42869,42894,42839,51239
2025-08-05 14:10,42859,42844,42869,42839,87233
2025-08-05 14:15,42831,42859,42869,42824,73434
2025-08-05 14:20,42819,42829,42839,42810,275491
2025-08-05 14:25,42810,42824,42834,42800,47867
2025-08-05 14:30,42879,42805,42889,42805,144147
2025-08-05 14:35,42859,42879,42884,42844,49950
2025-08-05 14:40,42899,42859,42904,42849,59099
2025-08-05 14:45,42879,42904,42904,42869,34410
2025-08-05 14:50,42909,42879,42909,42879,27431
2025-08-05 14:55,42884,42904,42909,42874,12874
2025-08-05 15:00,42864,42879,42899,42859,24919
2025-08-05 15:05,42879,42869,42884,42859,28409
2025-08-05 15:10,42869,42879,42884,42859,33708
2025-08-05 15:15,42869,42879,42894,42869,51990
2025-08-05 15:20,42879,42869,42884,42854,47141
2025-08-06 9:00,42561,42566,42671,42561,97662
2025-08-06 9:05,42631,42557,42700,42557,246892
2025-08-06 9:10,42641,42636,42681,42482,544466
2025-08-06 9:15,42561,42641,42641,42542,247333
2025-08-06 9:20,42671,42561,42695,42522,171654
2025-08-06 9:25,42666,42671,42685,42611,149668
2025-08-06 9:30,42621,42666,42705,42606,178095
2025-08-06 9:35,42651,42621,42700,42601,139101
2025-08-06 9:40,42641,42656,42770,42636,211959
2025-08-06 9:45,42626,42636,42636,42557,99684
2025-08-06 9:50,42636,42631,42661,42611,54269
2025-08-06 9:55,42586,42636,42651,42586,52277
2025-08-06 10:00,42571,42586,42596,42527,75278
2025-08-06 10:05,42596,42566,42621,42561,79381
2025-08-06 10:10,42651,42591,42651,42571,55523
2025-08-06 10:15,42651,42641,42656,42581,46652
2025-08-06 10:20,42651,42656,42656,42606,76317
2025-08-06 10:25,42621,42651,42666,42596,43023
2025-08-06 10:30,42651,42631,42656,42616,34008
2025-08-06 10:35,42661,42651,42700,42636,53322
2025-08-06 10:40,42685,42661,42690,42651,25342
2025-08-06 10:45,42676,42685,42715,42671,50839
2025-08-06 10:50,42676,42681,42685,42651,24333
2025-08-06 10:55,42705,42671,42710,42671,26826
2025-08-06 11:00,42805,42700,42805,42700,80522
2025-08-06 11:05,42755,42805,42814,42755,81354
2025-08-06 11:10,42770,42755,42775,42750,21950
2025-08-06 11:15,42750,42770,42770,42735,42468
2025-08-06 11:20,42740,42750,42750,42725,31601
2025-08-06 11:25,42755,42740,42765,42740,19208
2025-08-06 11:30,42765,42755,42775,42750,30356
2025-08-06 11:35,42755,42760,42785,42750,43911
2025-08-06 11:40,42720,42755,42775,42720,32040
2025-08-06 11:45,42745,42720,42755,42705,45067
2025-08-06 11:50,42775,42750,42780,42750,63111
2025-08-06 11:55,42755,42770,42780,42755,13758
2025-08-06 12:00,42740,42760,42770,42725,27098
2025-08-06 12:05,42720,42735,42740,42705,36040
2025-08-06 12:10,42730,42720,42755,42715,25869
2025-08-06 12:15,42710,42730,42730,42695,34408
2025-08-06 12:20,42720,42710,42725,42695,32604
2025-08-06 12:25,42676,42720,42720,42661,25984
2025-08-06 12:30,42681,42676,42690,42671,37231
2025-08-06 12:35,42676,42681,42690,42666,19681
2025-08-06 12:40,42646,42676,42676,42641,31447
2025-08-06 12:45,42661,42651,42661,42636,11273
2025-08-06 12:50,42690,42661,42690,42651,24832
2025-08-06 12:55,42685,42690,42695,42671,67284
2025-08-06 13:00,42685,42690,42695,42671,23096
2025-08-06 13:05,42705,42685,42715,42681,48421
2025-08-06 13:10,42700,42710,42725,42695,46448
2025-08-06 13:15,42690,42700,42705,42681,19579
2025-08-06 13:20,42695,42685,42705,42676,26422
2025-08-06 13:25,42700,42695,42710,42681,11620
2025-08-06 13:30,42705,42710,42720,42690,20989
2025-08-06 13:35,42710,42705,42720,42690,13516
2025-08-06 13:40,42727,42705,42730,42695,41877
2025-08-06 13:45,42681,42727,42730,42671,19450
2025-08-06 13:50,42720,42681,42725,42671,45373
2025-08-06 13:55,42710,42720,42730,42705,53043
2025-08-06 14:00,42715,42712,42720,42700,24174
2025-08-06 14:05,42681,42715,42715,42671,70623
2025-08-06 14:10,42671,42681,42700,42666,22605
2025-08-06 14:15,42685,42671,42695,42666,19793
2025-08-06 14:20,42705,42685,42720,42676,52068
2025-08-06 14:25,42690,42705,42710,42671,22721
2025-08-06 14:30,42730,42690,42730,42681,48078
2025-08-06 14:35,42770,42730,42770,42730,47833
2025-08-06 14:40,42805,42767,42805,42745,44241
2025-08-06 14:45,42839,42800,42839,42790,71488
2025-08-06 14:50,42824,42834,42859,42819,96946
2025-08-06 14:55,42849,42819,42859,42819,42659
2025-08-06 15:00,42824,42844,42849,42819,36532
2025-08-06 15:05,42819,42824,42839,42814,49722
2025-08-06 15:10,42829,42819,42834,42810,38974
2025-08-06 15:15,42824,42829,42829,42805,57024
2025-08-06 15:20,42834,42829,42839,42819,65221
2025-08-07 9:00,43102,43152,43152,43033,83850
2025-08-07 9:05,42993,43107,43196,42953,379990
2025-08-07 9:10,42849,42993,43000,42819,296580
2025-08-07 9:15,42879,42864,42889,42805,141966
2025-08-07 9:20,42924,42879,42924,42859,105333
2025-08-07 9:25,42899,42919,42924,42829,100328
2025-08-07 9:30,42963,42904,42983,42894,172299
2025-08-07 9:35,43018,42963,43038,42963,250010
2025-08-07 9:40,43077,43013,43077,43003,271443
2025-08-07 9:45,43077,43077,43097,43035,257124
2025-08-07 9:50,43053,43072,43077,43018,136654
2025-08-07 9:55,43062,43053,43082,43028,184571
2025-08-07 10:00,43062,43067,43067,43023,194246
2025-08-07 10:05,43132,43062,43167,43053,247635
2025-08-07 10:10,43147,43137,43147,43087,64947
2025-08-07 10:15,43097,43142,43152,43087,67175
2025-08-07 10:20,43087,43087,43107,43062,119892
2025-08-07 10:25,43102,43082,43102,43062,76179
2025-08-07 10:30,43152,43102,43152,43087,75865
2025-08-07 10:35,43132,43152,43177,43127,72755
2025-08-07 10:40,43157,43137,43162,43127,104737
2025-08-07 10:45,43102,43162,43167,43097,56573
2025-08-07 10:50,43117,43102,43127,43097,35432
2025-08-07 10:55,43067,43117,43132,43062,91830
2025-08-07 11:00,43033,43067,43082,43008,84484
2025-08-07 11:05,43003,43033,43038,42983,69270
2025-08-07 11:10,42993,43008,43023,42988,50990
2025-08-07 11:15,43018,42988,43023,42968,64627
2025-08-07 11:20,43023,43013,43028,42998,32966
2025-08-07 11:25,43013,43023,43033,43013,15873
2025-08-07 11:30,43018,43013,43028,42998,30282
2025-08-07 11:35,43038,43018,43053,43013,31857
2025-08-07 11:40,43048,43038,43062,43033,28256
2025-08-07 11:45,43018,43053,43053,43003,21545
2025-08-07 11:50,42993,43013,43018,42973,56202
2025-08-07 11:55,42973,42993,42998,42973,16948
2025-08-07 12:00,43033,42978,43033,42973,27074
2025-08-07 12:05,43033,43028,43048,43023,18886
2025-08-07 12:10,43038,43033,43048,43028,20507
2025-08-07 12:15,43038,43038,43048,43028,21976
2025-08-07 12:20,43038,43033,43043,43028,21060
2025-08-07 12:25,43028,43038,43038,43008,12774
2025-08-07 12:30,43062,43033,43072,43028,103345
2025-08-07 12:35,43067,43058,43077,43048,20931
2025-08-07 12:40,43102,43072,43112,43067,57155
2025-08-07 12:45,43122,43097,43122,43097,11480
2025-08-07 12:50,43122,43112,43137,43107,41409
2025-08-07 12:55,43107,43117,43127,43107,11261
2025-08-07 13:00,43107,43104,43127,43097,36132
2025-08-07 13:05,43127,43107,43132,43107,21708
2025-08-07 13:10,43187,43127,43196,43127,86174
2025-08-07 13:15,43196,43196,43211,43182,103217
2025-08-07 13:20,43201,43196,43211,43187,107212
2025-08-07 13:25,43162,43201,43201,43162,51909
2025-08-07 13:30,43152,43167,43172,43137,27489
2025-08-07 13:35,43157,43152,43177,43147,40553
2025-08-07 13:40,43157,43152,43162,43127,30896
2025-08-07 13:45,43117,43152,43162,43117,44389
2025-08-07 13:50,43132,43122,43137,43117,81490
2025-08-07 13:55,43152,43132,43164,43127,32162
2025-08-07 14:00,43157,43152,43167,43132,58368
2025-08-07 14:05,43142,43162,43167,43137,33867
2025-08-07 14:10,43127,43142,43147,43112,18778
2025-08-07 14:15,43112,43127,43137,43097,36613
2025-08-07 14:20,43122,43112,43134,43107,6335
2025-08-07 14:25,43147,43117,43162,43117,24094
2025-08-07 14:30,43157,43142,43167,43137,34220
2025-08-07 14:35,43132,43162,43162,43132,19729
2025-08-07 14:40,43112,43137,43142,43107,32888
2025-08-07 14:45,43112,43117,43132,43107,17286
2025-08-07 14:50,43147,43107,43147,43107,29598
2025-08-07 14:55,43132,43142,43157,43127,39942
2025-08-07 15:00,43137,43127,43142,43107,39136
2025-08-07 15:05,43152,43142,43172,43137,43442
2025-08-07 15:10,43152,43157,43162,43142,20360
2025-08-07 15:15,43142,43154,43157,43132,17713
2025-08-07 15:20,43152,43142,43152,43132,17748
2025-08-08 9:00,43236,43246,43256,43211,91047
2025-08-08 9:05,43127,43226,43226,43058,414499
2025-08-08 9:10,43266,43117,43266,43087,390711
2025-08-08 9:15,43256,43266,43281,43177,587878
2025-08-08 9:20,43226,43251,43291,43211,149082
2025-08-08 9:25,43306,43231,43320,43157,388418
2025-08-08 9:30,43330,43311,43350,43286,107125
2025-08-08 9:35,43286,43330,43345,43281,264931
2025-08-08 9:40,43306,43281,43311,43251,101389
2025-08-08 9:45,43276,43296,43375,43271,192112
2025-08-08 9:50,43206,43276,43286,43196,65212
2025-08-08 9:55,43226,43211,43236,43147,144713
2025-08-08 10:00,43251,43226,43271,43221,59627
2025-08-08 10:05,43261,43256,43266,43206,45566
2025-08-08 10:10,43271,43261,43306,43241,72070
2025-08-08 10:15,43187,43266,43276,43167,85561
2025-08-08 10:20,43201,43191,43241,43187,54614
2025-08-08 10:25,43221,43206,43236,43191,18171
2025-08-08 10:30,43241,43226,43241,43191,34281
2025-08-08 10:35,43191,43241,43261,43167,96055
2025-08-08 10:40,43213,43191,43236,43187,106618
2025-08-08 10:45,43206,43216,43236,43191,33542
2025-08-08 10:50,43256,43211,43266,43196,102029
2025-08-08 10:55,43196,43261,43261,43162,84939
2025-08-08 11:00,43206,43201,43206,43182,75953
2025-08-08 11:05,43261,43206,43266,43201,90262
2025-08-08 11:10,43261,43261,43296,43256,96164
2025-08-08 11:15,43241,43261,43261,43216,45688
2025-08-08 11:20,43211,43236,43241,43196,23926
2025-08-08 11:25,43206,43211,43231,43201,23833
2025-08-08 11:30,43246,43206,43251,43196,95463
2025-08-08 11:35,43281,43246,43286,43241,40387
2025-08-08 11:40,43296,43281,43311,43281,54850
2025-08-08 11:45,43340,43296,43350,43291,119502
2025-08-08 11:50,43306,43345,43345,43296,27455
2025-08-08 11:55,43306,43306,43320,43296,17674
2025-08-08 12:00,43315,43306,43315,43291,9579
2025-08-08 12:05,43266,43306,43311,43261,19680
2025-08-08 12:10,43231,43266,43286,43231,19859
2025-08-08 12:15,43221,43241,43251,43211,37477
2025-08-08 12:20,43191,43221,43226,43191,33345
2025-08-08 12:25,43182,43191,43206,43177,79076
2025-08-08 12:30,43147,43182,43187,43132,87841
2025-08-08 12:35,43142,43152,43157,43112,50663
2025-08-08 12:40,43117,43147,43152,43112,32529
2025-08-08 12:45,43117,43122,43137,43087,36348
2025-08-08 12:50,43112,43117,43122,43092,29449
2025-08-08 12:55,43102,43107,43127,43097,29925
2025-08-08 13:00,43077,43102,43107,43067,56004
2025-08-08 13:05,43087,43074,43097,43048,93733
2025-08-08 13:10,43097,43092,43102,43072,18214
2025-08-08 13:15,43117,43092,43117,43092,25620
2025-08-08 13:20,43107,43117,43127,43102,47130
2025-08-08 13:25,43122,43112,43127,43107,20763
2025-08-08 13:30,43132,43122,43132,43107,11512
2025-08-08 13:35,43092,43132,43142,43082,35572
2025-08-08 13:40,43067,43087,43097,43048,36649
2025-08-08 13:45,43048,43067,43067,43008,112505
2025-08-08 13:50,43053,43043,43067,43033,54291
2025-08-08 13:55,43038,43058,43062,43028,45203
2025-08-08 14:00,43033,43028,43048,43018,68479
2025-08-08 14:05,43067,43033,43082,43028,77692
2025-08-08 14:10,43092,43067,43092,43062,56029
2025-08-08 14:15,43053,43092,43092,43043,32947
2025-08-08 14:20,43028,43053,43058,43023,24882
2025-08-08 14:25,43008,43033,43038,43003,34522
2025-08-08 14:30,43013,43018,43018,42968,84828
2025-08-08 14:35,43003,43013,43023,42983,37470
2025-08-08 14:40,43023,42998,43023,42988,50344
2025-08-08 14:45,43013,43023,43033,43003,48378
2025-08-08 14:50,43003,43008,43028,42993,35969
2025-08-08 14:55,43013,42998,43013,42985,54534
2025-08-08 15:00,42993,43013,43018,42983,50091
2025-08-08 15:05,43028,42990,43033,42988,52933
2025-08-08 15:10,43038,43033,43038,43013,29531
2025-08-08 15:15,43053,43028,43053,43028,47193
2025-08-08 15:20,43072,43053,43077,43048,90325
2025-08-11 9:00,43216,43162,43226,43162,94918
2025-08-11 9:05,43043,43216,43261,43038,280515
2025-08-11 9:10,43092,43033,43112,42973,184959
2025-08-11 9:15,43102,43092,43132,43028,142774
2025-08-11 9:20,43157,43107,43231,43082,204657
2025-08-11 9:25,43172,43162,43196,43147,55365
2025-08-11 9:30,43187,43167,43191,43152,64818
2025-08-11 9:35,43196,43187,43211,43157,94331
2025-08-11 9:40,43152,43191,43191,43127,60183
2025-08-11 9:45,43137,43147,43172,43107,81771
2025-08-11 9:50,43127,43137,43157,43112,96674
2025-08-11 9:55,43137,43122,43147,43102,131474
2025-08-11 10:00,43137,43137,43196,43127,164659
2025-08-11 10:05,43048,43137,43137,43038,143290
2025-08-11 10:10,43048,43048,43067,42988,93920
2025-08-11 10:15,43067,43048,43067,43023,26022
2025-08-11 10:20,43112,43067,43122,43058,54879
2025-08-11 10:25,43112,43112,43122,43092,35781
2025-08-11 10:30,43147,43107,43152,43107,33817
2025-08-11 10:35,43172,43147,43187,43142,73614
2025-08-11 10:40,43201,43172,43201,43162,30504
2025-08-11 10:45,43191,43196,43216,43182,129015
2025-08-11 10:50,43216,43191,43226,43177,80605
2025-08-11 10:55,43211,43211,43231,43196,47461
2025-08-11 11:00,43196,43211,43221,43182,135749
2025-08-11 11:05,43196,43191,43216,43187,215975
2025-08-11 11:10,43167,43191,43196,43157,52899
2025-08-11 11:15,43177,43167,43187,43152,26796
2025-08-11 11:20,43147,43177,43182,43142,18270
2025-08-11 11:25,43152,43152,43167,43132,20606
2025-08-11 11:30,43132,43142,43152,43127,37185
2025-08-11 11:35,43127,43129,43137,43112,11955
2025-08-11 11:40,43102,43132,43142,43087,53046
2025-08-11 11:45,43142,43102,43142,43102,28223
2025-08-11 11:50,43167,43137,43187,43132,105407
2025-08-11 11:55,43191,43167,43206,43162,58187
2025-08-11 12:00,43201,43187,43201,43172,29390
2025-08-11 12:05,43211,43201,43211,43191,28843
2025-08-11 12:10,43211,43206,43211,43196,19730
2025-08-11 12:15,43236,43211,43261,43206,70502
2025-08-11 12:20,43231,43241,43251,43221,31935
2025-08-11 12:25,43226,43231,43256,43226,38577
2025-08-11 12:30,43226,43226,43231,43216,27469
2025-08-11 12:35,43226,43226,43226,43211,8620
2025-08-11 12:40,43231,43216,43236,43211,15887
2025-08-11 12:45,43221,43231,43231,43211,17130
2025-08-11 12:50,43216,43221,43221,43201,14963
2025-08-11 12:55,43211,43216,43231,43196,29183
2025-08-11 13:00,43187,43206,43216,43187,21333
2025-08-11 13:05,43198,43191,43206,43182,34313
2025-08-11 13:10,43187,43198,43211,43177,36784
2025-08-11 13:15,43172,43187,43196,43167,45594
2025-08-11 13:20,43182,43167,43201,43157,20407
2025-08-11 13:25,43167,43187,43187,43162,21216
2025-08-11 13:30,43167,43167,43177,43152,24698
2025-08-11 13:35,43182,43167,43182,43152,38574
2025-08-11 13:40,43177,43182,43191,43172,36180
2025-08-11 13:45,43157,43177,43187,43157,33487
2025-08-11 13:50,43137,43162,43167,43137,38872
2025-08-11 13:55,43137,43142,43147,43112,51572
2025-08-11 14:00,43107,43137,43142,43102,96013
2025-08-11 14:05,43127,43102,43142,43102,43898
2025-08-11 14:10,43152,43127,43157,43127,39464
2025-08-11 14:15,43137,43152,43152,43127,20336
2025-08-11 14:20,43127,43132,43142,43122,28407
2025-08-11 14:25,43102,43127,43132,43092,66410
2025-08-11 14:30,43087,43102,43102,43077,40712
2025-08-11 14:35,43112,43087,43132,43082,50316
2025-08-11 14:40,43112,43107,43117,43082,43209
2025-08-11 14:45,43127,43112,43127,43102,51234
2025-08-11 14:50,43132,43127,43137,43117,29202
2025-08-11 14:55,43107,43132,43132,43102,52679
2025-08-11 15:00,43122,43107,43127,43102,40230
2025-08-11 15:05,43137,43127,43147,43122,26160
2025-08-11 15:10,43132,43127,43137,43122,31493
2025-08-11 15:15,43127,43137,43147,43127,44372
2025-08-11 15:20,43137,43132,43137,43122,179151
2025-08-12 9:00,43196,43157,43196,43132,69838
2025-08-12 9:05,43430,43201,43459,43201,424220
2025-08-12 9:10,43425,43430,43449,43400,143025
2025-08-12 9:15,43439,43435,43484,43410,203628
2025-08-12 9:20,43499,43439,43534,43410,165766
2025-08-12 9:25,43479,43499,43524,43435,184681
2025-08-12 9:30,43504,43479,43504,43439,55768
2025-08-12 9:35,43469,43504,43529,43459,101291
2025-08-12 9:40,43559,43474,43573,43474,119012
2025-08-12 9:45,43564,43559,43608,43544,101203
2025-08-12 9:50,43539,43564,43593,43539,68346
2025-08-12 9:55,43564,43559,43568,43539,64036
2025-08-12 10:00,43539,43559,43578,43524,39393
2025-08-12 10:05,43648,43539,43658,43529,229469
2025-08-12 10:10,43539,43653,43673,43494,257832
2025-08-12 10:15,43499,43539,43549,43479,74498
2025-08-12 10:20,43554,43494,43573,43489,80122
2025-08-12 10:25,43568,43549,43588,43549,50087
2025-08-12 10:30,43534,43568,43568,43519,46132
2025-08-12 10:35,43529,43534,43534,43489,91096
2025-08-12 10:40,43554,43529,43564,43524,86513
2025-08-12 10:45,43559,43559,43598,43549,83061
2025-08-12 10:50,43554,43559,43573,43549,24067
2025-08-12 10:55,43504,43559,43568,43499,65465
2025-08-12 11:00,43539,43509,43539,43494,25147
2025-08-12 11:05,43534,43544,43549,43514,28328
2025-08-12 11:10,43494,43534,43534,43469,89847
2025-08-12 11:15,43430,43494,43504,43405,67815
2025-08-12 11:20,43415,43425,43435,43395,56271
2025-08-12 11:25,43405,43415,43444,43405,56358
2025-08-12 11:30,43459,43400,43464,43395,57823
2025-08-12 11:35,43449,43459,43459,43425,75888
2025-08-12 11:40,43435,43444,43449,43410,69160
2025-08-12 11:45,43390,43435,43435,43375,42756
2025-08-12 11:50,43370,43390,43400,43365,32965
2025-08-12 11:55,43315,43370,43370,43291,78876
2025-08-12 12:00,43350,43315,43360,43311,137969
2025-08-12 12:05,43330,43345,43360,43315,59485
2025-08-12 12:10,43325,43325,43350,43315,29912
2025-08-12 12:15,43315,43320,43335,43306,19517
2025-08-12 12:20,43365,43315,43370,43306,53646
2025-08-12 12:25,43301,43360,43360,43296,45127
2025-08-12 12:30,43291,43301,43330,43291,35976
2025-08-12 12:35,43311,43291,43325,43286,57211
2025-08-12 12:40,43350,43311,43355,43306,175879
2025-08-12 12:45,43306,43345,43345,43296,46352
2025-08-12 12:50,43276,43306,43306,43266,65077
2025-08-12 12:55,43306,43281,43315,43281,55654
2025-08-12 13:00,43226,43306,43315,43221,68267
2025-08-12 13:05,43177,43226,43246,43167,105191
2025-08-12 13:10,43167,43177,43201,43152,94942
2025-08-12 13:15,43187,43172,43201,43162,76715
2025-08-12 13:20,43167,43191,43206,43162,39397
2025-08-12 13:25,43164,43172,43187,43142,87364
2025-08-12 13:30,43182,43164,43201,43157,114563
2025-08-12 13:35,43196,43182,43221,43182,122705
2025-08-12 13:40,43162,43196,43211,43147,36223
2025-08-12 13:45,43152,43162,43191,43142,26340
2025-08-12 13:50,43132,43152,43162,43122,65420
2025-08-12 13:55,43182,43137,43191,43127,56901
2025-08-12 14:00,43201,43187,43201,43187,32207
2025-08-12 14:05,43122,43201,43206,43023,373703
2025-08-12 14:10,43122,43117,43127,43082,65544
2025-08-12 14:15,43082,43122,43162,43082,57207
2025-08-12 14:20,43142,43087,43147,43082,51172
2025-08-12 14:25,43117,43142,43152,43102,53327
2025-08-12 14:30,43058,43117,43137,43058,51464
2025-08-12 14:35,43082,43062,43097,43058,41770
2025-08-12 14:40,43028,43077,43097,43028,75161
2025-08-12 14:45,43023,43038,43048,43008,55546
2025-08-12 14:50,43003,43023,43028,42993,74414
2025-08-12 14:55,43008,43008,43038,43003,67060
2025-08-12 15:00,43003,43008,43028,43003,55779
2025-08-12 15:05,43023,43008,43033,43008,54006
2025-08-12 15:10,42958,43018,43033,42953,91803
2025-08-12 15:15,42973,42953,42983,42943,132595
2025-08-12 15:20,42948,42973,42973,42934,113895
2025-08-13 9:00,43350,43390,43454,43330,154502
2025-08-13 9:05,43340,43350,43420,43325,273711
2025-08-13 9:10,43301,43350,43375,43221,192544
2025-08-13 9:15,43236,43306,43335,43221,131877
2025-08-13 9:20,43196,43236,43296,43187,120002
2025-08-13 9:25,43201,43191,43241,43182,475325
2025-08-13 9:30,43266,43211,43296,43191,143803
2025-08-13 9:35,43276,43261,43296,43201,99002
2025-08-13 9:40,43236,43266,43296,43226,63866
2025-08-13 9:45,43221,43231,43231,43172,80075
2025-08-13 9:50,43162,43221,43221,43142,41564
2025-08-13 9:55,43107,43167,43167,43082,66845
2025-08-13 10:00,43102,43102,43122,43087,93651
2025-08-13 10:05,43058,43102,43137,43048,90123
2025-08-13 10:10,43013,43062,43082,42978,75219
2025-08-13 10:15,43048,43008,43053,42993,55756
2025-08-13 10:20,43043,43048,43082,43038,77899
2025-08-13 10:25,43062,43048,43077,43033,49195
2025-08-13 10:30,43077,43067,43087,43048,65013
2025-08-13 10:35,43087,43087,43112,43072,115124
2025-08-13 10:40,43137,43087,43147,43082,327838
2025-08-13 10:45,43147,43132,43177,43127,254399
2025-08-13 10:50,43147,43142,43177,43127,54031
2025-08-13 10:55,43127,43147,43147,43097,21285
2025-08-13 11:00,43187,43122,43191,43122,65934
2025-08-13 11:05,43206,43187,43221,43162,27784
2025-08-13 11:10,43187,43206,43206,43177,22603
2025-08-13 11:15,43216,43182,43226,43182,17423
2025-08-13 11:20,43211,43216,43221,43201,41921
2025-08-13 11:25,43211,43221,43236,43211,38226
2025-08-13 11:30,43231,43216,43241,43206,33700
2025-08-13 11:35,43281,43231,43281,43221,56657
2025-08-13 11:40,43315,43281,43320,43271,31576
2025-08-13 11:45,43315,43311,43320,43296,27248
2025-08-13 11:50,43325,43315,43325,43301,32259
2025-08-13 11:55,43301,43325,43335,43301,50113
2025-08-13 12:00,43306,43301,43320,43286,17126
2025-08-13 12:05,43296,43315,43320,43291,15244
2025-08-13 12:10,43301,43296,43306,43276,25815
2025-08-13 12:15,43315,43306,43320,43301,36016
2025-08-13 12:20,43335,43306,43345,43296,45628
2025-08-13 12:25,43325,43335,43360,43315,55807
2025-08-13 12:30,43291,43320,43325,43286,31361
2025-08-13 12:35,43271,43291,43306,43271,41945
2025-08-13 12:40,43256,43271,43286,43251,40947
2025-08-13 12:45,43296,43251,43296,43246,29865
2025-08-13 12:50,43320,43291,43320,43291,38215
2025-08-13 12:55,43306,43320,43320,43286,53332
2025-08-13 13:00,43311,43306,43320,43296,27489
2025-08-13 13:05,43281,43320,43320,43271,26115
2025-08-13 13:10,43251,43286,43301,43246,31192
2025-08-13 13:15,43261,43256,43271,43246,33035
2025-08-13 13:20,43286,43256,43291,43251,31030
2025-08-13 13:25,43291,43286,43296,43271,13599
2025-08-13 13:30,43281,43291,43311,43276,30802
2025-08-13 13:35,43311,43291,43320,43291,26530
2025-08-13 13:40,43355,43315,43355,43306,36616
2025-08-13 13:45,43365,43350,43370,43340,50347
2025-08-13 13:50,43370,43370,43390,43360,55942
2025-08-13 13:55,43365,43365,43370,43350,66411
2025-08-13 14:00,43365,43355,43365,43350,15452
2025-08-13 14:05,43415,43355,43422,43350,105928
2025-08-13 14:10,43405,43420,43420,43390,40945
2025-08-13 14:15,43400,43400,43420,43395,17688
2025-08-13 14:20,43375,43400,43415,43375,27451
2025-08-13 14:25,43400,43380,43405,43375,22108
2025-08-13 14:30,43405,43405,43420,43385,23682
2025-08-13 14:35,43405,43410,43420,43395,25716
2025-08-13 14:40,43385,43405,43410,43385,38759
2025-08-13 14:45,43375,43390,43400,43370,39570
2025-08-13 14:50,43390,43375,43400,43375,27956
2025-08-13 14:55,43350,43390,43395,43345,43415
2025-08-13 15:00,43370,43355,43375,43345,24040
2025-08-13 15:05,43370,43375,43380,43350,19754
2025-08-13 15:10,43355,43365,43365,43340,63153
2025-08-13 15:15,43360,43355,43365,43350,102917
2025-08-13 15:20,43380,43360,43380,43355,82192
2025-08-14 9:00,43554,43524,43554,43494,79557
2025-08-14 9:05,43593,43554,43648,43519,247212
2025-08-14 9:10,43524,43588,43613,43509,262315
2025-08-14 9:15,43504,43519,43578,43484,127921
2025-08-14 9:20,43564,43499,43564,43479,79234
2025-08-14 9:25,43509,43564,43578,43499,71885
2025-08-14 9:30,43479,43514,43529,43464,71482
2025-08-14 9:35,43479,43474,43499,43435,89205
2025-08-14 9:40,43410,43479,43494,43400,102823
2025-08-14 9:45,43340,43410,43415,43340,75909
2025-08-14 9:50,43320,43340,43375,43315,104705
2025-08-14 9:55,43345,43315,43355,43315,81073
2025-08-14 10:00,43325,43345,43355,43301,81351
2025-08-14 10:05,43340,43325,43355,43306,73631
2025-08-14 10:10,43350,43335,43350,43315,37003
2025-08-14 10:15,43370,43350,43385,43350,559216
2025-08-14 10:20,43335,43370,43375,43291,283844
2025-08-14 10:25,43370,43335,43375,43315,151969
2025-08-14 10:30,43400,43370,43415,43365,82034
2025-08-14 10:35,43390,43397,43400,43375,23638
2025-08-14 10:40,43415,43390,43415,43385,27650
2025-08-14 10:45,43405,43410,43420,43395,29184
2025-08-14 10:50,43400,43405,43430,43400,88773
2025-08-14 10:55,43375,43395,43400,43375,77084
2025-08-14 11:00,43390,43375,43405,43375,16936
2025-08-14 11:05,43400,43390,43405,43385,35194
2025-08-14 11:10,43390,43405,43410,43385,16334
2025-08-14 11:15,43355,43395,43400,43325,92943
2025-08-14 11:20,43360,43355,43370,43335,36409
2025-08-14 11:25,43325,43355,43365,43325,30373
2025-08-14 11:30,43350,43335,43370,43325,29440
2025-08-14 11:35,43340,43350,43350,43311,24932
2025-08-14 11:40,43330,43340,43345,43320,13469
2025-08-14 11:45,43355,43340,43365,43325,8792
2025-08-14 11:50,43355,43360,43370,43335,15200
2025-08-14 11:55,43380,43355,43380,43350,11150
2025-08-14 12:00,43375,43380,43395,43370,42177
2025-08-14 12:05,43355,43375,43385,43355,9030
2025-08-14 12:10,43335,43360,43360,43325,36369
2025-08-14 12:15,43301,43345,43345,43286,55037
2025-08-14 12:20,43286,43301,43315,43286,25878
2025-08-14 12:25,43291,43291,43296,43271,81153
2025-08-14 12:30,43281,43291,43296,43276,19684
2025-08-14 12:35,43256,43276,43281,43246,48063
2025-08-14 12:40,43266,43251,43271,43251,22307
2025-08-14 12:45,43221,43266,43271,43216,161397
2025-08-14 12:50,43241,43226,43246,43211,131164
2025-08-14 12:55,43246,43241,43261,43236,104002
2025-08-14 13:00,43266,43246,43271,43241,25693
2025-08-14 13:05,43291,43266,43296,43261,39603
2025-08-14 13:10,43286,43291,43296,43276,24568
2025-08-14 13:15,43301,43291,43306,43281,40535
2025-08-14 13:20,43315,43301,43325,43301,36067
2025-08-14 13:25,43330,43320,43335,43315,18041
2025-08-14 13:30,43330,43330,43335,43320,152633
2025-08-14 13:35,43335,43325,43335,43320,160200
2025-08-14 13:40,43325,43330,43335,43320,32188
2025-08-14 13:45,43330,43325,43330,43301,29936
2025-08-14 13:50,43365,43330,43375,43330,79587
2025-08-14 13:55,43410,43370,43415,43370,92060
2025-08-14 14:00,43410,43415,43425,43395,35776
2025-08-14 14:05,43425,43405,43425,43400,44597
2025-08-14 14:10,43400,43415,43425,43385,46143
2025-08-14 14:15,43415,43400,43420,43395,34759
2025-08-14 14:20,43435,43415,43435,43410,54723
2025-08-14 14:25,43400,43430,43430,43390,77887
2025-08-14 14:30,43400,43395,43415,43390,48963
2025-08-14 14:35,43395,43400,43410,43390,26059
2025-08-14 14:40,43385,43395,43405,43375,13788
2025-08-14 14:45,43380,43385,43400,43360,44967
2025-08-14 14:50,43380,43375,43395,43375,54936
2025-08-14 14:55,43375,43380,43385,43360,40798
2025-08-14 15:00,43350,43375,43380,43345,122323
2025-08-14 15:05,43380,43350,43400,43345,530824
2025-08-14 15:10,43365,43380,43385,43365,99189
2025-08-14 15:15,43365,43365,43375,43355,152275
2025-08-14 15:20,43385,43365,43385,43360,120542
2025-08-18 9:00,43043,43152,43152,43028,91618
2025-08-18 9:05,43033,43048,43107,42993,172121
2025-08-18 9:10,42993,43033,43077,42953,139895
2025-08-18 9:15,42889,42993,43008,42869,140116
2025-08-18 9:20,42795,42889,42919,42795,179682
2025-08-18 9:25,42834,42800,42839,42785,105164
2025-08-18 9:30,42869,42834,42879,42819,208471
2025-08-18 9:35,42948,42869,42958,42864,135691
2025-08-18 9:40,43013,42948,43043,42943,241038
2025-08-18 9:45,42968,43013,43018,42943,99557
2025-08-18 9:50,42948,42968,42983,42934,55410
2025-08-18 9:55,42953,42943,42988,42924,64645
2025-08-18 10:00,42934,42958,42973,42929,35884
2025-08-18 10:05,42919,42934,42938,42899,55555
2025-08-18 10:10,42924,42914,42948,42884,38769
2025-08-18 10:15,42909,42924,42948,42894,124620
2025-08-18 10:20,42904,42909,42948,42889,42923
2025-08-18 10:25,42899,42904,42924,42859,65193
2025-08-18 10:30,42869,42899,42934,42859,50636
2025-08-18 10:35,42829,42869,42879,42814,61019
2025-08-18 10:40,42824,42829,42839,42810,59823
2025-08-18 10:45,42800,42824,42834,42795,55515
2025-08-18 10:50,42844,42805,42844,42775,99313
2025-08-18 10:55,42844,42844,42859,42829,66467
2025-08-18 11:00,42805,42844,42844,42805,27548
2025-08-18 11:05,42805,42810,42829,42790,54956
2025-08-18 11:10,42819,42805,42824,42765,40934
2025-08-18 11:15,42859,42819,42874,42810,47204
2025-08-18 11:20,42834,42859,42884,42829,44576
2025-08-18 11:25,42805,42834,42859,42800,35543
2025-08-18 11:30,42790,42805,42819,42775,30231
2025-08-18 11:35,42750,42790,42795,42740,99539
2025-08-18 11:40,42765,42750,42790,42740,23482
2025-08-18 11:45,42765,42760,42770,42755,16641
2025-08-18 11:50,42775,42765,42780,42755,31319
2025-08-18 11:55,42795,42775,42810,42765,20154
2025-08-18 12:00,42829,42795,42839,42785,45920
2025-08-18 12:05,42810,42834,42834,42800,11036
2025-08-18 12:10,42829,42814,42844,42805,17960
2025-08-18 12:15,42849,42824,42854,42814,20500
2025-08-18 12:20,42810,42844,42849,42805,34902
2025-08-18 12:25,42800,42805,42814,42795,11628
2025-08-18 12:30,42819,42800,42824,42795,10648
2025-08-18 12:35,42839,42819,42844,42800,25441
2025-08-18 12:40,42849,42839,42859,42829,32909
2025-08-18 12:45,42874,42839,42879,42839,25816
2025-08-18 12:50,42874,42869,42884,42859,22194
2025-08-18 12:55,42879,42874,42894,42854,20222
2025-08-18 13:00,42869,42889,42894,42859,20905
2025-08-18 13:05,42879,42864,42884,42859,20981
2025-08-18 13:10,42864,42874,42879,42864,55432
2025-08-18 13:15,42854,42864,42874,42844,27593
2025-08-18 13:20,42839,42854,42854,42824,15933
2025-08-18 13:25,42859,42834,42879,42829,25553
2025-08-18 13:30,42859,42869,42874,42854,9162
2025-08-18 13:35,42869,42859,42874,42849,27427
2025-08-18 13:40,42879,42869,42884,42854,42420
2025-08-18 13:45,42844,42879,42889,42824,34473
2025-08-18 13:50,42810,42839,42849,42805,31026
2025-08-18 13:55,42805,42805,42814,42795,17509
2025-08-18 14:00,42819,42810,42819,42795,12506
2025-08-18 14:05,42834,42819,42839,42810,55988
2025-08-18 14:10,42829,42839,42844,42824,35166
2025-08-18 14:15,42814,42829,42839,42810,34546
2025-08-18 14:20,42819,42819,42829,42810,10887
2025-08-18 14:25,42810,42819,42819,42795,23095
2025-08-18 14:30,42844,42810,42864,42810,56345
2025-08-18 14:35,42824,42844,42844,42814,33197
2025-08-18 14:40,42829,42829,42839,42814,13002
2025-08-18 14:45,42824,42824,42829,42810,367356
2025-08-18 14:50,42805,42819,42829,42800,26034
2025-08-18 14:55,42800,42805,42819,42795,19888
2025-08-18 15:00,42790,42800,42805,42780,44224
2025-08-18 15:05,42795,42790,42805,42780,37953
2025-08-18 15:10,42770,42795,42805,42755,63352
2025-08-18 15:15,42775,42770,42785,42760,28146
2025-08-18 15:20,42770,42775,42780,42755,87581
2025-08-19 9:00,42814,42834,42889,42800,104607
2025-08-19 9:05,42710,42819,42844,42700,154703
2025-08-19 9:10,42666,42710,42725,42606,179484
2025-08-19 9:15,42636,42671,42710,42611,110279
2025-08-19 9:20,42527,42636,42641,42512,112941
2025-08-19 9:25,42447,42522,42571,42447,170328
2025-08-19 9:30,42373,42452,42467,42323,231399
2025-08-19 9:35,42388,42373,42408,42348,223839
2025-08-19 9:40,42477,42393,42502,42383,199793
2025-08-19 9:45,42641,42472,42641,42462,227176
2025-08-19 9:50,42681,42641,42695,42631,231351
2025-08-19 9:55,42710,42681,42725,42668,84943
2025-08-19 10:00,42690,42710,42730,42676,176446
2025-08-19 10:05,42685,42690,42780,42671,124083
2025-08-19 10:10,42725,42681,42735,42666,27077
2025-08-19 10:15,42740,42720,42745,42700,26618
2025-08-19 10:20,42740,42740,42765,42720,29247
2025-08-19 10:25,42730,42740,42740,42695,20929
2025-08-19 10:30,42656,42730,42735,42641,33378
2025-08-19 10:35,42621,42651,42666,42601,36645
2025-08-19 10:40,42626,42616,42641,42601,25976
2025-08-19 10:45,42616,42626,42641,42606,16513
2025-08-19 10:50,42576,42611,42616,42566,25760
2025-08-19 10:55,42576,42576,42631,42552,50527
2025-08-19 11:00,42581,42581,42616,42561,24880
2025-08-19 11:05,42557,42581,42581,42542,16531
2025-08-19 11:10,42566,42557,42596,42532,15279
2025-08-19 11:15,42601,42571,42631,42566,29775
2025-08-19 11:20,42606,42606,42626,42586,10012
2025-08-19 11:25,42542,42611,42611,42542,22287
2025-08-19 11:30,42552,42537,42552,42522,30841
2025-08-19 11:35,42542,42552,42557,42527,39528
2025-08-19 11:40,42611,42542,42616,42537,29868
2025-08-19 11:45,42626,42616,42626,42586,25127
2025-08-19 11:50,42581,42626,42631,42561,21215
2025-08-19 11:55,42573,42586,42591,42561,9056
2025-08-19 12:00,42547,42571,42576,42547,10301
2025-08-19 12:05,42616,42557,42626,42552,113985
2025-08-19 12:10,42588,42611,42611,42581,22050
2025-08-19 12:15,42626,42588,42631,42586,29919
2025-08-19 12:20,42621,42626,42631,42611,12817
2025-08-19 12:25,42700,42626,42700,42626,102614
2025-08-19 12:30,42676,42695,42705,42671,19815
2025-08-19 12:35,42631,42676,42676,42631,10031
2025-08-19 12:40,42606,42636,42636,42586,16657
2025-08-19 12:45,42631,42606,42641,42606,6836
2025-08-19 12:50,42631,42631,42641,42626,6305
2025-08-19 12:55,42661,42636,42666,42631,19683
2025-08-19 13:00,42631,42661,42666,42626,10697
2025-08-19 13:05,42611,42631,42656,42606,19762
2025-08-19 13:10,42626,42606,42636,42591,10591
2025-08-19 13:15,42596,42621,42641,42596,11489
2025-08-19 13:20,42616,42596,42621,42557,50762
2025-08-19 13:25,42586,42611,42616,42586,16631
2025-08-19 13:30,42601,42586,42606,42581,14786
2025-08-19 13:35,42611,42606,42616,42581,21689
2025-08-19 13:40,42566,42611,42621,42552,32283
2025-08-19 13:45,42561,42566,42566,42547,47648
2025-08-19 13:50,42527,42561,42561,42507,62567
2025-08-19 13:55,42527,42527,42566,42522,25905
2025-08-19 14:00,42552,42527,42552,42517,20097
2025-08-19 14:05,42527,42542,42561,42527,24094
2025-08-19 14:10,42492,42527,42532,42487,19310
2025-08-19 14:15,42512,42492,42517,42487,40688
2025-08-19 14:20,42482,42509,42522,42477,34774
2025-08-19 14:25,42452,42477,42487,42437,81979
2025-08-19 14:30,42423,42452,42462,42418,59367
2025-08-19 14:35,42428,42423,42447,42418,38878
2025-08-19 14:40,42413,42428,42433,42408,54560
2025-08-19 14:45,42378,42413,42428,42373,68034
2025-08-19 14:50,42368,42373,42383,42348,108724
2025-08-19 14:55,42338,42363,42368,42308,175236
2025-08-19 15:00,42348,42333,42348,42304,67554
2025-08-19 15:05,42343,42348,42388,42338,106089
2025-08-19 15:10,42348,42348,42358,42333,489960
2025-08-19 15:15,42348,42353,42368,42318,402890
2025-08-19 15:20,42373,42348,42378,42348,177648
2025-08-20 9:00,42031,42036,42080,42021,105150
2025-08-20 9:05,42036,42021,42095,41941,582001
2025-08-20 9:10,41822,42036,42036,41803,621799
2025-08-20 9:15,41733,41817,41936,41723,370976
2025-08-20 9:20,41604,41728,41748,41584,427648
2025-08-20 9:25,41574,41599,41649,41525,237083
2025-08-20 9:30,41693,41574,41703,41554,249050
2025-08-20 9:35,41688,41693,41718,41659,114549
2025-08-20 9:40,41748,41688,41778,41679,160985
2025-08-20 9:45,41807,41748,41807,41733,189536
2025-08-20 9:50,41857,41798,41857,41783,415561
2025-08-20 9:55,41902,41857,41936,41857,237576
2025-08-20 10:00,41922,41907,41922,41857,61994
2025-08-20 10:05,41931,41912,41956,41882,112257
2025-08-20 10:10,41827,41931,41976,41817,181319
2025-08-20 10:15,41733,41827,41842,41708,134115
2025-08-20 10:20,41718,41733,41783,41713,92994
2025-08-20 10:25,41664,41718,41758,41664,100464
2025-08-20 10:30,41609,41664,41683,41604,153950
2025-08-20 10:35,41564,41604,41624,41545,190546
2025-08-20 10:40,41550,41564,41579,41515,199166
2025-08-20 10:45,41654,41554,41664,41505,342407
2025-08-20 10:50,41693,41654,41693,41644,153779
2025-08-20 10:55,41674,41688,41698,41619,215731
2025-08-20 11:00,41619,41674,41693,41584,118402
2025-08-20 11:05,41564,41614,41629,41559,117642
2025-08-20 11:10,41619,41569,41683,41564,152257
2025-08-20 11:15,41723,41619,41733,41619,334638
2025-08-20 11:20,41669,41723,41728,41624,160182
2025-08-20 11:25,41679,41674,41723,41664,100731
2025-08-20 11:30,41733,41674,41753,41669,47978
2025-08-20 11:35,41738,41728,41768,41713,98060
2025-08-20 11:40,41738,41738,41753,41718,41740
2025-08-20 11:45,41768,41748,41778,41728,22297
2025-08-20 11:50,41788,41770,41793,41723,127328
2025-08-20 11:55,41748,41788,41788,41743,23331
2025-08-20 12:00,41738,41753,41758,41733,35073
2025-08-20 12:05,41688,41743,41743,41669,64888
2025-08-20 12:10,41649,41688,41698,41644,110670
2025-08-20 12:15,41679,41649,41688,41644,29336
2025-08-20 12:20,41639,41679,41683,41634,37997
2025-08-20 12:25,41639,41639,41649,41619,66878
2025-08-20 12:30,41693,41639,41698,41634,34351
2025-08-20 12:35,41649,41693,41708,41644,51750
2025-08-20 12:40,41634,41646,41649,41604,49507
2025-08-20 12:45,41619,41634,41639,41599,37674
2025-08-20 12:50,41609,41619,41624,41594,67122
2025-08-20 12:55,41644,41604,41659,41604,85199
2025-08-20 13:00,41639,41649,41674,41639,28254
2025-08-20 13:05,41693,41639,41698,41634,35269
2025-08-20 13:10,41723,41693,41728,41693,37754
2025-08-20 13:15,41842,41718,41847,41708,132160
2025-08-20 13:20,41857,41842,41892,41837,177374
2025-08-20 13:25,41817,41862,41877,41803,106830
2025-08-20 13:30,41842,41817,41887,41812,88671
2025-08-20 13:35,41837,41837,41862,41822,40677
2025-08-20 13:40,41852,41837,41872,41817,79533
2025-08-20 13:45,41887,41852,41897,41842,117932
2025-08-20 13:50,41867,41887,41892,41857,214528
2025-08-20 13:55,41936,41867,41936,41862,78898
2025-08-20 14:00,41887,41931,41976,41887,202357
2025-08-20 14:05,41857,41897,41902,41842,94928
2025-08-20 14:10,41946,41862,41951,41857,98628
2025-08-20 14:15,42011,41946,42016,41941,87963
2025-08-20 14:20,42036,42011,42046,41996,88707
2025-08-20 14:25,42085,42036,42100,42036,107750
2025-08-20 14:30,42085,42090,42105,42036,105666
2025-08-20 14:35,42075,42085,42100,42046,49688
2025-08-20 14:40,42070,42075,42095,42056,95583
2025-08-20 14:45,42070,42070,42095,42056,140610
2025-08-20 14:50,42095,42075,42100,42056,45532
2025-08-20 14:55,42085,42100,42125,42075,78413
2025-08-20 15:00,42150,42085,42155,42075,78490
2025-08-20 15:05,42175,42150,42194,42145,109688
2025-08-20 15:10,42145,42165,42175,42120,70532
2025-08-20 15:15,42165,42140,42165,42115,45752
2025-08-20 15:20,42155,42160,42184,42140,70929
2025-08-21 9:00,42279,42264,42308,42234,88423
2025-08-21 9:05,42423,42279,42447,42194,566006
2025-08-21 9:10,42517,42423,42527,42393,210004
2025-08-21 9:15,42527,42522,42601,42512,196922
2025-08-21 9:20,42423,42527,42566,42423,169391
2025-08-21 9:25,42423,42423,42472,42388,79956
2025-08-21 9:30,42547,42418,42547,42403,105055
2025-08-21 9:35,42581,42539,42606,42517,80700
2025-08-21 9:40,42566,42581,42601,42552,70762
2025-08-21 9:45,42547,42571,42581,42547,86609
2025-08-21 9:50,42502,42547,42547,42462,51387
2025-08-21 9:55,42517,42502,42527,42472,24614
2025-08-21 10:00,42537,42517,42557,42497,33538
2025-08-21 10:05,42477,42537,42537,42472,48605
2025-08-21 10:10,42552,42482,42552,42477,40449
2025-08-21 10:15,42507,42552,42576,42492,68307
2025-08-21 10:20,42423,42502,42532,42398,76516
2025-08-21 10:25,42482,42428,42492,42418,34782
2025-08-21 10:30,42472,42482,42492,42452,43889
2025-08-21 10:35,42457,42472,42507,42457,39512
2025-08-21 10:40,42502,42462,42517,42457,24172
2025-08-21 10:45,42502,42502,42522,42487,44123
2025-08-21 10:50,42497,42502,42517,42482,64633
2025-08-21 10:55,42512,42497,42522,42487,20054
2025-08-21 11:00,42507,42512,42522,42492,20060
2025-08-21 11:05,42507,42517,42537,42497,43056
2025-08-21 11:10,42492,42507,42527,42467,26315
2025-08-21 11:15,42527,42492,42532,42492,19113
2025-08-21 11:20,42566,42532,42586,42527,65328
2025-08-21 11:25,42542,42566,42571,42532,17077
2025-08-21 11:30,42517,42542,42552,42502,23564
2025-08-21 11:35,42532,42522,42537,42512,5828
2025-08-21 11:40,42532,42532,42547,42527,12515
2025-08-21 11:45,42561,42532,42596,42532,33210
2025-08-21 11:50,42566,42561,42591,42552,13215
2025-08-21 11:55,42586,42561,42606,42557,28818
2025-08-21 12:00,42586,42586,42601,42571,13571
2025-08-21 12:05,42601,42586,42606,42561,37552
2025-08-21 12:10,42588,42591,42611,42586,56236
2025-08-21 12:15,42586,42591,42606,42576,118750
2025-08-21 12:20,42586,42586,42596,42576,46031
2025-08-21 12:25,42571,42586,42591,42561,59056
2025-08-21 12:30,42557,42571,42576,42549,67990
2025-08-21 12:35,42566,42557,42581,42557,20487
2025-08-21 12:40,42557,42561,42566,42552,9067
2025-08-21 12:45,42517,42557,42566,42507,19368
2025-08-21 12:50,42512,42517,42527,42497,27724
2025-08-21 12:55,42502,42507,42512,42487,15487
2025-08-21 13:00,42472,42502,42502,42467,41731
2025-08-21 13:05,42428,42472,42472,42428,30195
2025-08-21 13:10,42437,42433,42442,42388,58529
2025-08-21 13:15,42418,42433,42452,42418,152342
2025-08-21 13:20,42428,42413,42452,42413,53872
2025-08-21 13:25,42433,42428,42462,42423,51224
2025-08-21 13:30,42408,42428,42437,42403,43536
2025-08-21 13:35,42408,42408,42433,42388,69154
2025-08-21 13:40,42418,42408,42428,42398,6555
2025-08-21 13:45,42428,42418,42437,42413,35826
2025-08-21 13:50,42408,42428,42428,42383,29268
2025-08-21 13:55,42398,42408,42418,42398,37243
2025-08-21 14:00,42403,42398,42403,42353,90614
2025-08-21 14:05,42403,42403,42428,42393,61482
2025-08-21 14:10,42368,42403,42408,42365,61478
2025-08-21 14:15,42318,42373,42378,42308,71891
2025-08-21 14:20,42299,42313,42333,42299,46078
2025-08-21 14:25,42323,42294,42333,42294,25021
2025-08-21 14:30,42304,42323,42328,42299,51844
2025-08-21 14:35,42323,42299,42348,42289,55690
2025-08-21 14:40,42294,42328,42333,42294,17400
2025-08-21 14:45,42274,42294,42304,42264,47776
2025-08-21 14:50,42284,42269,42299,42264,58046
2025-08-21 14:55,42323,42284,42323,42274,75898
2025-08-21 15:00,42363,42323,42378,42313,145236
2025-08-21 15:05,42343,42363,42378,42343,93153
2025-08-21 15:10,42378,42343,42378,42343,64993
2025-08-21 15:15,42378,42373,42388,42363,146165
2025-08-21 15:20,42373,42383,42398,42368,45354
2025-08-22 9:00,42676,42542,42685,42542,185312
2025-08-22 9:05,42770,42681,42795,42681,271923
2025-08-22 9:10,42740,42770,42800,42661,108228
2025-08-22 9:15,42606,42735,42750,42576,127524
2025-08-22 9:20,42695,42611,42700,42601,142850
2025-08-22 9:25,42775,42695,42800,42695,89741
2025-08-22 9:30,42824,42775,42829,42745,100185
2025-08-22 9:35,42730,42824,42834,42720,90716
2025-08-22 9:40,42715,42735,42770,42700,103476
2025-08-22 9:45,42745,42715,42755,42685,89815
2025-08-22 9:50,42725,42750,42765,42710,53618
2025-08-22 9:55,42636,42720,42750,42626,125178
2025-08-22 10:00,42690,42636,42705,42631,51210
2025-08-22 10:05,42621,42695,42730,42621,121117
2025-08-22 10:10,42641,42626,42656,42601,59533
2025-08-22 10:15,42715,42641,42715,42636,82552
2025-08-22 10:20,42710,42710,42735,42695,65699
2025-08-22 10:25,42740,42715,42765,42700,60098
2025-08-22 10:30,42700,42740,42745,42700,32911
2025-08-22 10:35,42710,42695,42740,42681,35955
2025-08-22 10:40,42690,42710,42715,42681,37613
2025-08-22 10:45,42651,42681,42695,42646,40897
2025-08-22 10:50,42661,42651,42681,42641,30457
2025-08-22 10:55,42685,42661,42710,42656,35922
2025-08-22 11:00,42626,42685,42685,42621,50720
2025-08-22 11:05,42681,42626,42681,42616,38592
2025-08-22 11:10,42685,42681,42715,42671,55982
2025-08-22 11:15,42705,42685,42710,42676,20250
2025-08-22 11:20,42676,42695,42710,42666,22603
2025-08-22 11:25,42646,42676,42681,42636,30975
2025-08-22 11:30,42611,42641,42646,42571,71723
2025-08-22 11:35,42621,42616,42636,42611,24624
2025-08-22 11:40,42626,42621,42651,42621,23206
2025-08-22 11:45,42636,42621,42646,42611,75801
2025-08-22 11:50,42651,42641,42661,42626,28398
2025-08-22 11:55,42621,42646,42666,42616,16908
2025-08-22 12:00,42581,42616,42621,42571,36605
2025-08-22 12:05,42581,42586,42596,42566,18736
2025-08-22 12:10,42571,42581,42596,42566,18304
2025-08-22 12:15,42591,42576,42591,42561,47131
2025-08-22 12:20,42542,42596,42596,42537,50058
2025-08-22 12:25,42552,42542,42557,42527,96782
2025-08-22 12:30,42557,42542,42566,42532,24234
2025-08-22 12:35,42566,42552,42571,42542,18672
2025-08-22 12:40,42586,42566,42591,42566,34738
2025-08-22 12:45,42537,42581,42586,42532,50290
2025-08-22 12:50,42552,42532,42557,42532,31076
2025-08-22 12:55,42527,42552,42557,42517,21044
2025-08-22 13:00,42512,42532,42537,42497,50499
2025-08-22 13:05,42537,42512,42557,42512,45620
2025-08-22 13:10,42571,42537,42571,42517,26196
2025-08-22 13:15,42537,42571,42571,42522,16661
2025-08-22 13:20,42522,42542,42547,42517,18664
2025-08-22 13:25,42527,42522,42557,42507,17674
2025-08-22 13:30,42517,42527,42537,42502,10751
2025-08-22 13:35,42502,42512,42517,42482,26186
2025-08-22 13:40,42532,42502,42537,42492,28188
2025-08-22 13:45,42532,42527,42537,42507,24629
2025-08-22 13:50,42557,42537,42561,42532,46692
2025-08-22 13:55,42596,42557,42606,42552,50640
2025-08-22 14:00,42611,42596,42611,42571,26386
2025-08-22 14:05,42636,42611,42661,42611,64824
2025-08-22 14:10,42651,42636,42656,42626,35326
2025-08-22 14:15,42651,42646,42666,42631,33461
2025-08-22 14:20,42641,42646,42676,42631,23249
2025-08-22 14:25,42636,42641,42666,42626,25503
2025-08-22 14:30,42671,42636,42681,42636,31144
2025-08-22 14:35,42685,42671,42685,42656,14320
2025-08-22 14:40,42646,42685,42685,42646,75611
2025-08-22 14:45,42676,42641,42681,42641,65674
2025-08-22 14:50,42690,42671,42695,42666,94584
2025-08-22 14:55,42671,42690,42695,42666,38610
2025-08-22 15:00,42651,42666,42671,42636,54368
2025-08-22 15:05,42631,42651,42656,42616,97605
2025-08-22 15:10,42641,42626,42651,42626,59364
2025-08-22 15:15,42636,42641,42646,42621,219826
2025-08-22 15:20,42631,42636,42636,42616,29520
2025-08-25 9:00,42934,42993,42993,42929,262251
2025-08-25 9:05,42849,42934,42993,42844,255090
2025-08-25 9:10,42948,42849,42968,42834,163521
2025-08-25 9:15,42884,42948,42958,42884,85357
2025-08-25 9:20,42859,42884,42894,42795,80725
2025-08-25 9:25,42938,42854,42938,42849,133757
2025-08-25 9:30,42938,42929,42953,42904,50252
2025-08-25 9:35,42973,42943,42988,42938,157984
2025-08-25 9:40,42953,42963,42978,42919,59367
2025-08-25 9:45,42929,42948,42998,42929,101942
2025-08-25 9:50,42948,42929,42963,42919,53196
2025-08-25 9:55,42983,42953,42988,42909,53152
2025-08-25 10:00,42978,42978,43003,42973,57958
2025-08-25 10:05,42968,42983,42988,42924,30388
2025-08-25 10:10,42904,42968,42993,42894,116370
2025-08-25 10:15,42879,42909,42919,42874,56349
2025-08-25 10:20,42914,42869,42914,42869,123552
2025-08-25 10:25,42948,42914,42948,42879,94905
2025-08-25 10:30,42934,42943,43008,42929,65859
2025-08-25 10:35,42879,42934,42953,42869,37367
2025-08-25 10:40,42894,42874,42904,42854,57706
2025-08-25 10:45,42889,42899,42909,42879,24966
2025-08-25 10:50,42953,42894,42958,42879,46390
2025-08-25 10:55,42973,42948,42983,42938,51404
2025-08-25 11:00,42963,42968,42978,42943,20740
2025-08-25 11:05,43033,42963,43033,42958,121110
2025-08-25 11:10,43058,43033,43062,43018,98219
2025-08-25 11:15,43058,43058,43062,43033,146550
2025-08-25 11:20,43062,43048,43072,43043,27935
2025-08-25 11:25,43058,43053,43062,43018,34989
2025-08-25 11:30,43048,43048,43058,43033,16653
2025-08-25 11:35,43067,43048,43077,43043,28864
2025-08-25 11:40,43062,43062,43077,43048,29344
2025-08-25 11:45,43072,43062,43087,43058,43771
2025-08-25 11:50,43062,43077,43087,43058,17483
2025-08-25 11:55,43043,43062,43072,43038,19615
2025-08-25 12:00,43058,43043,43062,43038,13729
2025-08-25 12:05,43038,43058,43067,43038,11216
2025-08-25 12:10,43038,43038,43048,43023,16748
2025-08-25 12:15,43048,43038,43077,43038,26958
2025-08-25 12:20,43028,43048,43053,43018,42459
2025-08-25 12:25,43053,43028,43053,43013,18773
2025-08-25 12:30,43062,43058,43077,43048,20428
2025-08-25 12:35,43028,43067,43067,43018,70840
2025-08-25 12:40,43038,43028,43048,43013,33163
2025-08-25 12:45,43102,43038,43112,43038,114422
2025-08-25 12:50,43112,43102,43122,43097,36133
2025-08-25 12:55,43117,43112,43127,43102,39315
2025-08-25 13:00,43117,43122,43137,43107,18096
2025-08-25 13:05,43137,43122,43142,43117,31113
2025-08-25 13:10,43112,43132,43142,43107,27392
2025-08-25 13:15,43097,43112,43117,43097,54385
2025-08-25 13:20,43097,43102,43112,43082,47872
2025-08-25 13:25,43067,43092,43097,43062,40476
2025-08-25 13:30,43058,43062,43072,43043,50743
2025-08-25 13:35,43043,43058,43072,43038,25525
2025-08-25 13:40,43087,43038,43092,43038,28883
2025-08-25 13:45,43082,43087,43092,43067,13221
2025-08-25 13:50,43097,43077,43097,43077,18156
2025-08-25 13:55,43082,43092,43102,43077,34735
2025-08-25 14:00,43077,43077,43092,43062,19707
2025-08-25 14:05,43067,43072,43082,43062,16494
2025-08-25 14:10,43072,43067,43087,43067,87376
2025-08-25 14:15,43077,43082,43087,43062,33618
2025-08-25 14:20,43062,43077,43082,43048,45740
2025-08-25 14:25,43048,43067,43072,43048,37327
2025-08-25 14:30,43028,43053,43053,43028,36028
2025-08-25 14:35,43028,43028,43062,43023,53928
2025-08-25 14:40,43018,43033,43038,43013,20460
2025-08-25 14:45,43033,43023,43043,43018,36336
2025-08-25 14:50,43028,43033,43043,43018,44442
2025-08-25 14:55,43028,43028,43038,43023,46470
2025-08-25 15:00,43067,43038,43072,43028,45627
2025-08-25 15:05,43077,43067,43087,43062,30413
2025-08-25 15:10,43087,43077,43097,43067,108044
2025-08-25 15:15,43082,43087,43092,43077,98032
2025-08-25 15:20,43102,43077,43102,43072,46888
2025-08-26 9:00,42938,43008,43058,42924,71789
2025-08-26 9:05,42904,42934,42983,42869,163101
2025-08-26 9:10,42839,42899,42943,42810,215317
2025-08-26 9:15,42869,42839,42874,42790,156419
2025-08-26 9:20,42894,42869,42914,42834,151207
2025-08-26 9:25,42824,42894,42929,42810,143998
2025-08-26 9:30,42978,42824,42978,42814,113729
2025-08-26 9:35,42909,42978,42983,42879,372798
2025-08-26 9:40,42889,42904,42938,42859,47548
2025-08-26 9:45,42720,42874,42884,42720,273229
2025-08-26 9:50,42740,42715,42745,42695,109985
2025-08-26 9:55,42805,42740,42819,42735,136304
2025-08-26 10:00,42839,42814,42844,42800,42190
2025-08-26 10:05,42879,42839,42909,42834,82940
2025-08-26 10:10,42839,42879,42884,42824,36209
2025-08-26 10:15,42819,42839,42854,42805,49276
2025-08-26 10:20,42785,42819,42824,42770,59046
2025-08-26 10:25,42750,42785,42805,42720,124507
2025-08-26 10:30,42770,42750,42795,42745,53379
2025-08-26 10:35,42785,42770,42800,42755,44240
2025-08-26 10:40,42790,42785,42810,42770,67550
2025-08-26 10:45,42805,42790,42829,42790,61247
2025-08-26 10:50,42810,42805,42819,42770,42986
2025-08-26 10:55,42750,42810,42814,42740,34168
2025-08-26 11:00,42745,42750,42770,42730,106064
2025-08-26 11:05,42770,42750,42775,42740,92678
2025-08-26 11:10,42780,42765,42790,42755,52201
2025-08-26 11:15,42785,42790,42800,42750,50359
2025-08-26 11:20,42755,42780,42780,42750,15773
2025-08-26 11:25,42666,42760,42760,42646,139109
2025-08-26 11:30,42705,42666,42745,42656,65529
2025-08-26 11:35,42685,42705,42710,42666,20902
2025-08-26 11:40,42695,42681,42715,42666,19672
2025-08-26 11:45,42710,42695,42715,42690,11328
2025-08-26 11:50,42730,42705,42745,42705,43151
2025-08-26 11:55,42710,42735,42740,42685,40949
2025-08-26 12:00,42750,42700,42755,42690,18817
2025-08-26 12:05,42750,42750,42755,42715,12109
2025-08-26 12:10,42720,42745,42750,42715,24259
2025-08-26 12:15,42705,42725,42725,42695,29205
2025-08-26 12:20,42685,42705,42710,42681,25418
2025-08-26 12:25,42710,42690,42715,42685,53125
2025-08-26 12:30,42770,42710,42775,42710,86441
2025-08-26 12:35,42760,42770,42770,42745,17021
2025-08-26 12:40,42770,42760,42785,42755,27283
2025-08-26 12:45,42760,42770,42775,42760,63523
2025-08-26 12:50,42800,42765,42805,42760,42340
2025-08-26 12:55,42750,42805,42814,42750,26458
2025-08-26 13:00,42765,42755,42775,42750,15417
2025-08-26 13:05,42735,42770,42785,42725,22230
2025-08-26 13:10,42780,42740,42780,42735,30132
2025-08-26 13:15,42750,42780,42790,42750,15787
2025-08-26 13:20,42710,42750,42765,42700,33470
2025-08-26 13:25,42705,42710,42730,42695,102509
2025-08-26 13:30,42725,42705,42735,42695,370370
2025-08-26 13:35,42720,42725,42740,42715,189705
2025-08-26 13:40,42730,42725,42730,42710,24202
2025-08-26 13:45,42710,42730,42740,42690,110768
2025-08-26 13:50,42740,42710,42740,42700,43251
2025-08-26 13:55,42760,42735,42770,42735,110105
2025-08-26 14:00,42780,42760,42785,42755,72729
2025-08-26 14:05,42770,42785,42785,42760,76245
2025-08-26 14:10,42775,42770,42785,42770,33302
2025-08-26 14:15,42775,42775,42790,42770,115708
2025-08-26 14:20,42770,42775,42780,42750,64242
2025-08-26 14:25,42730,42775,42775,42730,49462
2025-08-26 14:30,42730,42730,42755,42715,62970
2025-08-26 14:35,42785,42730,42790,42730,179308
2025-08-26 14:40,42780,42790,42829,42775,126831
2025-08-26 14:45,42814,42785,42814,42775,35791
2025-08-26 14:50,42785,42814,42824,42785,39697
2025-08-26 14:55,42750,42785,42785,42735,42088
2025-08-26 15:00,42750,42750,42755,42725,49270
2025-08-26 15:05,42730,42755,42765,42720,34476
2025-08-26 15:10,42725,42730,42740,42720,29280
2025-08-26 15:15,42725,42725,42740,42715,45014
2025-08-26 15:20,42720,42730,42740,42715,70245
2025-08-27 9:00,42745,42780,42819,42705,113327
2025-08-27 9:05,42641,42735,42760,42571,185663
2025-08-27 9:10,42705,42641,42710,42566,288493
2025-08-27 9:15,42631,42695,42715,42611,79614
2025-08-27 9:20,42586,42631,42676,42561,98535
2025-08-27 9:25,42561,42581,42596,42547,90337
2025-08-27 9:30,42601,42571,42626,42482,129377
2025-08-27 9:35,42681,42601,42681,42591,82569
2025-08-27 9:40,42631,42681,42681,42621,31554
2025-08-27 9:45,42656,42621,42656,42616,38633
2025-08-27 9:50,42641,42656,42690,42631,58681
2025-08-27 9:55,42631,42641,42705,42626,116918
2025-08-27 10:00,42661,42626,42661,42626,29273
2025-08-27 10:05,42656,42661,42695,42626,61681
2025-08-27 10:10,42740,42656,42750,42651,88484
2025-08-27 10:15,42760,42735,42760,42725,58065
2025-08-27 10:20,42730,42760,42760,42720,24021
2025-08-27 10:25,42710,42735,42735,42700,27821
2025-08-27 10:30,42661,42710,42715,42651,49676
2025-08-27 10:35,42685,42661,42690,42646,22965
2025-08-27 10:40,42720,42685,42725,42685,26434
2025-08-27 10:45,42720,42720,42735,42690,12231
2025-08-27 10:50,42705,42725,42725,42676,59447
2025-08-27 10:55,42730,42705,42750,42705,24675
2025-08-27 11:00,42740,42735,42750,42720,27708
2025-08-27 11:05,42715,42740,42740,42710,12133
2025-08-27 11:10,42705,42720,42725,42700,14775
2025-08-27 11:15,42735,42710,42755,42700,33370
2025-08-27 11:20,42710,42740,42740,42695,22877
2025-08-27 11:25,42745,42710,42750,42710,26852
2025-08-27 11:30,42681,42745,42770,42681,60630
2025-08-27 11:35,42730,42676,42745,42676,15954
2025-08-27 11:40,42720,42735,42750,42715,20817
2025-08-27 11:45,42710,42715,42735,42710,29026
2025-08-27 11:50,42715,42710,42720,42695,4386
2025-08-27 11:55,42685,42710,42710,42685,5405
2025-08-27 12:00,42695,42690,42710,42671,18765
2025-08-27 12:05,42725,42695,42725,42690,9123
2025-08-27 12:10,42720,42725,42725,42695,9185
2025-08-27 12:15,42760,42725,42780,42725,68271
2025-08-27 12:20,42760,42755,42785,42750,37636
2025-08-27 12:25,42775,42760,42780,42760,15963
2025-08-27 12:30,42760,42780,42780,42750,7909
2025-08-27 12:35,42785,42755,42790,42755,12558
2025-08-27 12:40,42805,42790,42824,42790,59437
2025-08-27 12:45,42755,42810,42810,42750,27899
2025-08-27 12:50,42715,42750,42755,42710,39498
2025-08-27 12:55,42710,42710,42720,42690,62140
2025-08-27 13:00,42730,42705,42730,42705,35870
2025-08-27 13:05,42740,42730,42740,42715,8137
2025-08-27 13:10,42735,42740,42745,42725,9038
2025-08-27 13:15,42720,42735,42740,42715,17019
2025-08-27 13:20,42735,42725,42740,42715,6952
2025-08-27 13:25,42750,42735,42755,42735,21036
2025-08-27 13:30,42770,42750,42775,42740,15167
2025-08-27 13:35,42775,42770,42795,42765,77157
2025-08-27 13:40,42785,42770,42800,42770,64218
2025-08-27 13:45,42785,42790,42790,42775,32415
2025-08-27 13:50,42780,42785,42795,42775,44143
2025-08-27 13:55,42755,42780,42790,42750,31756
2025-08-27 14:00,42755,42757,42785,42750,41582
2025-08-27 14:05,42785,42750,42800,42735,27720
2025-08-27 14:10,42760,42785,42790,42745,16987
2025-08-27 14:15,42735,42755,42760,42730,75196
2025-08-27 14:20,42760,42740,42780,42735,66104
2025-08-27 14:25,42735,42765,42775,42730,70857
2025-08-27 14:30,42740,42740,42750,42725,9876
2025-08-27 14:35,42755,42740,42760,42735,10869
2025-08-27 14:40,42750,42755,42765,42745,11574
2025-08-27 14:45,42770,42750,42775,42740,256384
2025-08-27 14:50,42775,42775,42795,42765,229707
2025-08-27 14:55,42735,42770,42775,42725,23763
2025-08-27 15:00,42760,42730,42765,42715,80464
2025-08-27 15:05,42780,42765,42785,42760,24766
2025-08-27 15:10,42780,42775,42805,42765,69094
2025-08-27 15:15,42780,42785,42800,42770,234639
2025-08-27 15:20,42780,42775,42785,42760,40381
2025-08-28 9:00,42512,42591,42596,42512,55108
2025-08-28 9:05,42631,42507,42661,42442,191313
2025-08-28 9:10,42700,42636,42710,42636,86628
2025-08-28 9:15,42695,42690,42720,42661,98176
2025-08-28 9:20,42725,42700,42730,42666,32008
2025-08-28 9:25,42745,42725,42760,42700,48440
2025-08-28 9:30,42785,42750,42810,42740,52925
2025-08-28 9:35,42805,42785,42829,42770,57304
2025-08-28 9:40,42884,42805,42909,42805,147174
2025-08-28 9:45,42948,42884,42958,42864,116767
2025-08-28 9:50,42929,42958,42958,42914,81385
2025-08-28 9:55,42963,42929,42978,42924,80412
2025-08-28 10:00,42978,42953,42993,42938,45456
2025-08-28 10:05,42968,42978,42988,42934,142383
2025-08-28 10:10,42943,42963,42973,42924,134011
2025-08-28 10:15,42973,42948,42978,42938,24078
2025-08-28 10:20,42988,42973,43003,42968,43457
2025-08-28 10:25,42983,42978,43003,42938,50693
2025-08-28 10:30,43003,42983,43023,42978,33300
2025-08-28 10:35,42968,43003,43008,42963,31416
2025-08-28 10:40,42948,42968,42993,42938,19322
2025-08-28 10:45,42963,42948,42968,42943,131704
2025-08-28 10:50,42978,42963,42978,42943,161194
2025-08-28 10:55,42983,42978,42998,42963,121801
2025-08-28 11:00,42978,42983,42993,42958,26533
2025-08-28 11:05,42988,42983,43013,42973,55175
2025-08-28 11:10,42998,42988,43008,42978,20356
2025-08-28 11:15,42993,43003,43008,42983,17722
2025-08-28 11:20,43013,42998,43028,42993,38949
2025-08-28 11:25,43043,43018,43053,43013,23988
2025-08-28 11:30,43058,43038,43067,43038,41366
2025-08-28 11:35,43067,43062,43067,43048,25284
2025-08-28 11:40,43043,43058,43062,43038,17205
2025-08-28 11:45,43038,43043,43053,43028,13208
2025-08-28 11:50,43033,43038,43048,43023,33133
2025-08-28 11:55,43038,43033,43048,43028,29526
2025-08-28 12:00,43058,43038,43077,43038,66374
2025-08-28 12:05,43062,43058,43077,43058,8049
2025-08-28 12:10,43092,43067,43102,43062,30007
2025-08-28 12:15,43112,43097,43132,43097,34120
2025-08-28 12:20,43112,43107,43127,43107,26278
2025-08-28 12:25,43092,43107,43112,43082,23016
2025-08-28 12:30,43067,43097,43097,43067,16256
2025-08-28 12:35,43077,43067,43082,43062,12734
2025-08-28 12:40,43082,43072,43087,43062,17286
2025-08-28 12:45,43053,43077,43087,43053,15951
2025-08-28 12:50,43048,43062,43067,43048,10767
2025-08-28 12:55,43062,43053,43067,43048,9855
2025-08-28 13:00,43082,43062,43087,43058,32973
2025-08-28 13:05,43092,43082,43107,43077,55940
2025-08-28 13:10,43092,43092,43097,43072,28683
2025-08-28 13:15,43102,43087,43112,43087,15759
2025-08-28 13:20,43107,43102,43112,43087,10619
2025-08-28 13:25,43147,43107,43147,43107,97759
2025-08-28 13:30,43177,43147,43187,43147,84453
2025-08-28 13:35,43188,43187,43211,43182,44712
2025-08-28 13:40,43206,43187,43206,43177,20506
2025-08-28 13:45,43191,43203,43216,43191,29687
2025-08-28 13:50,43177,43196,43201,43174,22704
2025-08-28 13:55,43172,43177,43191,43172,20315
2025-08-28 14:00,43182,43177,43187,43162,38030
2025-08-28 14:05,43162,43177,43187,43162,7318
2025-08-28 14:10,43157,43167,43172,43152,21878
2025-08-28 14:15,43157,43162,43167,43147,9802
2025-08-28 14:20,43147,43162,43177,43142,229681
2025-08-28 14:25,43162,43149,43167,43137,231143
2025-08-28 14:30,43147,43162,43167,43147,43553
2025-08-28 14:35,43107,43147,43147,43102,25269
2025-08-28 14:40,43077,43107,43107,43077,31858
2025-08-28 14:45,43058,43077,43082,43043,34098
2025-08-28 14:50,43038,43058,43067,43038,19848
2025-08-28 14:55,43028,43038,43053,43023,18711
2025-08-28 15:00,43048,43028,43048,43018,21392
2025-08-28 15:05,43058,43043,43058,43038,17064
2025-08-28 15:10,43058,43053,43067,43048,54717
2025-08-28 15:15,43058,43058,43067,43048,43367
2025-08-28 15:20,43048,43058,43062,43048,32395
2025-08-29 9:00,43201,43152,43206,43122,127782
2025-08-29 9:05,43127,43196,43241,43102,171128
2025-08-29 9:10,43058,43117,43142,43023,111632
2025-08-29 9:15,43152,43053,43157,43048,68350
2025-08-29 9:20,43152,43157,43182,43127,117589
2025-08-29 9:25,43142,43152,43182,43117,85646
2025-08-29 9:30,43142,43142,43162,43112,62520
2025-08-29 9:35,43172,43147,43187,43132,60640
2025-08-29 9:40,43107,43172,43177,43072,37607
2025-08-29 9:45,43062,43107,43107,43053,40409
2025-08-29 9:50,43072,43058,43074,43023,83135
2025-08-29 9:55,43043,43077,43112,43038,34137
2025-08-29 10:00,43023,43043,43053,42998,125210
2025-08-29 10:05,42963,43023,43028,42953,54174
2025-08-29 10:10,42924,42968,42983,42894,83935
2025-08-29 10:15,42948,42924,42963,42919,77219
2025-08-29 10:20,42938,42948,42948,42924,31333
2025-08-29 10:25,42963,42929,42963,42894,46949
2025-08-29 10:30,42919,42958,42963,42904,36423
2025-08-29 10:35,42924,42919,42924,42879,45133
2025-08-29 10:40,42919,42929,42934,42909,30229
2025-08-29 10:45,42909,42919,42934,42899,16934
2025-08-29 10:50,42889,42909,42909,42879,24198
2025-08-29 10:55,42914,42884,42914,42874,128392
2025-08-29 11:00,42919,42914,42938,42909,36662
2025-08-29 11:05,42879,42924,42934,42874,27798
2025-08-29 11:10,42869,42879,42909,42844,71843
2025-08-29 11:15,42859,42864,42879,42834,47258
2025-08-29 11:20,42909,42854,42909,42849,10552
2025-08-29 11:25,42909,42909,42929,42904,26129
2025-08-29 11:30,42874,42909,42919,42854,26967
2025-08-29 11:35,42844,42869,42874,42839,33255
2025-08-29 11:40,42879,42844,42884,42839,19008
2025-08-29 11:45,42869,42879,42884,42864,21647
2025-08-29 11:50,42849,42869,42879,42849,17729
2025-08-29 11:55,42854,42854,42869,42849,5266
2025-08-29 12:00,42889,42854,42889,42849,23823
2025-08-29 12:05,42889,42889,42904,42884,49590
2025-08-29 12:10,42894,42889,42904,42874,11211
2025-08-29 12:15,42919,42894,42929,42889,15636
2025-08-29 12:20,42929,42924,42938,42904,29116
2025-08-29 12:25,42904,42929,42929,42899,4244
2025-08-29 12:30,42904,42904,42914,42889,9830
2025-08-29 12:35,42909,42904,42914,42894,14488
2025-08-29 12:40,42899,42899,42914,42899,9849
2025-08-29 12:45,42899,42904,42909,42894,10905
2025-08-29 12:50,42879,42899,42914,42864,107277
2025-08-29 12:55,42869,42884,42899,42869,16077
2025-08-29 13:00,42904,42869,42904,42859,41297
2025-08-29 13:05,42859,42904,42904,42844,42776
2025-08-29 13:10,42924,42859,42924,42859,28101
2025-08-29 13:15,42919,42924,42938,42914,60952
2025-08-29 13:20,42894,42919,42924,42894,39048
2025-08-29 13:25,42889,42894,42894,42874,21368
2025-08-29 13:30,42894,42884,42904,42879,37018
2025-08-29 13:35,42879,42889,42904,42879,33400
2025-08-29 13:40,42889,42884,42889,42874,29902
2025-08-29 13:45,42874,42884,42889,42864,32928
2025-08-29 13:50,42889,42874,42891,42859,48102
2025-08-29 13:55,42874,42889,42894,42869,29124
2025-08-29 14:00,42899,42874,42904,42874,30448
2025-08-29 14:05,42924,42899,42943,42894,82265
2025-08-29 14:10,42914,42919,42924,42899,36343
2025-08-29 14:15,42884,42914,42914,42879,23592
2025-08-29 14:20,42839,42884,42884,42829,106125
2025-08-29 14:25,42854,42839,42869,42834,35817
2025-08-29 14:30,42844,42854,42859,42839,30594
2025-08-29 14:35,42824,42844,42844,42824,50159
2025-08-29 14:40,42839,42821,42854,42821,42517
2025-08-29 14:45,42849,42839,42849,42829,20595
2025-08-29 14:50,42849,42844,42854,42839,10638
2025-08-29 14:55,42839,42854,42854,42819,118614
2025-08-29 15:00,42829,42839,42844,42819,28462
2025-08-29 15:05,42824,42829,42849,42819,41983
2025-08-29 15:10,42839,42829,42844,42824,37002
2025-08-29 15:15,42854,42834,42854,42829,48905
2025-08-29 15:20,42849,42844,42854,42844,27062
2025-09-01 9:00,42368,42472,42477,42348,101645
2025-09-01 9:05,42274,42363,42363,42246,227183
2025-09-01 9:10,42279,42269,42363,42219,154568
2025-09-01 9:15,42294,42264,42343,42264,87541
2025-09-01 9:20,42398,42294,42403,42264,66415
2025-09-01 9:25,42348,42398,42418,42338,88820
2025-09-01 9:30,42383,42348,42388,42318,122372
2025-09-01 9:35,42462,42383,42482,42328,87084
2025-09-01 9:40,42537,42462,42542,42447,97484
2025-09-01 9:45,42502,42537,42542,42482,98402
2025-09-01 9:50,42566,42507,42591,42502,68870
2025-09-01 9:55,42547,42566,42571,42517,43826
2025-09-01 10:00,42552,42552,42576,42522,35462
2025-09-01 10:05,42537,42552,42552,42522,18551
2025-09-01 10:10,42537,42537,42547,42512,13399
2025-09-01 10:15,42537,42532,42566,42522,43943
2025-09-01 10:20,42522,42537,42542,42492,18707
2025-09-01 10:25,42596,42522,42596,42512,27596
2025-09-01 10:30,42591,42596,42621,42571,45593
2025-09-01 10:35,42626,42591,42646,42581,75123
2025-09-01 10:40,42591,42626,42626,42581,16667
2025-09-01 10:45,42561,42591,42596,42561,18383
2025-09-01 10:50,42566,42561,42601,42552,31067
2025-09-01 10:55,42517,42561,42566,42497,34894
2025-09-01 11:00,42512,42512,42532,42502,62686
2025-09-01 11:05,42532,42512,42547,42512,23073
2025-09-01 11:10,42552,42537,42571,42532,25277
2025-09-01 11:15,42502,42557,42571,42492,29751
2025-09-01 11:20,42418,42502,42512,42413,118794
2025-09-01 11:25,42363,42418,42423,42363,47206
2025-09-01 11:30,42373,42368,42393,42353,62376
2025-09-01 11:35,42408,42378,42408,42368,31115
2025-09-01 11:40,42403,42403,42423,42388,17202
2025-09-01 11:45,42388,42403,42413,42383,18629
2025-09-01 11:50,42378,42393,42413,42378,19279
2025-09-01 11:55,42383,42378,42395,42373,23347
2025-09-01 12:00,42363,42383,42393,42363,23618
2025-09-01 12:05,42378,42363,42383,42323,42735
2025-09-01 12:10,42358,42378,42383,42353,24395
2025-09-01 12:15,42333,42358,42358,42333,24488
2025-09-01 12:20,42294,42333,42338,42284,51833
2025-09-01 12:25,42269,42294,42304,42269,21024
2025-09-01 12:30,42274,42274,42294,42264,61436
2025-09-01 12:35,42264,42279,42279,42254,44027
2025-09-01 12:40,42294,42269,42299,42259,30279
2025-09-01 12:45,42299,42294,42304,42284,19941
2025-09-01 12:50,42289,42299,42299,42279,24634
2025-09-01 12:55,42279,42289,42289,42254,33732
2025-09-01 13:00,42284,42279,42299,42264,26821
2025-09-01 13:05,42269,42284,42289,42264,64796
2025-09-01 13:10,42264,42269,42279,42239,39740
2025-09-01 13:15,42244,42269,42279,42224,47712
2025-09-01 13:20,42239,42249,42254,42229,23767
2025-09-01 13:25,42249,42244,42269,42234,82276
2025-09-01 13:30,42259,42244,42289,42244,32099
2025-09-01 13:35,42244,42259,42279,42234,28499
2025-09-01 13:40,42175,42244,42244,42160,154579
2025-09-01 13:45,42155,42170,42180,42145,35519
2025-09-01 13:50,42184,42155,42184,42155,22256
2025-09-01 13:55,42165,42180,42184,42150,41376
2025-09-01 14:00,42145,42165,42165,42130,67184
2025-09-01 14:05,42105,42145,42145,42095,174026
2025-09-01 14:10,42051,42105,42105,42036,131593
2025-09-01 14:15,42115,42051,42115,42051,86061
2025-09-01 14:20,42135,42115,42150,42105,58884
2025-09-01 14:25,42165,42135,42180,42130,69494
2025-09-01 14:30,42165,42155,42175,42155,32296
2025-09-01 14:35,42160,42155,42170,42150,21766
2025-09-01 14:40,42155,42160,42160,42135,39585
2025-09-01 14:45,42150,42155,42175,42145,41217
2025-09-01 14:50,42135,42150,42150,42110,74880
2025-09-01 14:55,42175,42140,42189,42140,71616
2025-09-01 15:00,42170,42175,42175,42155,62302
2025-09-01 15:05,42137,42165,42170,42130,44231
2025-09-01 15:10,42140,42137,42150,42120,170177
2025-09-01 15:15,42155,42135,42160,42135,55390
2025-09-01 15:20,42165,42160,42175,42155,53860
2025-09-02 9:00,42348,42239,42353,42239,77577
2025-09-02 9:05,42363,42353,42442,42333,193538
2025-09-02 9:10,42373,42358,42398,42274,244538
2025-09-02 9:15,42517,42373,42527,42333,205444
2025-09-02 9:20,42442,42517,42532,42437,87546
2025-09-02 9:25,42403,42442,42462,42373,116695
2025-09-02 9:30,42452,42408,42457,42393,100897
2025-09-02 9:35,42532,42457,42532,42447,49048
2025-09-02 9:40,42433,42532,42532,42423,48541
2025-09-02 9:45,42477,42428,42477,42358,94860
2025-09-02 9:50,42462,42477,42482,42437,33683
2025-09-02 9:55,42433,42462,42492,42423,82068
2025-09-02 10:00,42447,42428,42482,42423,57461
2025-09-02 10:05,42398,42447,42452,42398,66502
2025-09-02 10:10,42552,42398,42557,42393,218328
2025-09-02 10:15,42512,42547,42552,42497,64592
2025-09-02 10:20,42532,42507,42557,42507,42262
2025-09-02 10:25,42512,42532,42537,42487,72002
2025-09-02 10:30,42527,42512,42547,42507,35059
2025-09-02 10:35,42566,42527,42571,42502,56320
2025-09-02 10:40,42547,42566,42576,42532,112198
2025-09-02 10:45,42537,42542,42552,42512,23546
2025-09-02 10:50,42571,42542,42576,42517,42065
2025-09-02 10:55,42542,42576,42581,42542,25068
2025-09-02 11:00,42512,42542,42547,42507,31654
2025-09-02 11:05,42547,42517,42547,42502,33173
2025-09-02 11:10,42591,42547,42596,42547,99211
2025-09-02 11:15,42601,42596,42601,42576,124148
2025-09-02 11:20,42542,42596,42596,42537,44589
2025-09-02 11:25,42512,42542,42547,42512,132286
2025-09-02 11:30,42517,42509,42527,42457,245844
2025-09-02 11:35,42532,42517,42547,42502,48744
2025-09-02 11:40,42512,42537,42537,42512,14560
2025-09-02 11:45,42477,42512,42512,42462,22328
2025-09-02 11:50,42477,42477,42512,42467,10795
2025-09-02 11:55,42517,42482,42517,42482,13259
2025-09-02 12:00,42527,42517,42542,42512,15516
2025-09-02 12:05,42482,42522,42522,42472,56866
2025-09-02 12:10,42502,42487,42527,42487,24870
2025-09-02 12:15,42512,42507,42527,42502,36473
2025-09-02 12:20,42502,42517,42552,42502,93514
2025-09-02 12:25,42532,42507,42537,42497,23944
2025-09-02 12:30,42552,42532,42561,42529,68561
2025-09-02 12:35,42547,42547,42557,42532,57221
2025-09-02 12:40,42566,42542,42571,42537,117713
2025-09-02 12:45,42561,42566,42596,42561,74657
2025-09-02 12:50,42581,42561,42581,42561,46430
2025-09-02 12:55,42591,42581,42601,42561,22714
2025-09-02 13:00,42611,42591,42616,42586,20837
2025-09-02 13:05,42611,42606,42636,42601,30700
2025-09-02 13:10,42606,42611,42621,42586,27870
2025-09-02 13:15,42601,42601,42616,42596,14823
2025-09-02 13:20,42616,42601,42621,42596,31833
2025-09-02 13:25,42638,42613,42641,42611,17851
2025-09-02 13:30,42633,42641,42648,42621,16742
2025-09-02 13:35,42586,42636,42641,42576,20234
2025-09-02 13:40,42596,42586,42601,42576,20137
2025-09-02 13:45,42626,42591,42631,42591,18434
2025-09-02 13:50,42616,42626,42643,42611,21371
2025-09-02 13:55,42601,42618,42631,42596,108713
2025-09-02 14:00,42591,42601,42616,42591,118463
2025-09-02 14:05,42586,42593,42603,42581,120164
2025-09-02 14:10,42557,42586,42596,42552,138365
2025-09-02 14:15,42557,42559,42573,42547,122864
2025-09-02 14:20,42542,42561,42576,42542,147959
2025-09-02 14:25,42552,42539,42561,42532,121784
2025-09-02 14:30,42568,42554,42571,42547,115299
2025-09-02 14:35,42606,42568,42616,42557,41067
2025-09-02 14:40,42591,42606,42616,42581,22393
2025-09-02 14:45,42598,42596,42613,42588,119833
2025-09-02 14:50,42606,42598,42613,42593,123854
2025-09-02 14:55,42576,42601,42611,42571,35809
2025-09-02 15:00,42561,42576,42581,42552,13983
2025-09-02 15:05,42566,42557,42576,42552,56480
2025-09-02 15:10,42557,42566,42576,42552,18527
2025-09-02 15:15,42571,42561,42576,42557,60357
2025-09-02 15:20,42581,42566,42591,42561,47156
2025-09-03 9:00,42760,42596,42760,42591,101036
2025-09-03 9:05,42661,42750,42805,42527,256593
2025-09-03 9:10,42685,42656,42700,42626,142916
2025-09-03 9:15,42700,42685,42765,42681,86606
2025-09-03 9:20,42755,42700,42795,42685,78393
2025-09-03 9:25,42750,42750,42770,42710,45830
2025-09-03 9:30,42755,42745,42780,42710,46334
2025-09-03 9:35,42790,42755,42869,42745,108802
2025-09-03 9:40,42690,42785,42785,42690,61059
2025-09-03 9:45,42661,42695,42695,42646,56557
2025-09-03 9:50,42656,42656,42676,42616,59779
2025-09-03 9:55,42601,42656,42681,42591,54035
2025-09-03 10:00,42685,42601,42690,42591,48388
2025-09-03 10:05,42730,42681,42745,42676,57543
2025-09-03 10:10,42730,42725,42750,42700,50489
2025-09-03 10:15,42705,42720,42730,42690,27129
2025-09-03 10:20,42710,42705,42715,42690,32319
2025-09-03 10:25,42715,42705,42715,42646,91570
2025-09-03 10:30,42765,42715,42780,42695,55245
2025-09-03 10:35,42715,42765,42765,42710,23817
2025-09-03 10:40,42705,42715,42725,42690,31617
2025-09-03 10:45,42735,42710,42745,42695,41361
2025-09-03 10:50,42770,42735,42775,42735,31732
2025-09-03 10:55,42770,42765,42790,42750,23204
2025-09-03 11:00,42800,42775,42819,42770,60505
2025-09-03 11:05,42770,42805,42819,42760,58004
2025-09-03 11:10,42780,42770,42780,42745,29650
2025-09-03 11:15,42775,42775,42785,42755,19637
2025-09-03 11:20,42790,42775,42795,42765,32198
2025-09-03 11:25,42800,42785,42805,42765,23860
2025-09-03 11:30,42790,42800,42819,42780,29272
2025-09-03 11:35,42730,42795,42795,42730,39346
2025-09-03 11:40,42725,42730,42745,42700,25489
2025-09-03 11:45,42770,42725,42770,42720,18109
2025-09-03 11:50,42795,42770,42795,42760,36816
2025-09-03 11:55,42824,42790,42824,42785,23062
2025-09-03 12:00,42819,42824,42829,42790,17773
2025-09-03 12:05,42829,42819,42839,42814,33817
2025-09-03 12:10,42829,42829,42859,42824,39172
2025-09-03 12:15,42800,42824,42824,42800,21341
2025-09-03 12:20,42819,42800,42824,42800,24976
2025-09-03 12:25,42805,42824,42824,42795,26734
2025-09-03 12:30,42805,42800,42810,42785,15807
2025-09-03 12:35,42790,42800,42824,42790,13312
2025-09-03 12:40,42755,42800,42810,42750,17437
2025-09-03 12:45,42775,42755,42780,42745,24367
2025-09-03 12:50,42770,42775,42780,42760,33179
2025-09-03 12:55,42765,42770,42775,42755,28793
2025-09-03 13:00,42814,42770,42829,42760,25479
2025-09-03 13:05,42810,42814,42819,42785,18557
2025-09-03 13:10,42785,42810,42810,42780,10281
2025-09-03 13:15,42745,42785,42785,42740,21513
2025-09-03 13:20,42775,42745,42780,42740,19153
2025-09-03 13:25,42765,42775,42780,42750,19423
2025-09-03 13:30,42745,42765,42765,42740,16779
2025-09-03 13:35,42750,42750,42765,42745,16570
2025-09-03 13:40,42750,42750,42755,42730,19334
2025-09-03 13:45,42705,42745,42750,42700,37261
2025-09-03 13:50,42725,42705,42730,42695,21075
2025-09-03 13:55,42720,42725,42745,42720,22668
2025-09-03 14:00,42740,42720,42750,42720,34058
2025-09-03 14:05,42735,42740,42770,42725,23476
2025-09-03 14:10,42745,42730,42745,42720,9881
2025-09-03 14:15,42755,42740,42765,42730,24640
2025-09-03 14:20,42780,42755,42790,42745,49272
2025-09-03 14:25,42760,42775,42785,42755,19118
2025-09-03 14:30,42775,42770,42777,42740,28932
2025-09-03 14:35,42775,42775,42780,42760,10365
2025-09-03 14:40,42790,42780,42805,42770,33839
2025-09-03 14:45,42795,42785,42805,42785,15066
2025-09-03 14:50,42760,42795,42795,42745,26633
2025-09-03 14:55,42750,42755,42760,42735,29634
2025-09-03 15:00,42745,42750,42770,42730,29657
2025-09-03 15:05,42760,42740,42770,42740,98887
2025-09-03 15:10,42775,42760,42780,42750,143527
2025-09-03 15:15,42770,42770,42785,42760,39245
2025-09-03 15:20,42780,42770,42790,42770,65186
2025-09-04 9:00,42790,42780,42824,42775,31080
2025-09-04 9:05,42968,42785,42998,42785,197943
2025-09-04 9:10,42993,42968,43013,42963,130076
2025-09-04 9:15,43013,42988,43033,42988,72577
2025-09-04 9:20,43048,43008,43053,42993,62680
2025-09-04 9:25,42973,43053,43058,42919,194328
2025-09-04 9:30,42998,42973,43008,42958,45177
2025-09-04 9:35,43008,42998,43013,42958,52761
2025-09-04 9:40,42948,43003,43018,42924,99339
2025-09-04 9:45,42929,42948,42958,42904,66146
2025-09-04 9:50,42904,42929,42938,42904,34951
2025-09-04 9:55,42924,42904,42934,42874,54057
2025-09-04 10:00,42899,42919,42943,42874,54167
2025-09-04 10:05,42929,42899,42934,42874,43738
2025-09-04 10:10,42958,42934,42968,42919,71209
2025-09-04 10:15,42934,42958,42968,42904,34965
2025-09-04 10:20,42938,42934,42948,42919,27003
2025-09-04 10:25,42894,42934,42953,42889,41349
2025-09-04 10:30,42929,42889,42934,42889,17446
2025-09-04 10:35,42909,42924,42938,42884,31942
2025-09-04 10:40,42934,42904,42938,42899,26924
2025-09-04 10:45,42963,42938,42973,42934,43413
2025-09-04 10:50,42973,42968,42988,42943,41969
2025-09-04 10:55,42993,42968,43013,42958,77198
2025-09-04 11:00,43048,42998,43058,42993,75316
2025-09-04 11:05,43038,43048,43058,43023,31813
2025-09-04 11:10,43043,43038,43058,43023,29997
2025-09-04 11:15,43028,43038,43038,43008,46553
2025-09-04 11:20,43023,43028,43033,43013,16114
2025-09-04 11:25,43033,43018,43043,43008,33073
2025-09-04 11:30,43028,43033,43043,43028,40002
2025-09-04 11:35,43043,43028,43043,43023,29397
2025-09-04 11:40,43082,43038,43092,43038,139199
2025-09-04 11:45,43122,43082,43132,43082,76120
2025-09-04 11:50,43092,43117,43122,43077,78659
2025-09-04 11:55,43048,43097,43097,43048,22477
2025-09-04 12:00,43018,43048,43053,43008,59222
2025-09-04 12:05,42983,43013,43018,42973,165381
2025-09-04 12:10,42958,42973,42988,42958,22271
2025-09-04 12:15,42953,42963,42968,42938,49010
2025-09-04 12:20,42948,42948,42958,42943,19260
2025-09-04 12:25,42929,42945,42963,42919,39739
2025-09-04 12:30,42924,42924,42934,42894,26595
2025-09-04 12:35,42909,42924,42934,42904,24853
2025-09-04 12:40,42904,42914,42924,42904,14130
2025-09-04 12:45,42894,42904,42904,42869,26046
2025-09-04 12:50,42884,42894,42914,42879,21926
2025-09-04 12:55,42844,42879,42889,42839,51664
2025-09-04 13:00,42864,42839,42864,42834,28757
2025-09-04 13:05,42844,42864,42874,42834,37598
2025-09-04 13:10,42854,42849,42854,42819,44220
2025-09-04 13:15,42829,42849,42859,42824,32212
2025-09-04 13:20,42849,42824,42859,42810,51373
2025-09-04 13:25,42844,42849,42859,42844,21349
2025-09-04 13:30,42834,42844,42854,42829,19592
2025-09-04 13:35,42839,42829,42849,42829,9705
2025-09-04 13:40,42861,42839,42879,42829,46552
2025-09-04 13:45,42839,42859,42869,42829,21917
2025-09-04 13:50,42839,42839,42854,42824,28833
2025-09-04 13:55,42859,42839,42864,42834,60515
2025-09-04 14:00,42879,42859,42889,42854,46272
2025-09-04 14:05,42859,42879,42879,42849,15587
2025-09-04 14:10,42864,42859,42869,42839,28996
2025-09-04 14:15,42879,42861,42884,42859,20053
2025-09-04 14:20,42899,42879,42909,42879,58278
2025-09-04 14:25,42874,42904,42904,42864,41417
2025-09-04 14:30,42844,42874,42879,42819,37956
2025-09-04 14:35,42844,42844,42864,42834,243295
2025-09-04 14:40,42849,42844,42854,42829,19000
2025-09-04 14:45,42854,42839,42864,42834,39780
2025-09-04 14:50,42879,42854,42879,42849,51634
2025-09-04 14:55,42884,42869,42884,42849,58210
2025-09-04 15:00,42899,42879,42909,42879,146495
2025-09-04 15:05,42894,42899,42909,42889,94865
2025-09-04 15:10,42894,42889,42904,42889,37728
2025-09-04 15:15,42894,42894,42904,42884,67668
2025-09-04 15:20,42909,42884,42914,42884,37085
2025-09-05 9:00,43097,43092,43127,43082,103858
2025-09-05 9:05,43117,43082,43246,43058,260514
2025-09-05 9:10,43172,43112,43191,43112,97812
2025-09-05 9:15,43231,43167,43266,43122,179212
2025-09-05 9:20,43107,43231,43236,43087,107334
2025-09-05 9:25,43187,43102,43187,43092,82891
2025-09-05 9:30,43152,43187,43211,43142,76209
2025-09-05 9:35,43167,43152,43167,43117,26782
2025-09-05 9:40,43157,43162,43167,43117,32817
2025-09-05 9:45,43102,43157,43172,43097,136754
2025-09-05 9:50,43097,43102,43132,43082,75643
2025-09-05 9:55,43152,43092,43187,43092,75124
2025-09-05 10:00,43117,43147,43167,43097,33690
2025-09-05 10:05,43122,43107,43137,43092,25912
2025-09-05 10:10,43137,43122,43142,43092,51033
2025-09-05 10:15,43117,43142,43152,43117,26644
2025-09-05 10:20,43077,43127,43127,43048,77765
2025-09-05 10:25,43102,43077,43102,43062,30899
2025-09-05 10:30,43077,43102,43122,43077,31760
2025-09-05 10:35,43053,43072,43087,43038,32515
2025-09-05 10:40,43023,43053,43053,43018,68638
2025-09-05 10:45,42993,43023,43028,42968,89724
2025-09-05 10:50,43028,42993,43028,42988,52568
2025-09-05 10:55,43048,43028,43053,43023,43590
2025-09-05 11:00,43058,43043,43092,43043,85141
2025-09-05 11:05,43067,43053,43067,43043,30683
2025-09-05 11:10,43082,43062,43087,43053,21595
2025-09-05 11:15,43067,43087,43097,43053,25980
2025-09-05 11:20,43043,43067,43072,43033,11225
2025-09-05 11:25,43048,43043,43058,43043,28259
2025-09-05 11:30,43058,43048,43062,43018,22363
2025-09-05 11:35,43082,43062,43097,43053,24998
2025-09-05 11:40,43072,43082,43087,43062,17184
2025-09-05 11:45,43072,43072,43092,43062,23493
2025-09-05 11:50,43082,43072,43097,43067,21832
2025-09-05 11:55,43067,43077,43087,43058,17591
2025-09-05 12:00,43058,43072,43082,43053,15935
2025-09-05 12:05,43097,43058,43097,43058,20196
2025-09-05 12:10,43102,43097,43127,43092,50435
2025-09-05 12:15,43097,43092,43102,43072,28506
2025-09-05 12:20,43097,43097,43097,43077,20642
2025-09-05 12:25,43077,43092,43107,43072,22500
2025-09-05 12:30,43092,43072,43092,43062,20362
2025-09-05 12:35,43102,43092,43122,43092,48552
2025-09-05 12:40,43102,43102,43107,43092,18370
2025-09-05 12:45,43072,43102,43117,43067,27582
2025-09-05 12:50,43082,43074,43082,43067,17162
2025-09-05 12:55,43107,43087,43107,43082,26175
2025-09-05 13:00,43112,43107,43117,43102,26327
2025-09-05 13:05,43127,43112,43132,43102,41074
2025-09-05 13:10,43132,43132,43157,43122,154358
2025-09-05 13:15,43142,43132,43152,43127,93563
2025-09-05 13:20,43112,43142,43162,43112,56830
2025-09-05 13:25,43112,43112,43132,43112,14757
2025-09-05 13:30,43097,43117,43117,43097,53818
2025-09-05 13:35,43092,43097,43102,43087,39495
2025-09-05 13:40,43102,43097,43112,43092,30170
2025-09-05 13:45,43097,43104,43112,43092,21705
2025-09-05 13:50,43132,43102,43132,43097,34124
2025-09-05 13:55,43097,43127,43132,43092,36855
2025-09-05 14:00,43112,43097,43117,43087,64675
2025-09-05 14:05,43092,43112,43122,43092,130857
2025-09-05 14:10,43117,43097,43117,43092,70716
2025-09-05 14:15,43117,43112,43127,43107,115805
2025-09-05 14:20,43137,43112,43152,43112,95569
2025-09-05 14:25,43152,43142,43162,43137,69389
2025-09-05 14:30,43157,43147,43162,43142,51816
2025-09-05 14:35,43157,43162,43162,43142,86138
2025-09-05 14:40,43172,43162,43196,43157,161109
2025-09-05 14:45,43177,43172,43191,43172,79239
2025-09-05 14:50,43167,43177,43182,43157,50405
2025-09-05 14:55,43162,43172,43177,43152,87491
2025-09-05 15:00,43142,43162,43162,43137,41898
2025-09-05 15:05,43167,43142,43177,43142,40675
2025-09-05 15:10,43142,43167,43172,43137,47446
2025-09-05 15:15,43147,43142,43152,43137,36897
2025-09-05 15:20,43157,43152,43162,43142,19806
2025-09-08 9:00,43216,43231,43261,43162,97510
2025-09-08 9:05,43206,43206,43246,43162,250456
2025-09-08 9:10,43172,43206,43256,43152,113335
2025-09-08 9:15,43241,43177,43241,43167,142957
2025-09-08 9:20,43201,43241,43261,43201,57768
2025-09-08 9:25,43211,43201,43226,43182,38836
2025-09-08 9:30,43187,43211,43211,43167,80377
2025-09-08 9:35,43196,43187,43221,43177,50675
2025-09-08 9:40,43187,43196,43206,43177,22367
2025-09-08 9:45,43187,43187,43211,43172,41323
2025-09-08 9:50,43216,43187,43231,43177,43835
2025-09-08 9:55,43221,43211,43231,43191,28939
2025-09-08 10:00,43196,43221,43236,43191,99469
2025-09-08 10:05,43271,43201,43271,43196,387320
2025-09-08 10:10,43276,43271,43306,43261,57869
2025-09-08 10:15,43241,43271,43286,43233,21080
2025-09-08 10:20,43236,43246,43251,43233,35504
2025-09-08 10:25,43256,43236,43256,43226,27484
2025-09-08 10:30,43266,43256,43276,43246,31749
2025-09-08 10:35,43281,43266,43281,43256,25512
2025-09-08 10:40,43306,43278,43311,43276,52575
2025-09-08 10:45,43293,43301,43325,43281,36919
2025-09-08 10:50,43296,43293,43301,43276,31253
2025-09-08 10:55,43246,43293,43301,43231,235511
2025-09-08 11:00,43238,43246,43256,43226,93143
2025-09-08 11:05,43211,43238,43246,43201,95181
2025-09-08 11:10,43231,43211,43231,43201,58419
2025-09-08 11:15,43206,43228,43231,43206,27941
2025-09-08 11:20,43157,43211,43216,43152,91188
2025-09-08 11:25,43157,43162,43172,43142,65388
2025-09-08 11:30,43159,43157,43167,43142,43069
2025-09-08 11:35,43177,43162,43182,43162,43488
2025-09-08 11:40,43187,43177,43191,43172,28799
2025-09-08 11:45,43182,43187,43191,43177,19484
2025-09-08 11:50,43182,43182,43187,43172,11950
2025-09-08 11:55,43182,43182,43196,43172,6997
2025-09-08 12:00,43167,43179,43191,43167,11197
2025-09-08 12:05,43182,43177,43182,43167,5197
2025-09-08 12:10,43187,43177,43206,43172,11758
2025-09-08 12:15,43187,43187,43201,43187,46989
2025-09-08 12:20,43191,43191,43196,43182,13921
2025-09-08 12:25,43191,43191,43206,43187,11896
2025-09-08 12:30,43157,43187,43196,43157,23055
2025-09-08 12:35,43172,43157,43177,43157,6687
2025-09-08 12:40,43182,43174,43182,43162,9619
2025-09-08 12:45,43191,43182,43191,43182,17317
2025-09-08 12:50,43196,43191,43201,43187,24865
2025-09-08 12:55,43206,43201,43206,43187,21454
2025-09-08 13:00,43191,43206,43206,43187,22904
2025-09-08 13:05,43196,43196,43206,43191,59802
2025-09-08 13:10,43187,43196,43196,43187,26321
2025-09-08 13:15,43177,43191,43191,43162,73464
2025-09-08 13:20,43182,43177,43191,43172,48265
2025-09-08 13:25,43172,43182,43182,43167,16396
2025-09-08 13:30,43177,43172,43182,43162,54054
2025-09-08 13:35,43167,43177,43177,43162,73767
2025-09-08 13:40,43167,43167,43172,43162,33530
2025-09-08 13:45,43137,43167,43167,43127,113895
2025-09-08 13:50,43132,43137,43137,43112,96119
2025-09-08 13:55,43132,43127,43132,43112,29810
2025-09-08 14:00,43122,43127,43142,43117,16906
2025-09-08 14:05,43112,43122,43127,43097,73422
2025-09-08 14:10,43117,43112,43122,43102,16179
2025-09-08 14:15,43132,43117,43137,43117,8183
2025-09-08 14:20,43147,43137,43157,43132,52626
2025-09-08 14:25,43147,43147,43152,43137,21280
2025-09-08 14:30,43122,43142,43147,43117,11315
2025-09-08 14:35,43127,43122,43132,43107,44148
2025-09-08 14:40,43112,43127,43127,43102,38407
2025-09-08 14:45,43102,43112,43122,43097,24378
2025-09-08 14:50,43137,43102,43137,43097,38611
2025-09-08 14:55,43147,43132,43152,43122,27583
2025-09-08 15:00,43152,43147,43167,43147,50350
2025-09-08 15:05,43221,43152,43251,43147,252810
2025-09-08 15:10,43226,43221,43241,43206,53746
2025-09-08 15:15,43291,43226,43291,43226,133128
2025-09-08 15:20,43325,43291,43325,43286,81507
2025-09-09 9:00,43405,43425,43454,43375,115469
2025-09-09 9:05,43410,43405,43459,43330,236393
2025-09-09 9:10,43330,43405,43420,43306,153422
2025-09-09 9:15,43370,43335,43390,43332,60749
2025-09-09 9:20,43385,43370,43400,43335,101316
2025-09-09 9:25,43365,43390,43405,43350,284595
2025-09-09 9:30,43380,43365,43405,43345,208704
2025-09-09 9:35,43415,43380,43420,43380,85136
2025-09-09 9:40,43405,43415,43415,43380,45743
2025-09-09 9:45,43444,43407,43459,43407,125212
2025-09-09 9:50,43464,43444,43499,43439,91113
2025-09-09 9:55,43454,43464,43484,43444,160937
2025-09-09 10:00,43454,43454,43454,43430,101229
2025-09-09 10:05,43534,43454,43549,43449,316068
2025-09-09 10:10,43534,43534,43564,43524,272375
2025-09-09 10:15,43564,43534,43578,43524,76673
2025-09-09 10:20,43559,43559,43578,43544,38824
2025-09-09 10:25,43514,43564,43564,43499,54521
2025-09-09 10:30,43539,43514,43539,43504,25022
2025-09-09 10:35,43559,43539,43564,43529,46376
2025-09-09 10:40,43598,43559,43618,43559,76388
2025-09-09 10:45,43618,43598,43628,43583,47939
2025-09-09 10:50,43598,43618,43628,43598,24089
2025-09-09 10:55,43578,43603,43618,43578,146753
2025-09-09 11:00,43618,43573,43618,43573,24962
2025-09-09 11:05,43678,43618,43678,43613,132689
2025-09-09 11:10,43688,43678,43702,43668,62851
2025-09-09 11:15,43692,43688,43692,43663,64111
2025-09-09 11:20,43707,43688,43722,43678,272220
2025-09-09 11:25,43702,43702,43712,43692,46358
2025-09-09 11:30,43747,43702,43752,43702,85226
2025-09-09 11:35,43752,43747,43762,43737,113178
2025-09-09 11:40,43762,43752,43767,43732,92560
2025-09-09 11:45,43747,43767,43767,43727,33902
2025-09-09 11:50,43797,43747,43802,43747,64354
2025-09-09 11:55,43821,43797,43826,43787,113994
2025-09-09 12:00,43826,43821,43871,43821,177231
2025-09-09 12:05,43821,43826,43831,43812,53298
2025-09-09 12:10,43816,43821,43826,43807,93276
2025-09-09 12:15,43846,43816,43846,43812,64262
2025-09-09 12:20,43826,43846,43856,43826,126915
2025-09-09 12:25,43821,43826,43836,43807,82911
2025-09-09 12:30,43821,43821,43826,43812,26872
2025-09-09 12:35,43836,43826,43876,43826,55666
2025-09-09 12:40,43871,43836,43881,43836,51157
2025-09-09 12:45,43856,43871,43891,43846,110699
2025-09-09 12:50,43856,43856,43881,43836,137186
2025-09-09 12:55,43851,43861,43866,43836,51920
2025-09-09 13:00,43876,43851,43876,43841,99361
2025-09-09 13:05,43876,43876,43886,43861,88070
2025-09-09 13:10,43871,43871,43886,43866,39600
2025-09-09 13:15,43866,43871,43891,43851,83145
2025-09-09 13:20,43851,43856,43866,43821,54769
2025-09-09 13:25,43851,43846,43861,43836,37437
2025-09-09 13:30,43851,43846,43861,43841,1453810
2025-09-09 13:35,43861,43856,43866,43846,250385
2025-09-09 13:40,43851,43861,43896,43851,46195
2025-09-09 13:45,43861,43851,43876,43846,218287
2025-09-09 13:50,43881,43861,43886,43846,40001
2025-09-09 13:55,43881,43881,43886,43856,91446
2025-09-09 14:00,43856,43881,43886,43856,110883
2025-09-09 14:05,43856,43861,43876,43836,197703
2025-09-09 14:10,43841,43856,43861,43826,51931
2025-09-09 14:15,43812,43841,43841,43802,105474
2025-09-09 14:20,43782,43812,43812,43782,137435
2025-09-09 14:25,43787,43787,43802,43777,82056
2025-09-09 14:30,43821,43787,43821,43777,184769
2025-09-09 14:35,43841,43821,43846,43816,239399
2025-09-09 14:40,43831,43841,43861,43831,193923
2025-09-09 14:45,43856,43831,43866,43831,92524
2025-09-09 14:50,43871,43866,43891,43861,176727
2025-09-09 14:55,43911,43876,43916,43871,256596
2025-09-09 15:00,43901,43911,43941,43896,111039
2025-09-09 15:05,43936,43906,43941,43891,309052
2025-09-09 15:10,43906,43936,43936,43901,313805
2025-09-09 15:15,43896,43906,43916,43896,316800
2025-09-09 15:20,43911,43901,43916,43896,154251
2025-09-10 9:00,44074,44050,44129,44050,151444
2025-09-10 9:05,44327,44079,44337,44079,689481
2025-09-10 9:10,44303,44327,44342,44278,320396
2025-09-10 9:15,44407,44303,44422,44283,425530
2025-09-10 9:20,44456,44407,44496,44402,307728
2025-09-10 9:25,44501,44466,44541,44456,285510
2025-09-10 9:30,44635,44501,44640,44471,400772
2025-09-10 9:35,44680,44640,44719,44635,407836
2025-09-10 9:40,44546,44680,44690,44546,151824
2025-09-10 9:45,44526,44546,44570,44476,278427
2025-09-10 9:50,44575,44526,44575,44521,113046
2025-09-10 9:55,44595,44575,44600,44556,316855
2025-09-10 10:00,44600,44595,44625,44546,92531
2025-09-10 10:05,44585,44605,44625,44570,96494
2025-09-10 10:10,44695,44585,44695,44585,439524
2025-09-10 10:15,44645,44695,44699,44615,622628
2025-09-10 10:20,44670,44645,44719,44645,171668
2025-09-10 10:25,44635,44665,44670,44630,117559
2025-09-10 10:30,44685,44640,44699,44620,476069
2025-09-10 10:35,44744,44695,44744,44685,391192
2025-09-10 10:40,44729,44739,44769,44714,286592
2025-09-10 10:45,44704,44734,44739,44695,224525
2025-09-10 10:50,44739,44704,44739,44685,69332
2025-09-10 10:55,44685,44739,44774,44680,254883
2025-09-10 11:00,44690,44685,44744,44675,211799
2025-09-10 11:05,44719,44690,44729,44670,201953
2025-09-10 11:10,44729,44719,44744,44714,96730
2025-09-10 11:15,44749,44724,44784,44719,97710
2025-09-10 11:20,44709,44744,44779,44699,53831
2025-09-10 11:25,44670,44704,44724,44660,144692
2025-09-10 11:30,44680,44672,44690,44655,24939
2025-09-10 11:35,44729,44680,44739,44680,67418
2025-09-10 11:40,44734,44734,44749,44729,163830
2025-09-10 11:45,44719,44734,44739,44709,108558
2025-09-10 11:50,44739,44719,44744,44714,58008
2025-09-10 11:55,44719,44739,44744,44719,36283
2025-09-10 12:00,44729,44714,44744,44714,12222
2025-09-10 12:05,44749,44729,44754,44729,43751
2025-09-10 12:10,44729,44749,44769,44729,96332
2025-09-10 12:15,44754,44729,44754,44724,27722
2025-09-10 12:20,44744,44744,44779,44719,57991
2025-09-10 12:25,44774,44749,44799,44749,64185
2025-09-10 12:30,44804,44779,44809,44764,32832
2025-09-10 12:35,44784,44804,44809,44769,56192
2025-09-10 12:40,44759,44784,44789,44759,66041
2025-09-10 12:45,44769,44764,44774,44754,30222
2025-09-10 12:50,44764,44764,44794,44754,50217
2025-09-10 12:55,44749,44764,44774,44739,42106
2025-09-10 13:00,44769,44749,44779,44749,28548
2025-09-10 13:05,44769,44779,44779,44759,31340
2025-09-10 13:10,44754,44764,44769,44749,20868
2025-09-10 13:15,44764,44754,44769,44749,38744
2025-09-10 13:20,44779,44769,44789,44764,32268
2025-09-10 13:25,44809,44784,44814,44779,90568
2025-09-10 13:30,44823,44809,44828,44804,46946
2025-09-10 13:35,44809,44828,44858,44804,123575
2025-09-10 13:40,44823,44809,44853,44809,107187
2025-09-10 13:45,44784,44823,44828,44779,53860
2025-09-10 13:50,44799,44779,44799,44764,153398
2025-09-10 13:55,44814,44804,44819,44799,134371
2025-09-10 14:00,44823,44809,44828,44799,133835
2025-09-10 14:05,44848,44823,44848,44809,129211
2025-09-10 14:10,44848,44843,44853,44833,33318
2025-09-10 14:15,44843,44853,44858,44838,55766
2025-09-10 14:20,44873,44848,44878,44833,78472
2025-09-10 14:25,44873,44873,44888,44863,44775
2025-09-10 14:30,44868,44873,44883,44863,60553
2025-09-10 14:35,44853,44863,44868,44838,69959
2025-09-10 14:40,44863,44843,44873,44843,47680
2025-09-10 14:45,44863,44858,44868,44843,47020
2025-09-10 14:50,44848,44863,44888,44843,55977
2025-09-10 14:55,44853,44848,44858,44838,49967
2025-09-10 15:00,44853,44843,44863,44843,48868
2025-09-10 15:05,44789,44853,44858,44784,62811
2025-09-10 15:10,44804,44784,44809,44764,125938
2025-09-10 15:15,44799,44804,44828,44794,93390
2025-09-10 15:20,44799,44799,44804,44784,49361
2025-09-11 9:00,45176,45081,45196,45081,173900
2025-09-11 9:05,45220,45176,45255,45121,495139
2025-09-11 9:10,45230,45220,45240,45166,174909
2025-09-11 9:15,45076,45230,45240,45072,154135
2025-09-11 9:20,45007,45076,45076,44967,175582
2025-09-11 9:25,45111,45017,45121,45012,104705
2025-09-11 9:30,45022,45116,45156,45022,117108
2025-09-11 9:35,44992,45022,45057,44987,121111
2025-09-11 9:40,44918,45002,45027,44888,234628
2025-09-11 9:45,44913,44918,44943,44903,157691
2025-09-11 9:50,44903,44913,44952,44838,165550
2025-09-11 9:55,44918,44918,44957,44903,60553
2025-09-11 10:00,44913,44913,44977,44908,82188
2025-09-11 10:05,44928,44918,44938,44888,68527
2025-09-11 10:10,44908,44928,44928,44873,42468
2025-09-11 10:15,44933,44918,44957,44868,64111
2025-09-11 10:20,44908,44933,44952,44893,101119
2025-09-11 10:25,45022,44908,45037,44908,119610
2025-09-11 10:30,45101,45027,45101,45022,114615
2025-09-11 10:35,44952,45101,45111,44883,152846
2025-09-11 10:40,44928,44952,45002,44903,177774
2025-09-11 10:45,44853,44928,44938,44833,91880
2025-09-11 10:50,44789,44853,44853,44781,138599
2025-09-11 10:55,44769,44794,44794,44739,145377
2025-09-11 11:00,44814,44754,44843,44754,76047
2025-09-11 11:05,44784,44814,44828,44774,51102
2025-09-11 11:10,44779,44784,44809,44754,62029
2025-09-11 11:15,44794,44779,44814,44774,48815
2025-09-11 11:20,44838,44799,44838,44789,46473
2025-09-11 11:25,44843,44843,44858,44814,83341
2025-09-11 11:30,44878,44838,44878,44828,56644
2025-09-11 11:35,44888,44878,44913,44878,38955
2025-09-11 11:40,44903,44888,44903,44883,42654
2025-09-11 11:45,44908,44898,44928,44888,44521
2025-09-11 11:50,44888,44908,44908,44868,37362
2025-09-11 11:55,44967,44893,44967,44878,79729
2025-09-11 12:00,45007,44967,45027,44962,84340
2025-09-11 12:05,44962,45007,45007,44943,64916
2025-09-11 12:10,44952,44962,44977,44943,136350
2025-09-11 12:15,44967,44952,44977,44933,59050
2025-09-11 12:20,44943,44962,44972,44938,34969
2025-09-11 12:25,44952,44943,44952,44918,29366
2025-09-11 12:30,44987,44952,45012,44948,265150
2025-09-11 12:35,45012,44987,45012,44967,296685
2025-09-11 12:40,45076,45012,45081,45002,157223
2025-09-11 12:45,45057,45072,45081,45042,244414
2025-09-11 12:50,45111,45062,45116,45057,73787
2025-09-11 12:55,45116,45101,45116,45081,82732
2025-09-11 13:00,45126,45116,45126,45081,91944
2025-09-11 13:05,45062,45126,45131,45047,86346
2025-09-11 13:10,45022,45062,45067,45017,132178
2025-09-11 13:15,45042,45027,45072,45022,188788
2025-09-11 13:20,45037,45042,45047,45007,91335
2025-09-11 13:25,44967,45027,45037,44962,66514
2025-09-11 13:30,45027,44967,45027,44952,89710
2025-09-11 13:35,45002,45027,45027,44997,34223
2025-09-11 13:40,45017,45002,45032,45002,48639
2025-09-11 13:45,44997,45027,45027,44997,71809
2025-09-11 13:50,45032,44997,45032,44992,75137
2025-09-11 13:55,45027,45022,45062,45012,53143
2025-09-11 14:00,45047,45027,45067,45017,78143
2025-09-11 14:05,45037,45057,45057,45017,28145
2025-09-11 14:10,45037,45042,45057,45032,19578
2025-09-11 14:15,45027,45037,45047,45012,42910
2025-09-11 14:20,45062,45027,45067,45017,48072
2025-09-11 14:25,45062,45057,45067,45042,14328
2025-09-11 14:30,45037,45062,45072,45032,13832
2025-09-11 14:35,45052,45032,45062,45022,29212
2025-09-11 14:40,45057,45052,45067,45042,45765
2025-09-11 14:45,45057,45059,45067,45052,32066
2025-09-11 14:50,45067,45057,45081,45047,39024
2025-09-11 14:55,45042,45067,45081,45042,51194
2025-09-11 15:00,45062,45042,45062,45032,212191
2025-09-11 15:05,45081,45062,45091,45057,152762
2025-09-11 15:10,45116,45076,45126,45076,169300
2025-09-11 15:15,45131,45111,45131,45106,177679
2025-09-11 15:20,45131,45131,45161,45121,257870
2025-09-12 9:00,45716,45622,45716,45622,537772
2025-09-12 9:05,45687,45721,45776,45553,317784
2025-09-12 9:10,45592,45692,45702,45587,241104
2025-09-12 9:15,45677,45587,45726,45577,196227
2025-09-12 9:20,45677,45672,45721,45642,128049
2025-09-12 9:25,45642,45672,45687,45577,121319
2025-09-12 9:30,45538,45642,45662,45508,112868
2025-09-12 9:35,45647,45538,45662,45538,89067
2025-09-12 9:40,45697,45647,45706,45622,84716
2025-09-12 9:45,45702,45697,45721,45692,70838
2025-09-12 9:50,45746,45697,45751,45697,114868
2025-09-12 9:55,45711,45746,45756,45703,87278
2025-09-12 10:00,45835,45711,45860,45711,212630
2025-09-12 10:05,45850,45830,45855,45786,55069
2025-09-12 10:10,45880,45850,45920,45835,133539
2025-09-12 10:15,45816,45880,45890,45776,100069
2025-09-12 10:20,45855,45816,45855,45801,74571
2025-09-12 10:25,45845,45855,45875,45816,80187
2025-09-12 10:30,45895,45845,45895,45816,57755
2025-09-12 10:35,45915,45885,45920,45845,62341
2025-09-12 10:40,45925,45915,45940,45880,108419
2025-09-12 10:45,45930,45920,45935,45895,45135
2025-09-12 10:50,45910,45930,45935,45890,57983
2025-09-12 10:55,45979,45920,45984,45915,143238
2025-09-12 11:00,45984,45979,46009,45969,97923
2025-09-12 11:05,45954,45989,46019,45945,135751
2025-09-12 11:10,45979,45959,45994,45945,63197
2025-09-12 11:15,45954,45979,45989,45935,52827
2025-09-12 11:20,45925,45959,45969,45905,73465
2025-09-12 11:25,45994,45925,46004,45925,80249
2025-09-12 11:30,45979,45994,46034,45974,157654
2025-09-12 11:35,45950,45984,45989,45935,70156
2025-09-12 11:40,45945,45950,45964,45935,25995
2025-09-12 11:45,45954,45940,45974,45940,45573
2025-09-12 11:50,45920,45959,45959,45910,92409
2025-09-12 11:55,45895,45920,45940,45890,50228
2025-09-12 12:00,45935,45900,45950,45885,52262
2025-09-12 12:05,45950,45940,45974,45935,89374
2025-09-12 12:10,45974,45954,45979,45954,24197
2025-09-12 12:15,45969,45974,45994,45964,81358
2025-09-12 12:20,45964,45969,45969,45950,25700
2025-09-12 12:25,45950,45969,45979,45945,28941
2025-09-12 12:30,45954,45945,45954,45925,28278
2025-09-12 12:35,45959,45950,45974,45950,51712
2025-09-12 12:40,45920,45954,45961,45920,42350
2025-09-12 12:45,45930,45925,45930,45910,47399
2025-09-12 12:50,45935,45930,45959,45925,83940
2025-09-12 12:55,45915,45940,45950,45905,93239
2025-09-12 13:00,45950,45910,45950,45905,45412
2025-09-12 13:05,46004,45945,46014,45935,147058
2025-09-12 13:10,45979,45999,46004,45959,29188
2025-09-12 13:15,45979,45979,45994,45964,27618
2025-09-12 13:20,46014,45984,46029,45974,62910
2025-09-12 13:25,46014,46009,46034,45989,111528
2025-09-12 13:30,46024,46014,46044,46004,75805
2025-09-12 13:35,46019,46024,46044,46009,68068
2025-09-12 13:40,46029,46014,46039,46014,54610
2025-09-12 13:45,45989,46039,46039,45989,117397
2025-09-12 13:50,45989,45999,46009,45979,66434
2025-09-12 13:55,45969,45984,45994,45959,63302
2025-09-12 14:00,45974,45969,45979,45945,93213
2025-09-12 14:05,46024,45979,46024,45974,155291
2025-09-12 14:10,46029,46024,46054,46009,143065
2025-09-12 14:15,46019,46034,46034,46004,81898
2025-09-12 14:20,46034,46019,46049,46014,108258
2025-09-12 14:25,46004,46034,46034,45999,61487
2025-09-12 14:30,45979,45999,46004,45969,46115
2025-09-12 14:35,45984,45984,46004,45964,47868
2025-09-12 14:40,45989,45984,46004,45954,90292
2025-09-12 14:45,45989,45989,45999,45979,49221
2025-09-12 14:50,45964,45984,45999,45959,367705
2025-09-12 14:55,45969,45959,45979,45945,203406
2025-09-12 15:00,45974,45974,45994,45969,177236
2025-09-12 15:05,45999,45974,46009,45954,172037
2025-09-12 15:10,46064,46004,46083,45994,310336
2025-09-12 15:15,46054,46069,46079,46049,324957
2025-09-12 15:20,46044,46054,46059,46029,158776
2025-09-15 9:00,46406,46356,46426,46336,151886
2025-09-15 9:05,46356,46411,46475,46262,374151
2025-09-15 9:10,46470,46361,46480,46331,882154
2025-09-15 9:15,46331,46480,46545,46327,372216
2025-09-15 9:20,46331,46336,46366,46282,226819
2025-09-15 9:25,46312,46336,46351,46267,163380
2025-09-15 9:30,46401,46322,46416,46307,181675
2025-09-15 9:35,46331,46406,46421,46322,129879
2025-09-15 9:40,46312,46331,46361,46292,140960
2025-09-15 9:45,46322,46307,46327,46227,171727
2025-09-15 9:50,46252,46322,46327,46232,52268
2025-09-15 9:55,46207,46252,46257,46163,112914
2025-09-15 10:00,46282,46207,46287,46188,166578
2025-09-15 10:05,46327,46277,46336,46267,106175
2025-09-15 10:10,46341,46327,46346,46317,58800
2025-09-15 10:15,46317,46341,46351,46302,43382
2025-09-15 10:20,46198,46312,46317,46143,301816
2025-09-15 10:25,46083,46195,46207,46069,197618
2025-09-15 10:30,46143,46083,46148,46049,170200
2025-09-15 10:35,46222,46143,46237,46133,113315
2025-09-15 10:40,46153,46232,46232,46148,106420
2025-09-15 10:45,46168,46153,46207,46138,48993
2025-09-15 10:50,46178,46173,46193,46148,32597
2025-09-15 10:55,46183,46168,46188,46128,42353
2025-09-15 11:00,46207,46183,46222,46153,38477
2025-09-15 11:05,46267,46207,46267,46183,46158
2025-09-15 11:10,46302,46262,46302,46252,61324
2025-09-15 11:15,46267,46302,46307,46257,31551
2025-09-15 11:20,46267,46262,46272,46242,30574
2025-09-15 11:25,46277,46262,46292,46252,35544
2025-09-15 11:30,46287,46287,46297,46252,54796
2025-09-15 11:35,46287,46292,46307,46277,41412
2025-09-15 11:40,46312,46297,46322,46282,31333
2025-09-15 11:45,46366,46312,46381,46307,80939
2025-09-15 11:50,46346,46366,46386,46341,69048
2025-09-15 11:55,46322,46346,46346,46317,59659
2025-09-15 12:00,46366,46327,46371,46312,49352
2025-09-15 12:05,46406,46371,46406,46361,38686
2025-09-15 12:10,46361,46401,46411,46361,40420
2025-09-15 12:15,46376,46361,46386,46361,28405
2025-09-15 12:20,46391,46386,46406,46376,33602
2025-09-15 12:25,46401,46391,46416,46371,33519
2025-09-15 12:30,46396,46406,46416,46391,30723
2025-09-15 12:35,46406,46396,46421,46386,39746
2025-09-15 12:40,46460,46411,46465,46401,63429
2025-09-15 12:45,46406,46460,46465,46406,39047
2025-09-15 12:50,46426,46406,46441,46401,45482
2025-09-15 12:55,46431,46436,46436,46406,26188
2025-09-15 13:00,46446,46431,46456,46426,33505
2025-09-15 13:05,46441,46451,46456,46426,26141
2025-09-15 13:10,46446,46441,46451,46421,20398
2025-09-15 13:15,46401,46446,46446,46386,103962
2025-09-15 13:20,46456,46406,46465,46401,131025
2025-09-15 13:25,46431,46451,46465,46411,95718
2025-09-15 13:30,46391,46426,46431,46376,99134
2025-09-15 13:35,46351,46391,46396,46346,55292
2025-09-15 13:40,46336,46351,46356,46317,61673
2025-09-15 13:45,46351,46333,46356,46317,41972
2025-09-15 13:50,46351,46351,46371,46341,38475
2025-09-15 13:55,46356,46351,46371,46346,30462
2025-09-15 14:00,46351,46361,46371,46341,33265
2025-09-15 14:05,46351,46351,46356,46327,29550
2025-09-15 14:10,46361,46351,46376,46336,26390
2025-09-15 14:15,46327,46361,46371,46327,32733
2025-09-15 14:20,46322,46327,46327,46307,28572
2025-09-15 14:25,46317,46322,46341,46307,46955
2025-09-15 14:30,46331,46322,46336,46307,24260
2025-09-15 14:35,46366,46331,46381,46327,52266
2025-09-15 14:40,46346,46366,46376,46331,23334
2025-09-15 14:45,46336,46346,46356,46336,37349
2025-09-15 14:50,46327,46341,46341,46322,42894
2025-09-15 14:55,46322,46327,46336,46307,91032
2025-09-15 15:00,46341,46322,46346,46312,92002
2025-09-15 15:05,46272,46336,46341,46267,144572
2025-09-15 15:10,46292,46277,46317,46257,103183
2025-09-15 15:15,46287,46297,46302,46282,24490
2025-09-15 15:20,46257,46282,46287,46247,40317
2025-09-16 9:00,46391,46386,46456,46336,93831
2025-09-16 9:05,46599,46391,46609,46366,259681
2025-09-16 9:10,46545,46589,46619,46485,173794
2025-09-16 9:15,46589,46545,46589,46460,212268
2025-09-16 9:20,46634,46589,46639,46520,231701
2025-09-16 9:25,46614,46636,46639,46575,86980
2025-09-16 9:30,46639,46614,46684,46589,138284
2025-09-16 9:35,46575,46639,46639,46475,257087
2025-09-16 9:40,46545,46580,46584,46525,58898
2025-09-16 9:45,46604,46550,46609,46540,47096
2025-09-16 9:50,46555,46604,46614,46545,62457
2025-09-16 9:55,46560,46555,46614,46550,60904
2025-09-16 10:00,46634,46560,46644,46555,116962
2025-09-16 10:05,46718,46639,46728,46614,296739
2025-09-16 10:10,46733,46723,46748,46674,192642
2025-09-16 10:15,46728,46728,46758,46713,73730
2025-09-16 10:20,46763,46728,46768,46723,117232
2025-09-16 10:25,46733,46763,46768,46718,57226
2025-09-16 10:30,46743,46738,46753,46704,64403
2025-09-16 10:35,46803,46743,46808,46738,161422
2025-09-16 10:40,46808,46803,46823,46778,72022
2025-09-16 10:45,46803,46808,46818,46793,63114
2025-09-16 10:50,46823,46803,46828,46793,80738
2025-09-16 10:55,46842,46828,46847,46808,86357
2025-09-16 11:00,46842,46842,46857,46833,66455
2025-09-16 11:05,46902,46837,46937,46833,163107
2025-09-16 11:10,46937,46897,46942,46892,89424
2025-09-16 11:15,46947,46932,46957,46912,70367
2025-09-16 11:20,46957,46952,46971,46932,80784
2025-09-16 11:25,46991,46961,46996,46942,89877
2025-09-16 11:30,47036,46996,47041,46991,137891
2025-09-16 11:35,47095,47036,47095,47031,95611
2025-09-16 11:40,47036,47090,47095,47031,118578
2025-09-16 11:45,46976,47041,47046,46976,80681
2025-09-16 11:50,47016,46976,47021,46971,83908
2025-09-16 11:55,47001,47021,47051,46996,63099
2025-09-16 12:00,47026,47001,47026,46976,102217
2025-09-16 12:05,47006,47021,47046,47001,48649
2025-09-16 12:10,47031,47011,47041,47006,76491
2025-09-16 12:15,47031,47036,47046,47011,90903
2025-09-16 12:20,47046,47041,47056,47021,56658
2025-09-16 12:25,47021,47046,47066,47016,60673
2025-09-16 12:30,47011,47021,47031,46996,42135
2025-09-16 12:35,47041,47021,47046,47006,37144
2025-09-16 12:40,47046,47046,47056,47041,52587
2025-09-16 12:45,47041,47046,47051,47026,29987
2025-09-16 12:50,47046,47041,47081,47031,68316
2025-09-16 12:55,47071,47046,47081,47041,63846
2025-09-16 13:00,47090,47066,47100,47066,155266
2025-09-16 13:05,47076,47085,47100,47071,47738
2025-09-16 13:10,47056,47071,47076,47041,59400
2025-09-16 13:15,47031,47056,47066,47016,79225
2025-09-16 13:20,47026,47031,47051,47001,53267
2025-09-16 13:25,47046,47026,47051,47021,13670
2025-09-16 13:30,47031,47046,47066,47021,59036
2025-09-16 13:35,47046,47026,47051,47011,35822
2025-09-16 13:40,47056,47046,47061,47016,62099
2025-09-16 13:45,47061,47056,47071,47041,41353
2025-09-16 13:50,47036,47061,47066,47033,36259
2025-09-16 13:55,47041,47036,47041,47011,79314
2025-09-16 14:00,47041,47041,47046,47021,38534
2025-09-16 14:05,47066,47041,47095,47041,116952
2025-09-16 14:10,47066,47066,47073,47041,30311
2025-09-16 14:15,47076,47066,47081,47051,45378
2025-09-16 14:20,47066,47076,47095,47046,31891
2025-09-16 14:25,47076,47061,47090,47056,78524
2025-09-16 14:30,47095,47081,47115,47076,101015
2025-09-16 14:35,47095,47090,47115,47081,81653
2025-09-16 14:40,47090,47090,47095,47066,31816
2025-09-16 14:45,47085,47090,47100,47081,25583
2025-09-16 14:50,47105,47090,47115,47076,57750
2025-09-16 14:55,47115,47115,47120,47095,53160
2025-09-16 15:00,47110,47112,47120,47095,33780
2025-09-16 15:05,47056,47110,47110,47051,68823
2025-09-16 15:10,47078,47056,47085,47036,57207
2025-09-16 15:15,47076,47078,47081,47051,61414
2025-09-16 15:20,47061,47081,47081,47056,73844
2025-09-17 9:00,46684,46768,46768,46669,119988
2025-09-17 9:05,46604,46679,46713,46570,244212
2025-09-17 9:10,46552,46594,46609,46475,168718
2025-09-17 9:15,46475,46555,46614,46475,156842
2025-09-17 9:20,46570,46475,46580,46451,89626
2025-09-17 9:25,46589,46565,46594,46530,79813
2025-09-17 9:30,46589,46589,46614,46555,242568
2025-09-17 9:35,46594,46594,46634,46560,233348
2025-09-17 9:40,46535,46594,46599,46495,204878
2025-09-17 9:45,46580,46545,46589,46535,102104
2025-09-17 9:50,46575,46575,46589,46540,122455
2025-09-17 9:55,46530,46570,46570,46525,87232
2025-09-17 10:00,46515,46525,46535,46475,68560
2025-09-17 10:05,46555,46510,46555,46500,38855
2025-09-17 10:10,46500,46555,46560,46500,39233
2025-09-17 10:15,46485,46505,46520,46465,87357
2025-09-17 10:20,46451,46485,46505,46431,181055
2025-09-17 10:25,46460,46451,46485,46421,124343
2025-09-17 10:30,46485,46465,46515,46456,122653
2025-09-17 10:35,46411,46485,46500,46401,184680
2025-09-17 10:40,46391,46411,46421,46341,144781
2025-09-17 10:45,46391,46396,46426,46381,91058
2025-09-17 10:50,46396,46386,46406,46351,59297
2025-09-17 10:55,46401,46391,46426,46386,56319
2025-09-17 11:00,46386,46396,46411,46356,43026
2025-09-17 11:05,46460,46391,46465,46356,68042
2025-09-17 11:10,46485,46460,46495,46451,75149
2025-09-17 11:15,46505,46485,46515,46480,94282
2025-09-17 11:20,46490,46505,46520,46475,69094
2025-09-17 11:25,46456,46490,46490,46446,34596
2025-09-17 11:30,46495,46456,46495,46446,57567
2025-09-17 11:35,46530,46485,46535,46485,78934
2025-09-17 11:40,46515,46530,46535,46500,30609
2025-09-17 11:45,46510,46515,46530,46500,27560
2025-09-17 11:50,46505,46510,46515,46490,40495
2025-09-17 11:55,46510,46505,46530,46500,28696
2025-09-17 12:00,46560,46510,46575,46505,49861
2025-09-17 12:05,46570,46560,46584,46530,64944
2025-09-17 12:10,46510,46565,46570,46505,73686
2025-09-17 12:15,46505,46515,46515,46475,102337
2025-09-17 12:20,46490,46510,46510,46456,86618
2025-09-17 12:25,46515,46490,46520,46490,55470
2025-09-17 12:30,46520,46515,46540,46510,50489
2025-09-17 12:35,46570,46520,46570,46520,76547
2025-09-17 12:40,46599,46570,46614,46560,72350
2025-09-17 12:45,46649,46604,46659,46594,148303
2025-09-17 12:50,46654,46654,46669,46639,176838
2025-09-17 12:55,46639,46654,46659,46619,138513
2025-09-17 13:00,46624,46634,46659,46619,87479
2025-09-17 13:05,46669,46624,46679,46619,57816
2025-09-17 13:10,46664,46674,46679,46634,71499
2025-09-17 13:15,46664,46664,46684,46659,65689
2025-09-17 13:20,46669,46664,46679,46649,79945
2025-09-17 13:25,46679,46669,46679,46649,72693
2025-09-17 13:30,46679,46679,46704,46664,122915
2025-09-17 13:35,46644,46679,46689,46634,98066
2025-09-17 13:40,46664,46644,46664,46634,81388
2025-09-17 13:45,46654,46664,46689,46654,70989
2025-09-17 13:50,46664,46654,46669,46644,87702
2025-09-17 13:55,46634,46664,46669,46629,102109
2025-09-17 14:00,46619,46634,46654,46614,88145
2025-09-17 14:05,46614,46619,46624,46609,76222
2025-09-17 14:10,46530,46619,46619,46530,142715
2025-09-17 14:15,46510,46530,46560,46505,117290
2025-09-17 14:20,46456,46515,46520,46441,147716
2025-09-17 14:25,46480,46456,46485,46426,120480
2025-09-17 14:30,46475,46475,46495,46465,91993
2025-09-17 14:35,46500,46480,46505,46470,43612
2025-09-17 14:40,46495,46490,46500,46446,109235
2025-09-17 14:45,46475,46495,46500,46456,55062
2025-09-17 14:50,46480,46475,46495,46456,39958
2025-09-17 14:55,46475,46480,46485,46465,56567
2025-09-17 15:00,46460,46475,46480,46451,71864
2025-09-17 15:05,46460,46460,46475,46441,204915
2025-09-17 15:10,46421,46465,46470,46416,105909
2025-09-17 15:15,46451,46416,46456,46406,54653
2025-09-17 15:20,46460,46456,46465,46436,54883
2025-09-18 9:00,46733,46798,46798,46694,132532
2025-09-18 9:05,46679,46738,46798,46594,435547
2025-09-18 9:10,46659,46679,46694,46594,222886
2025-09-18 9:15,46694,46659,46753,46629,220006
2025-09-18 9:20,46738,46704,46778,46694,110705
2025-09-18 9:25,46778,46738,46803,46674,214933
2025-09-18 9:30,46798,46778,46803,46743,110931
2025-09-18 9:35,46798,46798,46833,46773,168156
2025-09-18 9:40,46773,46793,46803,46723,151407
2025-09-18 9:45,46743,46773,46783,46704,73836
2025-09-18 9:50,46708,46748,46758,46649,115586
2025-09-18 9:55,46699,46708,46743,46684,44071
2025-09-18 10:00,46793,46694,46798,46694,118561
2025-09-18 10:05,46887,46798,46892,46788,203181
2025-09-18 10:10,46857,46892,46902,46842,91448
2025-09-18 10:15,46897,46857,46912,46852,71621
2025-09-18 10:20,46857,46897,46917,46852,55447
2025-09-18 10:25,46897,46857,46897,46852,44545
2025-09-18 10:30,46942,46897,46947,46887,74946
2025-09-18 10:35,46917,46942,46952,46907,94794
2025-09-18 10:40,46922,46917,46952,46907,289234
2025-09-18 10:45,46961,46917,46971,46917,77057
2025-09-18 10:50,46996,46961,47016,46961,535686
2025-09-18 10:55,47021,46996,47021,46986,112836
2025-09-18 11:00,46996,47021,47026,46981,117005
2025-09-18 11:05,46966,46996,47001,46961,73641
2025-09-18 11:10,46917,46971,46971,46907,139028
2025-09-18 11:15,46942,46912,46942,46882,62071
2025-09-18 11:20,46947,46937,46952,46927,49245
2025-09-18 11:25,47021,46952,47026,46947,118691
2025-09-18 11:30,47081,47021,47090,47021,150618
2025-09-18 11:35,47081,47076,47100,47071,151093
2025-09-18 11:40,47085,47076,47085,47056,22825
2025-09-18 11:45,47081,47081,47100,47071,34236
2025-09-18 11:50,47110,47085,47110,47071,56885
2025-09-18 11:55,47110,47105,47115,47100,74254
2025-09-18 12:00,47110,47110,47125,47100,25588
2025-09-18 12:05,47095,47115,47115,47085,63428
2025-09-18 12:10,47105,47105,47110,47081,17598
2025-09-18 12:15,47112,47105,47120,47095,32632
2025-09-18 12:20,47135,47115,47135,47095,38641
2025-09-18 12:25,47140,47135,47155,47130,45033
2025-09-18 12:30,47130,47140,47145,47125,48128
2025-09-18 12:35,47165,47135,47175,47130,61314
2025-09-18 12:40,47200,47160,47200,47155,67941
2025-09-18 12:45,47195,47200,47210,47180,72761
2025-09-18 12:50,47219,47195,47224,47195,37561
2025-09-18 12:55,47269,47219,47274,47214,99372
2025-09-18 13:00,47279,47269,47279,47249,128883
2025-09-18 13:05,47299,47274,47304,47264,102623
2025-09-18 13:10,47289,47299,47314,47274,142521
2025-09-18 13:15,47259,47286,47299,47214,110938
2025-09-18 13:20,47239,47254,47259,47229,92259
2025-09-18 13:25,47219,47244,47244,47185,89619
2025-09-18 13:30,47214,47210,47219,47190,47491
2025-09-18 13:35,47224,47214,47239,47205,50245
2025-09-18 13:40,47224,47219,47224,47185,75422
2025-09-18 13:45,47249,47224,47259,47219,39953
2025-09-18 13:50,47259,47249,47264,47244,34055
2025-09-18 13:55,47264,47264,47274,47249,79767
2025-09-18 14:00,47274,47264,47274,47239,51920
2025-09-18 14:05,47284,47274,47294,47264,81651
2025-09-18 14:10,47289,47284,47294,47269,45751
2025-09-18 14:15,47294,47284,47294,47279,38174
2025-09-18 14:20,47289,47294,47319,47284,109820
2025-09-18 14:25,47309,47289,47319,47279,28480
2025-09-18 14:30,47264,47299,47309,47254,94167
2025-09-18 14:35,47249,47259,47269,47234,88075
2025-09-18 14:40,47269,47246,47279,47239,47965
2025-09-18 14:45,47289,47279,47299,47274,69442
2025-09-18 14:50,47249,47284,47289,47239,65345
2025-09-18 14:55,47249,47249,47249,47214,96024
2025-09-18 15:00,47259,47249,47264,47239,113566
2025-09-18 15:05,47249,47259,47264,47249,38083
2025-09-18 15:10,47259,47254,47259,47234,188240
2025-09-18 15:15,47264,47254,47274,47244,129667
2025-09-18 15:20,47259,47264,47279,47254,81270
2025-09-19 9:00,47319,47363,47378,47279,194372
2025-09-19 9:05,47453,47304,47487,47304,312213
2025-09-19 9:10,47205,47453,47482,47175,251806
2025-09-19 9:15,47334,47200,47353,47190,191645
2025-09-19 9:20,47324,47334,47343,47279,124280
2025-09-19 9:25,47219,47319,47338,47195,140290
2025-09-19 9:30,47289,47224,47304,47219,277988
2025-09-19 9:35,47299,47284,47319,47224,156349
2025-09-19 9:40,47224,47299,47309,47219,111942
2025-09-19 9:45,47200,47219,47259,47180,117966
2025-09-19 9:50,47205,47195,47210,47100,152832
2025-09-19 9:55,47175,47200,47229,47160,53311
2025-09-19 10:00,47090,47170,47175,47085,86759
2025-09-19 10:05,47105,47090,47105,47031,83754
2025-09-19 10:10,47105,47105,47130,47081,63448
2025-09-19 10:15,47061,47095,47105,47051,119402
2025-09-19 10:20,47095,47066,47115,47046,53565
2025-09-19 10:25,47036,47105,47130,47031,75941
2025-09-19 10:30,47071,47041,47095,47031,48701
2025-09-19 10:35,47081,47068,47120,47056,50688
2025-09-19 10:40,47071,47081,47095,47051,69950
2025-09-19 10:45,47130,47066,47155,47041,116391
2025-09-19 10:50,47051,47125,47125,47051,33898
2025-09-19 10:55,47056,47051,47071,47011,117028
2025-09-19 11:00,47105,47061,47110,47061,87348
2025-09-19 11:05,47115,47110,47115,47090,52147
2025-09-19 11:10,47165,47115,47205,47110,418088
2025-09-19 11:15,47155,47165,47200,47135,36313
2025-09-19 11:20,47117,47160,47180,47115,57358
2025-09-19 11:25,47090,47120,47135,47085,69058
2025-09-19 11:30,47100,47095,47120,47090,267227
2025-09-19 11:35,47120,47100,47130,47100,144550
2025-09-19 11:40,47130,47120,47140,47120,24607
2025-09-19 11:45,47100,47130,47135,47095,48645
2025-09-19 11:50,47105,47100,47110,47081,40749
2025-09-19 11:55,47095,47105,47125,47085,47793
2025-09-19 12:00,47090,47085,47115,47066,38367
2025-09-19 12:05,47115,47095,47120,47076,43346
2025-09-19 12:10,47135,47120,47135,47081,58430
2025-09-19 12:15,47165,47130,47170,47130,63675
2025-09-19 12:20,47135,47165,47170,47130,33866
2025-09-19 12:25,47140,47130,47140,47110,37638
2025-09-19 12:30,47125,47140,47140,47110,36168
2025-09-19 12:35,47110,47125,47145,47090,52722
2025-09-19 12:40,47105,47100,47125,47090,32687
2025-09-19 12:45,47073,47100,47105,47066,48494
2025-09-19 12:50,47071,47073,47115,47051,82421
2025-09-19 12:55,47056,47076,47120,47041,88929
2025-09-19 13:00,47051,47056,47076,47046,31610
2025-09-19 13:05,47056,47056,47061,47006,97785
2025-09-19 13:10,47016,47056,47066,47016,44670
2025-09-19 13:15,47016,47021,47046,47011,23671
2025-09-19 13:20,47031,47016,47036,47006,47397
2025-09-19 13:25,47006,47026,47036,47006,89338
2025-09-19 13:30,47001,47016,47021,47001,55726
2025-09-19 13:35,47026,47011,47036,47001,43526
2025-09-19 13:40,47036,47021,47056,47011,38548
2025-09-19 13:45,47051,47031,47071,47031,51814
2025-09-19 13:50,47071,47051,47076,47041,56226
2025-09-19 13:55,47056,47071,47076,47056,38058
2025-09-19 14:00,47046,47061,47076,47046,36229
2025-09-19 14:05,47076,47048,47076,47036,38100
2025-09-19 14:10,47066,47071,47076,47056,110289
2025-09-19 14:15,47061,47056,47076,47046,31168
2025-09-19 14:20,47071,47071,47076,47056,28064
2025-09-19 14:25,47090,47076,47115,47076,111044
2025-09-19 14:30,47046,47095,47095,47041,52422
2025-09-19 14:35,47061,47046,47090,47036,22603
2025-09-19 14:40,47016,47061,47066,47011,52737
2025-09-19 14:45,47006,47016,47026,46986,55483
2025-09-19 14:50,47021,47006,47026,46996,28675
2025-09-19 14:55,47036,47021,47041,47016,23639
2025-09-19 15:00,47041,47036,47061,47031,37830
2025-09-19 15:05,47031,47041,47046,47026,42883
2025-09-19 15:10,47056,47031,47066,47031,27250
2025-09-19 15:15,47071,47066,47071,47051,40336
2025-09-19 15:20,47090,47071,47095,47071,37751
2025-09-22 9:00,47423,47388,47438,47368,104233
2025-09-22 9:05,47696,47423,47701,47413,532247
2025-09-22 9:10,47730,47696,47795,47686,361367
2025-09-22 9:15,47572,47730,47750,47522,317881
2025-09-22 9:20,47453,47572,47572,47448,178083
2025-09-22 9:25,47616,47462,47616,47428,412092
2025-09-22 9:30,47591,47606,47626,47577,109939
2025-09-22 9:35,47507,47587,47631,47448,253585
2025-09-22 9:40,47522,47507,47537,47482,86631
2025-09-22 9:45,47467,47522,47547,47448,170772
2025-09-22 9:50,47443,47462,47492,47428,217958
2025-09-22 9:55,47502,47443,47542,47428,223240
2025-09-22 10:00,47587,47507,47596,47502,94076
2025-09-22 10:05,47636,47577,47646,47567,245314
2025-09-22 10:10,47631,47641,47651,47611,171018
2025-09-22 10:15,47671,47631,47715,47626,231565
2025-09-22 10:20,47582,47666,47715,47582,155523
2025-09-22 10:25,47616,47582,47641,47582,49517
2025-09-22 10:30,47676,47611,47676,47611,55199
2025-09-22 10:35,47626,47671,47676,47606,129237
2025-09-22 10:40,47606,47626,47646,47596,89922
2025-09-22 10:45,47706,47611,47711,47611,64281
2025-09-22 10:50,47750,47706,47755,47676,173001
2025-09-22 10:55,47760,47755,47780,47735,210771
2025-09-22 11:00,47760,47755,47795,47750,127903
2025-09-22 11:05,47730,47765,47780,47725,63760
2025-09-22 11:10,47696,47735,47740,47671,66533
2025-09-22 11:15,47686,47696,47706,47666,50918
2025-09-22 11:20,47666,47681,47711,47651,65623
2025-09-22 11:25,47735,47666,47740,47656,77751
2025-09-22 11:30,47706,47735,47740,47691,52939
2025-09-22 11:35,47711,47706,47711,47681,46956
2025-09-22 11:40,47681,47711,47715,47671,55802
2025-09-22 11:45,47681,47681,47696,47671,48099
2025-09-22 11:50,47681,47681,47701,47651,52919
2025-09-22 11:55,47715,47686,47735,47676,110471
2025-09-22 12:00,47730,47715,47745,47711,53823
2025-09-22 12:05,47706,47740,47745,47696,56488
2025-09-22 12:10,47706,47706,47715,47696,53151
2025-09-22 12:15,47666,47701,47711,47661,67761
2025-09-22 12:20,47740,47676,47740,47666,94032
2025-09-22 12:25,47780,47740,47790,47735,163500
2025-09-22 12:30,47805,47775,47839,47775,167334
2025-09-22 12:35,47785,47800,47805,47775,52040
2025-09-22 12:40,47760,47785,47785,47750,45159
2025-09-22 12:45,47765,47760,47780,47750,78996
2025-09-22 12:50,47765,47767,47785,47760,63387
2025-09-22 12:55,47775,47770,47785,47760,70231
2025-09-22 13:00,47765,47775,47780,47755,66946
2025-09-22 13:05,47715,47765,47775,47715,113310
2025-09-22 13:10,47626,47715,47715,47606,213472
2025-09-22 13:15,47606,47626,47631,47577,95846
2025-09-22 13:20,47577,47608,47611,47577,68709
2025-09-22 13:25,47557,47577,47582,47517,162030
2025-09-22 13:30,47542,47552,47572,47522,43780
2025-09-22 13:35,47537,47547,47562,47512,56906
2025-09-22 13:40,47502,47537,47537,47492,56548
2025-09-22 13:45,47487,47507,47522,47482,122855
2025-09-22 13:50,47517,47497,47527,47487,44684
2025-09-22 13:55,47532,47512,47542,47507,124941
2025-09-22 14:00,47537,47532,47547,47522,54217
2025-09-22 14:05,47557,47537,47557,47532,163890
2025-09-22 14:10,47557,47557,47567,47527,92130
2025-09-22 14:15,47552,47557,47572,47532,52858
2025-09-22 14:20,47552,47552,47567,47542,35063
2025-09-22 14:25,47547,47557,47557,47537,47279
2025-09-22 14:30,47547,47544,47567,47532,64546
2025-09-22 14:35,47596,47547,47596,47542,39157
2025-09-22 14:40,47601,47596,47606,47587,102528
2025-09-22 14:45,47567,47596,47606,47552,169887
2025-09-22 14:50,47591,47567,47591,47552,95571
2025-09-22 14:55,47577,47591,47596,47567,34045
2025-09-22 15:00,47601,47577,47606,47572,52477
2025-09-22 15:05,47567,47596,47606,47562,31719
2025-09-22 15:10,47572,47572,47582,47557,39363
2025-09-22 15:15,47582,47572,47596,47562,61365
2025-09-22 15:20,47587,47587,47587,47577,55836
2025-09-23 9:00,47874,47929,48018,47820,179933
2025-09-23 9:05,47825,47874,48083,47820,499104
2025-09-23 9:10,47879,47825,47919,47800,467745
2025-09-23 9:15,47835,47879,47899,47770,422811
2025-09-23 9:20,47983,47835,48020,47835,294664
2025-09-23 9:25,47978,47983,48013,47929,225126
2025-09-23 9:30,47899,47973,47988,47889,239381
2025-09-23 9:35,47884,47899,47939,47805,379001
2025-09-23 9:40,47839,47884,47889,47805,183030
2025-09-23 9:45,47825,47844,47864,47820,65995
2025-09-23 9:50,47884,47825,47899,47820,104562
2025-09-23 9:55,47884,47894,47934,47864,120147
2025-09-23 10:00,47720,47886,47904,47715,421958
2025-09-23 10:05,47676,47725,47740,47671,96341
2025-09-23 10:10,47701,47671,47706,47641,135894
2025-09-23 10:15,47715,47706,47720,47681,74978
2025-09-23 10:20,47722,47711,47745,47706,132439
2025-09-23 10:25,47681,47722,47775,47666,159166
2025-09-23 10:30,47725,47676,47735,47621,252693
2025-09-23 10:35,47745,47735,47760,47696,136529
2025-09-23 10:40,47770,47745,47810,47745,118392
2025-09-23 10:45,47760,47780,47795,47745,74435
2025-09-23 10:50,47711,47760,47770,47706,74577
2025-09-23 10:55,47701,47711,47725,47691,57929
2025-09-23 11:00,47656,47711,47715,47621,98839
2025-09-23 11:05,47686,47656,47706,47631,59350
2025-09-23 11:10,47715,47686,47715,47681,33111
2025-09-23 11:15,47800,47711,47800,47706,101712
2025-09-23 11:20,47825,47805,47835,47790,118151
2025-09-23 11:25,47839,47830,47859,47820,195244
2025-09-23 11:30,47815,47835,47854,47815,94009
2025-09-23 11:35,47820,47820,47835,47805,34445
2025-09-23 11:40,47825,47815,47825,47805,32261
2025-09-23 11:45,47835,47820,47849,47800,44709
2025-09-23 11:50,47815,47835,47849,47805,56151
2025-09-23 11:55,47815,47820,47820,47790,82958
2025-09-23 12:00,47810,47810,47839,47795,110362
2025-09-23 12:05,47825,47805,47830,47790,81950
2025-09-23 12:10,47790,47825,47844,47790,60289
2025-09-23 12:15,47815,47787,47820,47765,42470
2025-09-23 12:20,47844,47820,47854,47815,71586
2025-09-23 12:25,47844,47839,47854,47830,18694
2025-09-23 12:30,47874,47839,47874,47839,38285
2025-09-23 12:35,47904,47869,47909,47864,47720
2025-09-23 12:40,47909,47904,47919,47889,60967
2025-09-23 12:45,47924,47909,47924,47889,38518
2025-09-23 12:50,47934,47919,47934,47909,24354
2025-09-23 12:55,47929,47934,47964,47924,61328
2025-09-23 13:00,47983,47929,47983,47924,84014
2025-09-23 13:05,48018,47983,48023,47978,117276
2025-09-23 13:10,47983,48018,48018,47964,86945
2025-09-23 13:15,47904,47988,47993,47894,97170
2025-09-23 13:20,47949,47899,47949,47884,52882
2025-09-23 13:25,47934,47944,47959,47924,51916
2025-09-23 13:30,47939,47934,47949,47894,36447
2025-09-23 13:35,47919,47939,47949,47899,25955
2025-09-23 13:40,47929,47919,47944,47909,19944
2025-09-23 13:45,47978,47929,47978,47924,46858
2025-09-23 13:50,48003,47978,48023,47973,129265
2025-09-23 13:55,48008,48013,48018,47968,71870
2025-09-23 14:00,48018,48008,48023,47998,45503
2025-09-23 14:05,48008,48023,48033,47998,56013
2025-09-23 14:10,48003,48013,48013,47988,30300
2025-09-23 14:15,48003,48003,48018,47988,24715
2025-09-23 14:20,47988,48003,48028,47978,66412
2025-09-23 14:25,47978,47978,48003,47973,31290
2025-09-23 14:30,47993,47983,47993,47964,362354
2025-09-23 14:35,47998,47993,48013,47983,26382
2025-09-23 14:40,47988,47998,48018,47988,35140
2025-09-23 14:45,47978,47993,48003,47964,132807
2025-09-23 14:50,47983,47978,47993,47959,215779
2025-09-23 14:55,47978,47983,47983,47964,222500
2025-09-23 15:00,47959,47978,47988,47954,90025
2025-09-23 15:05,47944,47959,47964,47929,98028
2025-09-23 15:10,47973,47949,47983,47944,61236
2025-09-23 15:15,47964,47973,47993,47959,65926
2025-09-23 15:20,47988,47968,47993,47954,57824
2025-09-24 9:00,47973,48003,48053,47949,145288
2025-09-24 9:05,47964,47988,48142,47944,302219
2025-09-24 9:10,47869,47959,47964,47810,250773
2025-09-24 9:15,47835,47864,47869,47785,193804
2025-09-24 9:20,47815,47849,47849,47775,79334
2025-09-24 9:25,47864,47815,47874,47770,138893
2025-09-24 9:30,47889,47874,47904,47815,121494
2025-09-24 9:35,47780,47884,47909,47755,135513
2025-09-24 9:40,47830,47780,47839,47780,106207
2025-09-24 9:45,47884,47820,47884,47820,62326
2025-09-24 9:50,47820,47884,47909,47815,104325
2025-09-24 9:55,47755,47820,47835,47745,150155
2025-09-24 10:00,47760,47755,47805,47725,105733
2025-09-24 10:05,47825,47765,47835,47765,85779
2025-09-24 10:10,47735,47820,47849,47706,173450
2025-09-24 10:15,47755,47740,47790,47725,79785
2025-09-24 10:20,47750,47750,47765,47701,158608
2025-09-24 10:25,47765,47755,47780,47715,98029
2025-09-24 10:30,47780,47770,47810,47745,68535
2025-09-24 10:35,47661,47780,47785,47651,165128
2025-09-24 10:40,47613,47661,47671,47596,190666
2025-09-24 10:45,47601,47616,47621,47532,192721
2025-09-24 10:50,47542,47601,47606,47537,117124
2025-09-24 10:55,47512,47542,47572,47492,128814
2025-09-24 11:00,47492,47507,47537,47472,86267
2025-09-24 11:05,47482,47497,47522,47477,81718
2025-09-24 11:10,47453,47482,47492,47448,244794
2025-09-24 11:15,47433,47458,47482,47413,322114
2025-09-24 11:20,47413,47428,47462,47398,209013
2025-09-24 11:25,47472,47413,47492,47403,89901
2025-09-24 11:30,47462,47467,47492,47443,110095
2025-09-24 11:35,47453,47462,47462,47433,50012
2025-09-24 11:40,47482,47453,47482,47438,70042
2025-09-24 11:45,47482,47482,47497,47472,24538
2025-09-24 11:50,47438,47487,47502,47433,53829
2025-09-24 11:55,47413,47438,47438,47393,114207
2025-09-24 12:00,47428,47413,47443,47403,29150
2025-09-24 12:05,47428,47428,47433,47413,13662
2025-09-24 12:10,47448,47423,47458,47423,24554
2025-09-24 12:15,47433,47443,47448,47398,36754
2025-09-24 12:20,47423,47428,47433,47388,26404
2025-09-24 12:25,47383,47423,47433,47378,41368
2025-09-24 12:30,47408,47388,47408,47368,42270
2025-09-24 12:35,47448,47408,47453,47403,29902
2025-09-24 12:40,47467,47448,47492,47443,38946
2025-09-24 12:45,47458,47472,47472,47448,31102
2025-09-24 12:50,47443,47453,47462,47428,51589
2025-09-24 12:55,47467,47443,47472,47423,50263
2025-09-24 13:00,47477,47472,47497,47467,110570
2025-09-24 13:05,47547,47482,47552,47477,99421
2025-09-24 13:10,47562,47547,47582,47532,49505
2025-09-24 13:15,47587,47567,47606,47562,50656
2025-09-24 13:20,47572,47582,47601,47567,55568
2025-09-24 13:25,47606,47572,47606,47567,48289
2025-09-24 13:30,47606,47611,47621,47591,37538
2025-09-24 13:35,47596,47601,47626,47587,58132
2025-09-24 13:40,47621,47593,47631,47587,34788
2025-09-24 13:45,47631,47626,47651,47616,68034
2025-09-24 13:50,47631,47636,47641,47621,34426
2025-09-24 13:55,47686,47631,47691,47616,192299
2025-09-24 14:00,47671,47686,47715,47671,295488
2025-09-24 14:05,47671,47681,47706,47661,190102
2025-09-24 14:10,47711,47666,47711,47651,110536
2025-09-24 14:15,47720,47706,47730,47696,94555
2025-09-24 14:20,47760,47725,47760,47720,193614
2025-09-24 14:25,47785,47760,47785,47735,156379
2025-09-24 14:30,47780,47785,47805,47755,225430
2025-09-24 14:35,47765,47780,47790,47750,130952
2025-09-24 14:40,47770,47770,47775,47750,70943
2025-09-24 14:45,47785,47770,47795,47760,52508
2025-09-24 14:50,47795,47795,47820,47780,51247
2025-09-24 14:55,47780,47795,47800,47780,36293
2025-09-24 15:00,47760,47780,47780,47740,151392
2025-09-24 15:05,47775,47760,47780,47735,89994
2025-09-24 15:10,47765,47775,47800,47755,59543
2025-09-24 15:15,47785,47765,47785,47755,70055
2025-09-24 15:20,47795,47785,47800,47770,68068
2025-09-25 9:00,47572,47532,47606,47467,87527
2025-09-25 9:05,47720,47577,47740,47502,151659
2025-09-25 9:10,47611,47715,47750,47601,95328
2025-09-25 9:15,47606,47621,47621,47482,132061
2025-09-25 9:20,47596,47606,47626,47547,62762
2025-09-25 9:25,47671,47601,47701,47601,103159
2025-09-25 9:30,47686,47671,47720,47656,97668
2025-09-25 9:35,47681,47686,47706,47582,177537
2025-09-25 9:40,47815,47681,47820,47676,81067
2025-09-25 9:45,47825,47820,47835,47760,73841
2025-09-25 9:50,47785,47820,47830,47770,553589
2025-09-25 9:55,47780,47780,47790,47706,110876
2025-09-25 10:00,47869,47775,47874,47760,105544
2025-09-25 10:05,47825,47864,47874,47805,106308
2025-09-25 10:10,47874,47825,47884,47810,81595
2025-09-25 10:15,47909,47874,47929,47854,165657
2025-09-25 10:20,47889,47909,47934,47874,73469
2025-09-25 10:25,47849,47884,47894,47825,131657
2025-09-25 10:30,47825,47854,47854,47815,76115
2025-09-25 10:35,47800,47825,47830,47770,56395
2025-09-25 10:40,47795,47800,47810,47735,269528
2025-09-25 10:45,47844,47790,47854,47770,301808
2025-09-25 10:50,47815,47844,47864,47780,187820
2025-09-25 10:55,47795,47815,47854,47795,52534
2025-09-25 11:00,47859,47795,47859,47785,40972
2025-09-25 11:05,47919,47854,47929,47839,84721
2025-09-25 11:10,47839,47919,47919,47835,43442
2025-09-25 11:15,47839,47839,47864,47815,90516
2025-09-25 11:20,47810,47844,47844,47800,73438
2025-09-25 11:25,47815,47815,47830,47765,119528
2025-09-25 11:30,47790,47815,47830,47780,46564
2025-09-25 11:35,47775,47795,47805,47725,84249
2025-09-25 11:40,47770,47775,47785,47755,16365
2025-09-25 11:45,47800,47775,47810,47765,49618
2025-09-25 11:50,47844,47805,47849,47785,238543
2025-09-25 11:55,47805,47849,47859,47800,142426
2025-09-25 12:00,47825,47805,47849,47800,101940
2025-09-25 12:05,47859,47830,47864,47815,160800
2025-09-25 12:10,47835,47859,47869,47830,104303
2025-09-25 12:15,47810,47830,47839,47795,83967
2025-09-25 12:20,47795,47805,47815,47785,128553
2025-09-25 12:25,47770,47795,47800,47755,57829
2025-09-25 12:30,47795,47775,47800,47760,40493
2025-09-25 12:35,47810,47795,47835,47795,38001
2025-09-25 12:40,47785,47810,47810,47770,25583
2025-09-25 12:45,47800,47785,47805,47770,19715
2025-09-25 12:50,47795,47800,47825,47775,15553
2025-09-25 12:55,47810,47795,47810,47780,20645
2025-09-25 13:00,47820,47805,47835,47790,34957
2025-09-25 13:05,47835,47815,47835,47815,12068
2025-09-25 13:10,47785,47830,47844,47785,140096
2025-09-25 13:15,47775,47790,47805,47770,66857
2025-09-25 13:20,47785,47775,47790,47755,62180
2025-09-25 13:25,47775,47790,47800,47765,40198
2025-09-25 13:30,47775,47775,47785,47750,65279
2025-09-25 13:35,47765,47765,47785,47750,94916
2025-09-25 13:40,47770,47765,47780,47755,64525
2025-09-25 13:45,47760,47770,47785,47755,48412
2025-09-25 13:50,47760,47765,47790,47755,55601
2025-09-25 13:55,47696,47765,47765,47691,159462
2025-09-25 14:00,47720,47696,47720,47676,213924
2025-09-25 14:05,47706,47720,47740,47686,255243
2025-09-25 14:10,47740,47701,47745,47691,35731
2025-09-25 14:15,47725,47735,47745,47715,31849
2025-09-25 14:20,47740,47730,47745,47720,21374
2025-09-25 14:25,47755,47740,47760,47735,25569
2025-09-25 14:30,47750,47752,47770,47735,39138
2025-09-25 14:35,47745,47755,47760,47735,55684
2025-09-25 14:40,47755,47745,47770,47740,29473
2025-09-25 14:45,47755,47760,47765,47745,15847
2025-09-25 14:50,47760,47750,47760,47735,40926
2025-09-25 14:55,47765,47765,47770,47750,25333
2025-09-25 15:00,47785,47765,47795,47760,81287
2025-09-25 15:05,47785,47785,47795,47775,121181
2025-09-25 15:10,47805,47785,47810,47780,137184
2025-09-25 15:15,47820,47805,47825,47800,103254
2025-09-25 15:20,47805,47820,47825,47805,25373
2025-09-26 9:00,47224,47324,47348,47224,128865
2025-09-26 9:05,47210,47224,47284,47165,298452
2025-09-26 9:10,47190,47205,47214,47105,274039
2025-09-26 9:15,47244,47190,47314,47170,217349
2025-09-26 9:20,47195,47239,47254,47165,187014
2025-09-26 9:25,47110,47200,47224,47095,183040
2025-09-26 9:30,47031,47105,47105,47006,245515
2025-09-26 9:35,46912,47026,47071,46902,326524
2025-09-26 9:40,46862,46912,46917,46768,412806
2025-09-26 9:45,46957,46862,46957,46857,163161
2025-09-26 9:50,46996,46952,47026,46942,236553
2025-09-26 9:55,47046,46996,47056,46976,131278
2025-09-26 10:00,46957,47046,47056,46937,105930
2025-09-26 10:05,46907,46952,46961,46798,225263
2025-09-26 10:10,46892,46907,46907,46798,131174
2025-09-26 10:15,46996,46897,47011,46892,215497
2025-09-26 10:20,46957,46996,47006,46892,70163
2025-09-26 10:25,46961,46957,46966,46922,37618
2025-09-26 10:30,46862,46961,46971,46833,97949
2025-09-26 10:35,46857,46862,46902,46837,101693
2025-09-26 10:40,46907,46857,46917,46837,57969
2025-09-26 10:45,46862,46912,46922,46823,84759
2025-09-26 10:50,46768,46862,46867,46763,123517
2025-09-26 10:55,46773,46768,46808,46753,87458
2025-09-26 11:00,46718,46773,46783,46713,110200
2025-09-26 11:05,46679,46713,46748,46659,125558
2025-09-26 11:10,46728,46679,46783,46679,126534
2025-09-26 11:15,46738,46728,46758,46689,49396
2025-09-26 11:20,46715,46728,46758,46713,77101
2025-09-26 11:25,46704,46715,46738,46684,58461
2025-09-26 11:30,46713,46708,46753,46694,57229
2025-09-26 11:35,46783,46718,46788,46713,85803
2025-09-26 11:40,46753,46788,46837,46748,72895
2025-09-26 11:45,46748,46748,46783,46728,39319
2025-09-26 11:50,46664,46748,46748,46649,144939
2025-09-26 11:55,46614,46664,46679,46614,181067
2025-09-26 12:00,46634,46614,46634,46589,62226
2025-09-26 12:05,46594,46634,46639,46589,42895
2025-09-26 12:10,46565,46604,46619,46550,77458
2025-09-26 12:15,46589,46570,46639,46570,62453
2025-09-26 12:20,46575,46584,46589,46565,37742
2025-09-26 12:25,46495,46570,46570,46485,93709
2025-09-26 12:30,46580,46495,46580,46495,72871
2025-09-26 12:35,46565,46580,46594,46535,64187
2025-09-26 12:40,46515,46560,46570,46505,51702
2025-09-26 12:45,46495,46515,46540,46485,46202
2025-09-26 12:50,46485,46500,46510,46456,77463
2025-09-26 12:55,46510,46485,46545,46485,52400
2025-09-26 13:00,46411,46510,46515,46371,222466
2025-09-26 13:05,46416,46426,46451,46366,421530
2025-09-26 13:10,46490,46421,46495,46396,127517
2025-09-26 13:15,46495,46490,46510,46465,45745
2025-09-26 13:20,46515,46495,46525,46460,82169
2025-09-26 13:25,46453,46510,46515,46436,65464
2025-09-26 13:30,46371,46451,46451,46351,118987
2025-09-26 13:35,46391,46371,46406,46336,83882
2025-09-26 13:40,46421,46391,46456,46386,42144
2025-09-26 13:45,46451,46421,46456,46416,69858
2025-09-26 13:50,46441,46451,46465,46436,71230
2025-09-26 13:55,46406,46441,46446,46386,277877
2025-09-26 14:00,46341,46406,46406,46336,96892
2025-09-26 14:05,46327,46341,46381,46317,114330
2025-09-26 14:10,46346,46327,46346,46312,115985
2025-09-26 14:15,46426,46341,46446,46341,84570
2025-09-26 14:20,46456,46426,46456,46396,67484
2025-09-26 14:25,46490,46460,46495,46446,127844
2025-09-26 14:30,46545,46495,46545,46490,129631
2025-09-26 14:35,46540,46545,46570,46490,66627
2025-09-26 14:40,46639,46540,46644,46515,169411
2025-09-26 14:45,46614,46639,46654,46609,106273
2025-09-26 14:50,46619,46614,46654,46584,103173
2025-09-26 14:55,46604,46624,46629,46560,82847
2025-09-26 15:00,46570,46599,46599,46535,108339
2025-09-26 15:05,46580,46565,46594,46540,359565
2025-09-26 15:10,46604,46580,46629,46575,639227
2025-09-26 15:15,46594,46599,46619,46580,341622
2025-09-26 15:20,46599,46589,46619,46580,129224
2025-09-29 9:00,47081,46986,47085,46986,190227
2025-09-29 9:05,47195,47081,47200,47001,497649
2025-09-29 9:10,47274,47190,47279,47160,294623
2025-09-29 9:15,47254,47279,47294,47219,222557
2025-09-29 9:20,47353,47259,47368,47259,216896
2025-09-29 9:25,47373,47353,47373,47319,201372
2025-09-29 9:30,47393,47373,47428,47368,168924
2025-09-29 9:35,47403,47393,47438,47383,78919
2025-09-29 9:40,47408,47403,47423,47363,79907
2025-09-29 9:45,47408,47408,47413,47363,58419
2025-09-29 9:50,47438,47413,47448,47403,112814
2025-09-29 9:55,47408,47443,47448,47393,102393
2025-09-29 10:00,47373,47408,47413,47358,77665
2025-09-29 10:05,47289,47368,47393,47284,88026
2025-09-29 10:10,47259,47289,47294,47205,143512
2025-09-29 10:15,47363,47259,47368,47254,102945
2025-09-29 10:20,47418,47363,47418,47343,86754
2025-09-29 10:25,47403,47415,47453,47403,102086
2025-09-29 10:30,47324,47398,47403,47314,58236
2025-09-29 10:35,47348,47324,47388,47324,74896
2025-09-29 10:40,47299,47353,47363,47274,52044
2025-09-29 10:45,47334,47299,47358,47299,47501
2025-09-29 10:50,47343,47334,47353,47309,55623
2025-09-29 10:55,47329,47348,47363,47299,39775
2025-09-29 11:00,47284,47329,47334,47269,83476
2025-09-29 11:05,47239,47279,47304,47224,65360
2025-09-29 11:10,47314,47239,47343,47239,82040
2025-09-29 11:15,47294,47314,47324,47249,175815
2025-09-29 11:20,47309,47294,47309,47274,64638
2025-09-29 11:25,47269,47304,47309,47259,189230
2025-09-29 11:30,47274,47269,47289,47249,38998
2025-09-29 11:35,47309,47279,47314,47279,46565
2025-09-29 11:40,47343,47309,47343,47309,43006
2025-09-29 11:45,47368,47348,47373,47338,38221
2025-09-29 11:50,47373,47370,47388,47353,85505
2025-09-29 11:55,47363,47368,47388,47363,84378
2025-09-29 12:00,47358,47363,47378,47345,37689
2025-09-29 12:05,47358,47358,47393,47358,88721
2025-09-29 12:10,47368,47353,47383,47353,27861
2025-09-29 12:15,47368,47370,47373,47353,16962
2025-09-29 12:20,47363,47368,47373,47353,26932
2025-09-29 12:25,47358,47363,47368,47343,29694
2025-09-29 12:30,47373,47358,47373,47343,17230
2025-09-29 12:35,47358,47368,47398,47353,42917
2025-09-29 12:40,47373,47363,47383,47353,21069
2025-09-29 12:45,47383,47378,47398,47368,27192
2025-09-29 12:50,47334,47385,47385,47324,43503
2025-09-29 12:55,47353,47329,47358,47329,30430
2025-09-29 13:00,47343,47358,47363,47334,25861
2025-09-29 13:05,47338,47338,47353,47324,20404
2025-09-29 13:10,47324,47338,47338,47319,23306
2025-09-29 13:15,47329,47324,47338,47314,24567
2025-09-29 13:20,47329,47324,47334,47314,14478
2025-09-29 13:25,47383,47334,47393,47324,90668
2025-09-29 13:30,47393,47388,47403,47378,39503
2025-09-29 13:35,47403,47393,47408,47383,35985
2025-09-29 13:40,47448,47398,47462,47393,88422
2025-09-29 13:45,47467,47453,47477,47448,57503
2025-09-29 13:50,47443,47467,47479,47438,58387
2025-09-29 13:55,47433,47448,47448,47428,28502
2025-09-29 14:00,47423,47428,47438,47413,73059
2025-09-29 14:05,47428,47423,47438,47418,60028
2025-09-29 14:10,47433,47423,47433,47403,35302
2025-09-29 14:15,47448,47428,47448,47423,51835
2025-09-29 14:20,47438,47448,47448,47428,29927
2025-09-29 14:25,47413,47438,47438,47408,60615
2025-09-29 14:30,47428,47413,47443,47403,54526
2025-09-29 14:35,47438,47428,47458,47423,135069
2025-09-29 14:40,47443,47443,47443,47423,95838
2025-09-29 14:45,47438,47438,47448,47428,74454
2025-09-29 14:50,47448,47433,47458,47423,124648
2025-09-29 14:55,47433,47448,47458,47433,81069
2025-09-29 15:00,47443,47433,47448,47423,85127
2025-09-29 15:05,47438,47443,47443,47423,80215
2025-09-29 15:10,47462,47438,47462,47438,86285
2025-09-29 15:15,47448,47462,47472,47438,119102
2025-09-29 15:20,47408,47448,47448,47393,149470
2025-09-30 9:00,47334,47368,47403,47314,176040
2025-09-30 9:05,47428,47329,47517,47314,419838
2025-09-30 9:10,47487,47423,47522,47398,121555
2025-09-30 9:15,47453,47477,47522,47413,117626
2025-09-30 9:20,47403,47458,47492,47398,142467
2025-09-30 9:25,47348,47413,47482,47338,205709
2025-09-30 9:30,47294,47348,47403,47279,104126
2025-09-30 9:35,47343,47304,47383,47284,118303
2025-09-30 9:40,47413,47338,47423,47329,101666
2025-09-30 9:45,47388,47413,47433,47378,45224
2025-09-30 9:50,47363,47388,47413,47348,41690
2025-09-30 9:55,47358,47358,47393,47348,39302
2025-09-30 10:00,47383,47373,47413,47353,51468
2025-09-30 10:05,47274,47388,47388,47219,229065
2025-09-30 10:10,47249,47269,47269,47175,148303
2025-09-30 10:15,47334,47254,47348,47239,181664
2025-09-30 10:20,47289,47343,47348,47279,91214
2025-09-30 10:25,47393,47294,47398,47279,183406
2025-09-30 10:30,47338,47398,47398,47324,66555
2025-09-30 10:35,47388,47338,47403,47299,39597
2025-09-30 10:40,47383,47388,47423,47368,36765
2025-09-30 10:45,47368,47378,47378,47319,35741
2025-09-30 10:50,47348,47373,47383,47329,26887
2025-09-30 10:55,47329,47343,47378,47324,31878
2025-09-30 11:00,47314,47324,47348,47304,39296
2025-09-30 11:05,47274,47324,47338,47269,62962
2025-09-30 11:10,47299,47279,47309,47259,95529
2025-09-30 11:15,47299,47299,47314,47284,46234
2025-09-30 11:20,47299,47309,47324,47279,49478
2025-09-30 11:25,47274,47289,47324,47259,43901
2025-09-30 11:30,47279,47274,47284,47254,18807
2025-09-30 11:35,47338,47284,47343,47279,71209
2025-09-30 11:40,47348,47338,47348,47314,121897
2025-09-30 11:45,47348,47348,47378,47343,220729
2025-09-30 11:50,47348,47353,47358,47329,18922
2025-09-30 11:55,47353,47348,47363,47329,21887
2025-09-30 12:00,47373,47343,47378,47343,83079
2025-09-30 12:05,47388,47378,47393,47363,51964
2025-09-30 12:10,47338,47388,47398,47334,38000
2025-09-30 12:15,47324,47338,47348,47319,20468
2025-09-30 12:20,47319,47334,47338,47309,12565
2025-09-30 12:25,47289,47319,47329,47274,46271
2025-09-30 12:30,47304,47289,47319,47289,14079
2025-09-30 12:35,47314,47309,47314,47294,15236
2025-09-30 12:40,47309,47309,47324,47304,29872
2025-09-30 12:45,47284,47304,47309,47274,25627
2025-09-30 12:50,47284,47289,47309,47279,21433
2025-09-30 12:55,47289,47284,47294,47274,14636
2025-09-30 13:00,47299,47289,47309,47284,19167
2025-09-30 13:05,47279,47299,47319,47274,54299
2025-09-30 13:10,47289,47279,47294,47269,23745
2025-09-30 13:15,47284,47284,47309,47279,22761
2025-09-30 13:20,47294,47289,47294,47269,26298
2025-09-30 13:25,47314,47294,47329,47294,31693
2025-09-30 13:30,47304,47319,47319,47294,44197
2025-09-30 13:35,47279,47314,47319,47274,49294
2025-09-30 13:40,47284,47274,47294,47259,111960
2025-09-30 13:45,47284,47294,47314,47284,143726
2025-09-30 13:50,47294,47289,47319,47269,109787
2025-09-30 13:55,47264,47294,47299,47264,86598
2025-09-30 14:00,47289,47269,47299,47259,129166
2025-09-30 14:05,47284,47299,47309,47279,109227
2025-09-30 14:10,47289,47284,47299,47264,83090
2025-09-30 14:15,47304,47289,47309,47279,86152
2025-09-30 14:20,47304,47304,47309,47289,81242
2025-09-30 14:25,47309,47304,47343,47304,144669
2025-09-30 14:30,47304,47309,47324,47294,43405
2025-09-30 14:35,47294,47304,47309,47279,24092
2025-09-30 14:40,47284,47294,47299,47269,38065
2025-09-30 14:45,47264,47289,47289,47249,78705
2025-09-30 14:50,47274,47269,47294,47264,40563
2025-09-30 14:55,47254,47274,47289,47254,25444
2025-09-30 15:00,47249,47264,47274,47229,65801
2025-09-30 15:05,47234,47249,47259,47214,113973
2025-09-30 15:10,47254,47239,47259,47234,134031
2025-09-30 15:15,47210,47254,47254,47205,172989
2025-09-30 15:20,47229,47214,47234,47205,64809
2025-10-01 9:00,47577,47467,47582,47467,189977
2025-10-01 9:05,47701,47567,47795,47567,535242
2025-10-01 9:10,47760,47701,47775,47696,214166
2025-10-01 9:15,47671,47755,47810,47611,275426
2025-10-01 9:20,47656,47676,47691,47562,175982
2025-10-01 9:25,47587,47651,47656,47567,145506
2025-10-01 9:30,47591,47591,47621,47552,82355
2025-10-01 9:35,47606,47591,47626,47577,75235
2025-10-01 9:40,47542,47606,47641,47532,128583
2025-10-01 9:45,47547,47542,47572,47522,88910
2025-10-01 9:50,47512,47547,47562,47492,100740
2025-10-01 9:55,47547,47512,47582,47502,85505
2025-10-01 10:00,47601,47547,47606,47542,49982
2025-10-01 10:05,47591,47601,47606,47562,65265
2025-10-01 10:10,47596,47591,47621,47562,51032
2025-10-01 10:15,47587,47601,47646,47582,91039
2025-10-01 10:20,47626,47582,47626,47582,127578
2025-10-01 10:25,47626,47626,47646,47621,30165
2025-10-01 10:30,47636,47626,47651,47601,66227
2025-10-01 10:35,47621,47641,47671,47606,357048
2025-10-01 10:40,47666,47616,47671,47587,37948
2025-10-01 10:45,47706,47666,47711,47641,54042
2025-10-01 10:50,47770,47706,47830,47706,203544
2025-10-01 10:55,47790,47770,47800,47725,86559
2025-10-01 11:00,47760,47800,47805,47755,46258
2025-10-01 11:05,47686,47760,47765,47676,63780
2025-10-01 11:10,47701,47686,47711,47671,43944
2025-10-01 11:15,47666,47701,47715,47646,77632
2025-10-01 11:20,47696,47666,47706,47646,43712
2025-10-01 11:25,47711,47701,47715,47681,51673
2025-10-01 11:30,47706,47715,47725,47701,42192
2025-10-01 11:35,47676,47711,47711,47671,18240
2025-10-01 11:40,47681,47676,47691,47661,67938
2025-10-01 11:45,47671,47686,47691,47666,62106
2025-10-01 11:50,47656,47671,47681,47651,20692
2025-10-01 11:55,47651,47656,47691,47636,53314
2025-10-01 12:00,47666,47651,47671,47651,78318
2025-10-01 12:05,47591,47666,47671,47577,59032
2025-10-01 12:10,47591,47596,47611,47572,53861
2025-10-01 12:15,47596,47591,47621,47591,31753
2025-10-01 12:20,47596,47601,47618,47577,34087
2025-10-01 12:25,47577,47596,47596,47567,31424
2025-10-01 12:30,47587,47572,47596,47567,13623
2025-10-01 12:35,47596,47582,47596,47577,18461
2025-10-01 12:40,47611,47596,47621,47596,24689
2025-10-01 12:45,47606,47606,47626,47596,23916
2025-10-01 12:50,47631,47601,47636,47601,12590
2025-10-01 12:55,47641,47636,47646,47626,27625
2025-10-01 13:00,47626,47641,47646,47616,27739
2025-10-01 13:05,47641,47626,47661,47616,43643
2025-10-01 13:10,47671,47641,47676,47611,55009
2025-10-01 13:15,47720,47676,47725,47671,101042
2025-10-01 13:20,47706,47725,47740,47701,34244
2025-10-01 13:25,47720,47701,47730,47701,24182
2025-10-01 13:30,47696,47720,47720,47691,22360
2025-10-01 13:35,47706,47701,47715,47681,29106
2025-10-01 13:40,47701,47701,47711,47671,21493
2025-10-01 13:45,47701,47706,47715,47691,15778
2025-10-01 13:50,47730,47706,47750,47706,39996
2025-10-01 13:55,47760,47730,47765,47711,47065
2025-10-01 14:00,47755,47755,47760,47735,52470
2025-10-01 14:05,47775,47750,47800,47750,69099
2025-10-01 14:10,47760,47780,47785,47755,54517
2025-10-01 14:15,47755,47760,47765,47745,19449
2025-10-01 14:20,47765,47755,47765,47740,18227
2025-10-01 14:25,47760,47762,47775,47750,29750
2025-10-01 14:30,47715,47760,47760,47706,34369
2025-10-01 14:35,47745,47711,47760,47711,21461
2025-10-01 14:40,47735,47750,47755,47730,29743
2025-10-01 14:45,47735,47740,47750,47725,21624
2025-10-01 14:50,47740,47730,47755,47730,45401
2025-10-01 14:55,47745,47745,47765,47735,36059
2025-10-01 15:00,47745,47745,47760,47735,91700
2025-10-01 15:05,47770,47745,47775,47735,99867
2025-10-01 15:10,47785,47770,47790,47770,61231
2025-10-01 15:15,47770,47785,47820,47765,107601
2025-10-01 15:20,47765,47765,47795,47755,129078
2025-10-02 9:00,48951,48916,48985,48916,369473
2025-10-02 9:05,49020,48956,49020,48916,387384
2025-10-02 9:10,48881,49020,49065,48881,346665
2025-10-02 9:15,48971,48881,48990,48742,342364
2025-10-02 9:20,48971,48961,49010,48906,177032
2025-10-02 9:25,48966,48966,49010,48916,167625
2025-10-02 9:30,49035,48961,49040,48956,131539
2025-10-02 9:35,49095,49030,49144,49030,163279
2025-10-02 9:40,49085,49090,49114,49045,123050
2025-10-02 9:45,49194,49090,49199,49075,133723
2025-10-02 9:50,49233,49189,49248,49184,110495
2025-10-02 9:55,49313,49238,49313,49194,118861
2025-10-02 10:00,49328,49308,49357,49283,95984
2025-10-02 10:05,49253,49333,49362,49209,299607
2025-10-02 10:10,49293,49248,49303,49199,208115
2025-10-02 10:15,49308,49293,49313,49253,320338
2025-10-02 10:20,49338,49303,49362,49293,205143
2025-10-02 10:25,49402,49333,49427,49308,267543
2025-10-02 10:30,49412,49402,49486,49397,329559
2025-10-02 10:35,49462,49412,49467,49402,318018
2025-10-02 10:40,49526,49467,49536,49437,169644
2025-10-02 10:45,49610,49531,49635,49516,339481
2025-10-02 10:50,49561,49610,49625,49546,194888
2025-10-02 10:55,49596,49561,49615,49551,122914
2025-10-02 11:00,49551,49596,49605,49546,80011
2025-10-02 11:05,49571,49551,49571,49501,128861
2025-10-02 11:10,49635,49571,49635,49551,189740
2025-10-02 11:15,49576,49635,49650,49571,114579
2025-10-02 11:20,49600,49576,49605,49561,151590
2025-10-02 11:25,49566,49605,49610,49556,120343
2025-10-02 11:30,49600,49576,49600,49571,97383
2025-10-02 11:35,49665,49600,49675,49600,179676
2025-10-02 11:40,49625,49665,49670,49615,68433
2025-10-02 11:45,49610,49630,49650,49605,78152
2025-10-02 11:50,49571,49610,49620,49561,135317
2025-10-02 11:55,49571,49566,49600,49566,106408
2025-10-02 12:00,49521,49571,49586,49521,141113
2025-10-02 12:05,49541,49521,49561,49506,262098
2025-10-02 12:10,49531,49546,49556,49511,194297
2025-10-02 12:15,49476,49521,49531,49452,99421
2025-10-02 12:20,49476,49472,49511,49472,158789
2025-10-02 12:25,49491,49481,49511,49472,154582
2025-10-02 12:30,49486,49486,49506,49467,192573
2025-10-02 12:35,49467,49481,49496,49457,67787
2025-10-02 12:40,49452,49472,49486,49452,96661
2025-10-02 12:45,49506,49457,49516,49442,193012
2025-10-02 12:50,49506,49506,49531,49486,141758
2025-10-02 12:55,49481,49506,49526,49467,156035
2025-10-02 13:00,49501,49481,49501,49472,354879
2025-10-02 13:05,49521,49501,49556,49496,187291
2025-10-02 13:10,49581,49521,49600,49506,352991
2025-10-02 13:15,49546,49576,49586,49541,243166
2025-10-02 13:20,49556,49546,49581,49536,206827
2025-10-02 13:25,49536,49556,49571,49511,101030
2025-10-02 13:30,49531,49541,49571,49521,144207
2025-10-02 13:35,49526,49531,49546,49506,165993
2025-10-02 13:40,49472,49521,49531,49462,151971
2025-10-02 13:45,49536,49472,49541,49472,173159
2025-10-02 13:50,49521,49536,49561,49521,152610
2025-10-02 13:55,49481,49521,49526,49457,272075
2025-10-02 14:00,49402,49476,49486,49392,401799
2025-10-02 14:05,49387,49397,49457,49367,452253
2025-10-02 14:10,49387,49382,49422,49369,447940
2025-10-02 14:15,49382,49392,49417,49372,118111
2025-10-02 14:20,49308,49382,49382,49308,180340
2025-10-02 14:25,49372,49308,49387,49308,306072
2025-10-02 14:30,49417,49367,49427,49362,227509
2025-10-02 14:35,49417,49417,49447,49407,164804
2025-10-02 14:40,49447,49412,49462,49402,72176
2025-10-02 14:45,49367,49447,49452,49367,77446
2025-10-02 14:50,49397,49377,49402,49352,47137
2025-10-02 14:55,49452,49387,49457,49377,157784
2025-10-02 15:00,49442,49447,49452,49412,96673
2025-10-02 15:05,49452,49442,49457,49417,127587
2025-10-02 15:10,49467,49452,49521,49452,776547
2025-10-02 15:15,49382,49467,49472,49377,119917
2025-10-02 15:20,49362,49377,49387,49343,183568
2025-10-10 9:00,49997,50102,50156,49997,192853
2025-10-10 9:05,50151,49997,50325,49963,965849
2025-10-10 9:10,49878,50151,50245,49779,805944
2025-10-10 9:15,50052,49858,50151,49829,705730
2025-10-10 9:20,50226,50062,50228,49982,445044
2025-10-10 9:25,50201,50226,50245,50087,213796
2025-10-10 9:30,50230,50201,50270,50181,144320
2025-10-10 9:35,50255,50230,50285,50206,130373
2025-10-10 9:40,50295,50260,50335,50260,207699
2025-10-10 9:45,50345,50295,50379,50285,346148
2025-10-10 9:50,50459,50345,50498,50345,361443
2025-10-10 9:55,50528,50454,50578,50434,276840
2025-10-10 10:00,50543,50523,50548,50424,257190
2025-10-10 10:05,50617,50533,50622,50533,148827
2025-10-10 10:10,50617,50617,50652,50588,150607
2025-10-10 10:15,50588,50617,50657,50533,186594
2025-10-10 10:20,50553,50588,50614,50528,130806
2025-10-10 10:25,50558,50553,50573,50523,367288
2025-10-10 10:30,50528,50558,50583,50493,110147
2025-10-10 10:35,50558,50528,50607,50518,153401
2025-10-10 10:40,50508,50558,50558,50459,88459
2025-10-10 10:45,50454,50503,50553,50429,64959
2025-10-10 10:50,50424,50454,50459,50354,123358
2025-10-10 10:55,50424,50424,50454,50379,73831
2025-10-10 11:00,50315,50424,50439,50290,77819
2025-10-10 11:05,50240,50315,50340,50240,147680
2025-10-10 11:10,50216,50245,50295,50206,65243
2025-10-10 11:15,50131,50216,50221,50106,102986
2025-10-10 11:20,50131,50136,50191,50102,101423
2025-10-10 11:25,50211,50131,50226,50106,95483
2025-10-10 11:30,50240,50201,50250,50186,81708
2025-10-10 11:35,50260,50240,50280,50230,50520
2025-10-10 11:40,50295,50255,50300,50240,141815
2025-10-10 11:45,50295,50295,50320,50290,135901
2025-10-10 11:50,50297,50300,50330,50295,112194
2025-10-10 11:55,50265,50295,50305,50250,58518
2025-10-10 12:00,50295,50260,50315,50235,112862
2025-10-10 12:05,50295,50290,50310,50250,118761
2025-10-10 12:10,50275,50290,50320,50270,89310
2025-10-10 12:15,50250,50275,50295,50235,102809
2025-10-10 12:20,50255,50255,50255,50221,69063
2025-10-10 12:25,50196,50255,50295,50186,102660
2025-10-10 12:30,50206,50191,50216,50166,42699
2025-10-10 12:35,50230,50201,50235,50191,28175
2025-10-10 12:40,50250,50235,50265,50226,73447
2025-10-10 12:45,50270,50250,50280,50250,88518
2025-10-10 12:50,50270,50260,50290,50245,57687
2025-10-10 12:55,50275,50270,50295,50240,45108
2025-10-10 13:00,50300,50275,50330,50265,72132
2025-10-10 13:05,50255,50295,50310,50245,37380
2025-10-10 13:10,50226,50250,50270,50226,73855
2025-10-10 13:15,50235,50226,50260,50211,79035
2025-10-10 13:20,50240,50235,50255,50221,75430
2025-10-10 13:25,50265,50240,50270,50211,310159
2025-10-10 13:30,50280,50260,50300,50260,263263
2025-10-10 13:35,50250,50275,50290,50230,39996
2025-10-10 13:40,50211,50250,50255,50201,38567
2025-10-10 13:45,50216,50206,50221,50186,30787
2025-10-10 13:50,50201,50216,50221,50191,27933
2025-10-10 13:55,50161,50201,50211,50156,72919
2025-10-10 14:00,50176,50161,50201,50156,39244
2025-10-10 14:05,50171,50171,50201,50146,89377
2025-10-10 14:10,50221,50171,50230,50161,54983
2025-10-10 14:15,50201,50221,50230,50191,57631
2025-10-10 14:20,50226,50201,50235,50191,57727
2025-10-10 14:25,50270,50230,50275,50221,56179
2025-10-10 14:30,50260,50270,50285,50245,50967
2025-10-10 14:35,50255,50265,50280,50245,39634
2025-10-10 14:40,50280,50250,50285,50226,44186
2025-10-10 14:45,50290,50285,50300,50270,44104
2025-10-10 14:50,50330,50280,50350,50275,165443
2025-10-10 14:55,50330,50325,50345,50305,53507
2025-10-10 15:00,50354,50335,50359,50310,74671
2025-10-10 15:05,50404,50350,50414,50350,221366
2025-10-10 15:10,50384,50404,50414,50379,100206
2025-10-10 15:15,50379,50384,50419,50374,218110
2025-10-10 15:20,50414,50374,50414,50369,136303
2025-10-13 9:00,49407,49387,49655,49352,507024
2025-10-13 9:05,49367,49412,49422,49005,522273
2025-10-13 9:10,49323,49382,49417,49233,293402
2025-10-13 9:15,49486,49328,49541,49308,253167
2025-10-13 9:20,49600,49496,49605,49447,291587
2025-10-13 9:25,49541,49596,49596,49496,277760
2025-10-13 9:30,49467,49536,49536,49362,228575
2025-10-13 9:35,49605,49462,49615,49447,208972
2025-10-13 9:40,49566,49600,49645,49526,150770
2025-10-13 9:45,49635,49561,49660,49536,138148
2025-10-13 9:50,49685,49635,49705,49625,154156
2025-10-13 9:55,49695,49685,49744,49655,120981
2025-10-13 10:00,49769,49695,49799,49690,224827
2025-10-13 10:05,49710,49779,49794,49665,303113
2025-10-13 10:10,49665,49705,49725,49620,138100
2025-10-13 10:15,49729,49670,49744,49650,160313
2025-10-13 10:20,49819,49729,49829,49720,156123
2025-10-13 10:25,49769,49814,49829,49734,135105
2025-10-13 10:30,49839,49769,49844,49759,153043
2025-10-13 10:35,49794,49839,49863,49794,145075
2025-10-13 10:40,49705,49799,49799,49640,153640
2025-10-13 10:45,49789,49705,49799,49700,120290
2025-10-13 10:50,49853,49789,49873,49784,127533
2025-10-13 10:55,49824,49863,49863,49804,88983
2025-10-13 11:00,49888,49824,49888,49819,90083
2025-10-13 11:05,49860,49888,49898,49829,102646
2025-10-13 11:10,49853,49858,49898,49844,81944
2025-10-13 11:15,49824,49849,49863,49779,113634
2025-10-13 11:20,49814,49829,49844,49809,148797
2025-10-13 11:25,49764,49814,49814,49729,100132
2025-10-13 11:30,49729,49764,49764,49710,147551
2025-10-13 11:35,49749,49725,49764,49715,72776
2025-10-13 11:40,49784,49754,49809,49754,58849
2025-10-13 11:45,49705,49784,49784,49685,137998
2025-10-13 11:50,49645,49710,49720,49635,77441
2025-10-13 11:55,49566,49645,49650,49556,145145
2025-10-13 12:00,49496,49566,49571,49496,148247
2025-10-13 12:05,49546,49501,49556,49472,132593
2025-10-13 12:10,49640,49546,49640,49526,63774
2025-10-13 12:15,49655,49635,49655,49596,84241
2025-10-13 12:20,49620,49655,49665,49610,55074
2025-10-13 12:25,49615,49620,49660,49610,54947
2025-10-13 12:30,49561,49615,49630,49546,68652
2025-10-13 12:35,49536,49556,49566,49521,62541
2025-10-13 12:40,49511,49536,49541,49496,60191
2025-10-13 12:45,49506,49511,49546,49481,85245
2025-10-13 12:50,49457,49506,49506,49437,69400
2025-10-13 12:55,49432,49457,49457,49407,135692
2025-10-13 13:00,49402,49432,49447,49397,55328
2025-10-13 13:05,49372,49402,49402,49323,121643
2025-10-13 13:10,49392,49372,49422,49357,52609
2025-10-13 13:15,49402,49392,49427,49392,100469
2025-10-13 13:20,49367,49402,49402,49362,44866
2025-10-13 13:25,49377,49372,49387,49328,189210
2025-10-13 13:30,49397,49382,49402,49343,102410
2025-10-13 13:35,49427,49397,49437,49392,71634
2025-10-13 13:40,49437,49422,49437,49402,59364
2025-10-13 13:45,49422,49437,49452,49412,69329
2025-10-13 13:50,49447,49422,49452,49417,26333
2025-10-13 13:55,49462,49447,49476,49442,50606
2025-10-13 14:00,49481,49462,49486,49457,33128
2025-10-13 14:05,49442,49481,49491,49427,73905
2025-10-13 14:10,49526,49447,49531,49442,90288
2025-10-13 14:15,49561,49526,49571,49506,72677
2025-10-13 14:20,49551,49566,49586,49536,46818
2025-10-13 14:25,49556,49551,49566,49536,60909
2025-10-13 14:30,49640,49556,49640,49546,79081
2025-10-13 14:35,49680,49640,49710,49635,126647
2025-10-13 14:40,49725,49685,49754,49675,61656
2025-10-13 14:45,49715,49729,49739,49690,56403
2025-10-13 14:50,49754,49715,49764,49705,66728
2025-10-13 14:55,49769,49754,49769,49744,54992
2025-10-13 15:00,49784,49769,49804,49764,154466
2025-10-13 15:05,49893,49784,49898,49769,174542
2025-10-13 15:10,49863,49893,49918,49849,154800
2025-10-13 15:15,49878,49858,49878,49824,155103
2025-10-13 15:20,49898,49873,49903,49863,135759
2025-10-14 9:00,50171,50216,50260,50161,167455
2025-10-14 9:05,50335,50171,50374,50116,438785
2025-10-14 9:10,50498,50345,50622,50345,470437
2025-10-14 9:15,50573,50498,50647,50464,577663
2025-10-14 9:20,50746,50573,50751,50563,317247
2025-10-14 9:25,50756,50746,50786,50702,260015
2025-10-14 9:30,50925,50761,50925,50756,375240
2025-10-14 9:35,50860,50920,50940,50796,223331
2025-10-14 9:40,50816,50856,50915,50811,279796
2025-10-14 9:45,50806,50811,50880,50771,219914
2025-10-14 9:50,50751,50806,50870,50727,255454
2025-10-14 9:55,50657,50751,50786,50657,245823
2025-10-14 10:00,50553,50662,50667,50459,331222
2025-10-14 10:05,50404,50548,50622,50404,198389
2025-10-14 10:10,50444,50414,50533,50394,380632
2025-10-14 10:15,50409,50444,50479,50354,171708
2025-10-14 10:20,50280,50409,50474,50280,211274
2025-10-14 10:25,50320,50285,50335,50230,196934
2025-10-14 10:30,50216,50320,50320,50186,238535
2025-10-14 10:35,50350,50211,50369,50191,224247
2025-10-14 10:40,50310,50345,50384,50270,165332
2025-10-14 10:45,50235,50305,50374,50226,204316
2025-10-14 10:50,50211,50235,50255,50131,182351
2025-10-14 10:55,50350,50211,50354,50201,159683
2025-10-14 11:00,50364,50350,50394,50320,177505
2025-10-14 11:05,50335,50364,50389,50310,138162
2025-10-14 11:10,50345,50340,50354,50295,120754
2025-10-14 11:15,50345,50335,50394,50325,95503
2025-10-14 11:20,50379,50345,50399,50315,92655
2025-10-14 11:25,50335,50374,50409,50300,84354
2025-10-14 11:30,50186,50330,50354,50171,105992
2025-10-14 11:35,50191,50186,50285,50146,148665
2025-10-14 11:40,50211,50181,50245,50181,91964
2025-10-14 11:45,50201,50216,50230,50186,73540
2025-10-14 11:50,50106,50201,50228,50102,166736
2025-10-14 11:55,50111,50111,50166,50072,167971
2025-10-14 12:00,50052,50106,50146,50042,78835
2025-10-14 12:05,50042,50052,50097,50037,130680
2025-10-14 12:10,50082,50052,50092,50027,81856
2025-10-14 12:15,50106,50077,50116,50072,67409
2025-10-14 12:20,50077,50111,50141,50052,54108
2025-10-14 12:25,50126,50082,50131,50062,31864
2025-10-14 12:30,50136,50126,50136,50082,61601
2025-10-14 12:35,50092,50136,50141,50082,96924
2025-10-14 12:40,50126,50092,50136,50082,92821
2025-10-14 12:45,50102,50121,50131,50087,79960
2025-10-14 12:50,50027,50102,50102,49992,190182
2025-10-14 12:55,49968,50022,50057,49958,230624
2025-10-14 13:00,49977,49968,49997,49948,79075
2025-10-14 13:05,49908,49973,49977,49888,102469
2025-10-14 13:10,49789,49918,49918,49774,251960
2025-10-14 13:15,49650,49789,49804,49650,199413
2025-10-14 13:20,49452,49645,49670,49447,404561
2025-10-14 13:25,49591,49457,49605,49362,309622
2025-10-14 13:30,49174,49596,49596,49149,681111
2025-10-14 13:35,49313,49174,49432,49149,371403
2025-10-14 13:40,49204,49313,49397,49184,238030
2025-10-14 13:45,49313,49199,49323,49144,177570
2025-10-14 13:50,49164,49323,49372,49144,267805
2025-10-14 13:55,49362,49164,49377,49075,366278
2025-10-14 14:00,49457,49367,49486,49357,364713
2025-10-14 14:05,49367,49452,49546,49343,230369
2025-10-14 14:10,49476,49362,49511,49352,205763
2025-10-14 14:15,49511,49476,49511,49372,152362
2025-10-14 14:20,49541,49511,49581,49486,121824
2025-10-14 14:25,49561,49546,49600,49531,109430
2025-10-14 14:30,49541,49561,49630,49511,139191
2025-10-14 14:35,49427,49546,49576,49407,103552
2025-10-14 14:40,49268,49422,49437,49248,117567
2025-10-14 14:45,49308,49273,49308,49233,130406
2025-10-14 14:50,49367,49313,49392,49248,133958
2025-10-14 14:55,49372,49367,49417,49343,135662
2025-10-14 15:00,49357,49372,49402,49343,96050
2025-10-14 15:05,49362,49357,49457,49333,128949
2025-10-14 15:10,49467,49367,49467,49352,151027
2025-10-14 15:15,49481,49467,49561,49452,147750
2025-10-14 15:20,49467,49481,49501,49427,114042
2025-10-15 9:00,49744,49705,49769,49685,145261
2025-10-15 9:05,49819,49739,49878,49660,454805
2025-10-15 9:10,50022,49819,50057,49759,234822
2025-10-15 9:15,50084,50022,50084,49898,243104
2025-10-15 9:20,49973,50087,50131,49933,184950
2025-10-15 9:25,49913,49963,49987,49829,234587
2025-10-15 9:30,50057,49913,50057,49858,196125
2025-10-15 9:35,50032,50057,50057,49883,250382
2025-10-15 9:40,50022,50027,50092,49992,74328
2025-10-15 9:45,50042,50022,50092,49997,93788
2025-10-15 9:50,50062,50042,50097,49992,74426
2025-10-15 9:55,50002,50052,50097,50002,130818
2025-10-15 10:00,50077,50002,50136,50002,169801
2025-10-15 10:05,50007,50077,50082,50002,158012
2025-10-15 10:10,50022,50012,50082,49977,80030
2025-10-15 10:15,50230,50027,50250,50022,186782
2025-10-15 10:20,50191,50230,50250,50181,50512
2025-10-15 10:25,50171,50191,50206,50156,63466
2025-10-15 10:30,50181,50166,50201,50146,46202
2025-10-15 10:35,50196,50186,50226,50166,53724
2025-10-15 10:40,50196,50196,50230,50166,56787
2025-10-15 10:45,50191,50196,50211,50146,206149
2025-10-15 10:50,50111,50196,50206,50097,275344
2025-10-15 10:55,50131,50116,50151,50082,219258
2025-10-15 11:00,50201,50136,50206,50121,47871
2025-10-15 11:05,50216,50201,50230,50166,92257
2025-10-15 11:10,50232,50221,50260,50216,65668
2025-10-15 11:15,50285,50232,50310,50226,82403
2025-10-15 11:20,50374,50295,50374,50290,61055
2025-10-15 11:25,50379,50369,50429,50354,122641
2025-10-15 11:30,50394,50384,50434,50364,182243
2025-10-15 11:35,50389,50389,50404,50374,127696
2025-10-15 11:40,50409,50384,50424,50364,106256
2025-10-15 11:45,50399,50414,50429,50384,96854
2025-10-15 11:50,50384,50399,50414,50379,108340
2025-10-15 11:55,50354,50384,50409,50354,82643
2025-10-15 12:00,50384,50359,50389,50354,80425
2025-10-15 12:05,50399,50389,50424,50379,119106
2025-10-15 12:10,50369,50399,50404,50354,98604
2025-10-15 12:15,50384,50374,50414,50364,114180
2025-10-15 12:20,50399,50379,50399,50359,99739
2025-10-15 12:25,50439,50399,50459,50396,196407
2025-10-15 12:30,50508,50444,50513,50439,153264
2025-10-15 12:35,50528,50503,50533,50503,57805
2025-10-15 12:40,50503,50528,50545,50493,75624
2025-10-15 12:45,50419,50503,50508,50389,82427
2025-10-15 12:50,50474,50414,50479,50389,62798
2025-10-15 12:55,50538,50469,50538,50464,97891
2025-10-15 13:00,50548,50533,50558,50513,119178
2025-10-15 13:05,50528,50548,50553,50498,80661
2025-10-15 13:10,50508,50528,50533,50498,63867
2025-10-15 13:15,50498,50513,50518,50469,186622
2025-10-15 13:20,50469,50493,50493,50459,98575
2025-10-15 13:25,50498,50469,50528,50449,94819
2025-10-15 13:30,50493,50498,50508,50488,60309
2025-10-15 13:35,50483,50493,50508,50459,121519
2025-10-15 13:40,50533,50485,50538,50483,79342
2025-10-15 13:45,50543,50528,50553,50498,59729
2025-10-15 13:50,50568,50543,50568,50523,75655
2025-10-15 13:55,50553,50568,50568,50528,54785
2025-10-15 14:00,50642,50553,50657,50548,152043
2025-10-15 14:05,50697,50644,50722,50632,99042
2025-10-15 14:10,50756,50702,50766,50672,119586
2025-10-15 14:15,50746,50761,50771,50736,103825
2025-10-15 14:20,50816,50746,50831,50741,183885
2025-10-15 14:25,50811,50821,50836,50791,203257
2025-10-15 14:30,50796,50816,50836,50781,134655
2025-10-15 14:35,50826,50801,50841,50786,144916
2025-10-15 14:40,50796,50826,50826,50771,184831
2025-10-15 14:45,50816,50796,50821,50776,121587
2025-10-15 14:50,50826,50816,50865,50806,350868
2025-10-15 14:55,50831,50821,50836,50791,278765
2025-10-15 15:00,50851,50836,50875,50831,241607
2025-10-15 15:05,50865,50856,50875,50846,185737
2025-10-15 15:10,50856,50860,50870,50841,148919
2025-10-15 15:15,50856,50856,50865,50826,135056
2025-10-15 15:20,50860,50856,50870,50836,144357
2025-10-16 9:00,51133,50915,51133,50915,199386
2025-10-16 9:05,51426,51143,51436,51074,518842
2025-10-16 9:10,51481,51431,51510,51287,428137
2025-10-16 9:15,51431,51485,51555,51292,257466
2025-10-16 9:20,51347,51436,51471,51327,211731
2025-10-16 9:25,51639,51347,51654,51337,255470
2025-10-16 9:30,51634,51634,51644,51505,181959
2025-10-16 9:35,51595,51634,51659,51585,190742
2025-10-16 9:40,51704,51605,51724,51545,283796
2025-10-16 9:45,51808,51704,51833,51684,234067
2025-10-16 9:50,51803,51808,51922,51793,408290
2025-10-16 9:55,51778,51808,51813,51619,197239
2025-10-16 10:00,51867,51788,51872,51768,195764
2025-10-16 10:05,51823,51867,51952,51808,432476
2025-10-16 10:10,51818,51818,51853,51738,176355
2025-10-16 10:15,51818,51818,51892,51734,203214
2025-10-16 10:20,51922,51808,51927,51808,310357
2025-10-16 10:25,51818,51922,51942,51788,482455
2025-10-16 10:30,51882,51808,51947,51783,394234
2025-10-16 10:35,51882,51882,51927,51858,141670
2025-10-16 10:40,51828,51887,51917,51828,139796
2025-10-16 10:45,51818,51833,51877,51753,142812
2025-10-16 10:50,51778,51813,51833,51674,317487
2025-10-16 10:55,51783,51778,51823,51743,79949
2025-10-16 11:00,51758,51778,51808,51743,198761
2025-10-16 11:05,51758,51758,51783,51694,87134
2025-10-16 11:10,51917,51758,51922,51758,166755
2025-10-16 11:15,51877,51912,51922,51853,121026
2025-10-16 11:20,51902,51882,51922,51858,76128
2025-10-16 11:25,51937,51907,51967,51897,163960
2025-10-16 11:30,51972,51932,52001,51927,136121
2025-10-16 11:35,51902,51967,51972,51887,121748
2025-10-16 11:40,51922,51897,51932,51838,94045
2025-10-16 11:45,51872,51922,51937,51867,79967
2025-10-16 11:50,51987,51877,51987,51867,83314
2025-10-16 11:55,51987,51982,52011,51967,93751
2025-10-16 12:00,52006,51987,52036,51977,77363
2025-10-16 12:05,52006,52006,52031,51977,66769
2025-10-16 12:10,51957,52011,52016,51952,83963
2025-10-16 12:15,51942,51957,51982,51927,55320
2025-10-16 12:20,51932,51952,51987,51907,72165
2025-10-16 12:25,51962,51932,51972,51917,355954
2025-10-16 12:30,51907,51952,51957,51862,87059
2025-10-16 12:35,51858,51907,51927,51853,85459
2025-10-16 12:40,51783,51848,51862,51783,116084
2025-10-16 12:45,51902,51788,51902,51763,150254
2025-10-16 12:50,51922,51897,51922,51862,108420
2025-10-16 12:55,51937,51927,51967,51917,73491
2025-10-16 13:00,51977,51937,51977,51927,51983
2025-10-16 13:05,52021,51972,52026,51957,87240
2025-10-16 13:10,52056,52021,52056,52001,80910
2025-10-16 13:15,52061,52056,52086,52041,66661
2025-10-16 13:20,52071,52061,52096,52046,108300
2025-10-16 13:25,52041,52066,52086,52026,332018
2025-10-16 13:30,52101,52031,52101,52016,91608
2025-10-16 13:35,52101,52101,52115,52081,56691
2025-10-16 13:40,52091,52101,52101,52066,51506
2025-10-16 13:45,52071,52086,52091,52026,78212
2025-10-16 13:50,52051,52071,52081,52001,69899
2025-10-16 13:55,52006,52056,52061,51996,77460
2025-10-16 14:00,52016,52001,52051,51987,93904
2025-10-16 14:05,52021,52011,52046,51987,85086
2025-10-16 14:10,52066,52016,52071,52011,86462
2025-10-16 14:15,52016,52071,52081,52006,86877
2025-10-16 14:20,52036,52026,52046,52011,138556
2025-10-16 14:25,52016,52031,52046,51996,215616
2025-10-16 14:30,52101,52016,52120,52006,317792
2025-10-16 14:35,52125,52101,52130,52051,241922
2025-10-16 14:40,52111,52120,52135,52041,279623
2025-10-16 14:45,52081,52106,52111,52056,356660
2025-10-16 14:50,52106,52081,52120,52071,297012
2025-10-16 14:55,52046,52106,52106,52026,224651
2025-10-16 15:00,51982,52046,52066,51967,273993
2025-10-16 15:05,52021,51977,52031,51962,240903
2025-10-16 15:10,52001,52016,52096,51987,257961
2025-10-16 15:15,52071,52001,52071,51996,91463
2025-10-16 15:20,52076,52071,52086,52036,81930
2025-10-17 9:00,51892,51947,51991,51867,177863
2025-10-17 9:05,51996,51882,52071,51838,412543
2025-10-17 9:10,51991,51996,52155,51942,282008
2025-10-17 9:15,51942,51996,52011,51912,157019
2025-10-17 9:20,52086,51947,52096,51927,152960
2025-10-17 9:25,52041,52096,52145,52031,238214
2025-10-17 9:30,51982,52046,52145,51977,182816
2025-10-17 9:35,52066,51982,52086,51907,347964
2025-10-17 9:40,52066,52066,52081,51996,117800
2025-10-17 9:45,52086,52056,52115,51952,120309
2025-10-17 9:50,52145,52086,52175,52071,183291
2025-10-17 9:55,52135,52145,52195,52130,125288
2025-10-17 10:00,52180,52140,52190,52081,137353
2025-10-17 10:05,52418,52185,52458,52185,371525
2025-10-17 10:10,52433,52418,52443,52359,210384
2025-10-17 10:15,52418,52438,52507,52388,311710
2025-10-17 10:20,52552,52418,52572,52403,162380
2025-10-17 10:25,52656,52552,52666,52507,213202
2025-10-17 10:30,52691,52656,52701,52587,222709
2025-10-17 10:35,52835,52691,52850,52621,313157
2025-10-17 10:40,52884,52830,52919,52820,248292
2025-10-17 10:45,52914,52879,52969,52845,291310
2025-10-17 10:50,52979,52914,53028,52879,183995
2025-10-17 10:55,52944,52979,52984,52840,219372
2025-10-17 11:00,52820,52934,52944,52750,355376
2025-10-17 11:05,52785,52820,52840,52736,155182
2025-10-17 11:10,52587,52780,52830,52577,202672
2025-10-17 11:15,52651,52577,52696,52567,197069
2025-10-17 11:20,52522,52651,52726,52517,94395
2025-10-17 11:25,52517,52522,52527,52398,172976
2025-10-17 11:30,52279,52517,52542,52264,244906
2025-10-17 11:35,52259,52279,52339,52205,216323
2025-10-17 11:40,52319,52249,52339,52230,199264
2025-10-17 11:45,52448,52319,52468,52319,179385
2025-10-17 11:50,52329,52443,52443,52314,249998
2025-10-17 11:55,52304,52324,52378,52284,82716
2025-10-17 12:00,52334,52304,52368,52259,122829
2025-10-17 12:05,52299,52334,52334,52215,133364
2025-10-17 12:10,52329,52304,52334,52220,116453
2025-10-17 12:15,52314,52334,52334,52284,67160
2025-10-17 12:20,52433,52304,52433,52304,200357
2025-10-17 12:25,52537,52438,52552,52433,160817
2025-10-17 12:30,52592,52532,52612,52527,167281
2025-10-17 12:35,52602,52587,52612,52567,90039
2025-10-17 12:40,52463,52597,52597,52354,195285
2025-10-17 12:45,52393,52458,52458,52373,121978
2025-10-17 12:50,52368,52403,52418,52354,87848
2025-10-17 12:55,52314,52359,52364,52235,143036
2025-10-17 13:00,52329,52314,52364,52304,179119
2025-10-17 13:05,52339,52329,52383,52314,116586
2025-10-17 13:10,52368,52339,52403,52289,130480
2025-10-17 13:15,52368,52368,52393,52304,122722
2025-10-17 13:20,52334,52368,52388,52294,104261
2025-10-17 13:25,52423,52329,52428,52324,66986
2025-10-17 13:30,52398,52428,52433,52373,96053
2025-10-17 13:35,52423,52403,52443,52344,103420
2025-10-17 13:40,52428,52418,52502,52408,119893
2025-10-17 13:45,52458,52433,52478,52428,67161
2025-10-17 13:50,52483,52453,52497,52443,154299
2025-10-17 13:55,52542,52488,52547,52463,115313
2025-10-17 14:00,52488,52542,52577,52478,252936
2025-10-17 14:05,52497,52483,52532,52458,130423
2025-10-17 14:10,52448,52497,52527,52388,306126
2025-10-17 14:15,52373,52453,52453,52373,144206
2025-10-17 14:20,52334,52383,52413,52324,232133
2025-10-17 14:25,52398,52334,52413,52324,360790
2025-10-17 14:30,52408,52403,52438,52373,307598
2025-10-17 14:35,52408,52398,52413,52344,84470
2025-10-17 14:40,52393,52403,52438,52349,61879
2025-10-17 14:45,52329,52388,52398,52264,147099
2025-10-17 14:50,52319,52329,52359,52299,62260
2025-10-17 14:55,52354,52314,52398,52309,321805
2025-10-17 15:00,52309,52349,52378,52284,81956
2025-10-17 15:05,52388,52304,52388,52279,140760
2025-10-17 15:10,52368,52388,52393,52339,190119
2025-10-17 15:15,52329,52368,52388,52324,91429
2025-10-17 15:20,52339,52329,52344,52309,68124
2025-10-20 9:00,52721,52770,52780,52651,169678
2025-10-20 9:05,52483,52731,52745,52418,625444
2025-10-20 9:10,52284,52488,52497,52284,318321
2025-10-20 9:15,52190,52289,52368,52135,333616
2025-10-20 9:20,52200,52200,52319,52135,202458
2025-10-20 9:25,52036,52195,52230,51952,323435
2025-10-20 9:30,52036,52046,52096,51972,191618
2025-10-20 9:35,52155,52036,52170,51967,268001
2025-10-20 9:40,52254,52155,52284,52051,158510
2025-10-20 9:45,52408,52254,52418,52227,185075
2025-10-20 9:50,52582,52408,52587,52398,234702
2025-10-20 9:55,52607,52582,52621,52512,128877
2025-10-20 10:00,52592,52607,52636,52557,84886
2025-10-20 10:05,52676,52592,52711,52522,147879
2025-10-20 10:10,52582,52661,52696,52557,89105
2025-10-20 10:15,52592,52587,52646,52532,195924
2025-10-20 10:20,52602,52597,52661,52562,161673
2025-10-20 10:25,52602,52602,52646,52582,79488
2025-10-20 10:30,52696,52599,52741,52587,150028
2025-10-20 10:35,52701,52701,52755,52646,116254
2025-10-20 10:40,52706,52701,52760,52656,85868
2025-10-20 10:45,52701,52701,52741,52646,106220
2025-10-20 10:50,52755,52706,52760,52666,281406
2025-10-20 10:55,52755,52745,52782,52721,122266
2025-10-20 11:00,52820,52755,52840,52731,150229
2025-10-20 11:05,52879,52820,52914,52790,272057
2025-10-20 11:10,52944,52889,52954,52874,219721
2025-10-20 11:15,52934,52939,52969,52899,90078
2025-10-20 11:20,52924,52929,53013,52919,111314
2025-10-20 11:25,52924,52924,52959,52865,78516
2025-10-20 11:30,52964,52924,52969,52874,168279
2025-10-20 11:35,53028,52959,53073,52939,124035
2025-10-20 11:40,53142,53018,53147,53013,151319
2025-10-20 11:45,53103,53142,53182,53098,81556
2025-10-20 11:50,53053,53108,53137,53053,126821
2025-10-20 11:55,53048,53053,53113,53023,95943
2025-10-20 12:00,53088,53045,53103,53043,78233
2025-10-20 12:05,53058,53078,53093,53038,124092
2025-10-20 12:10,53098,53058,53127,53048,60477
2025-10-20 12:15,53132,53103,53162,53093,75964
2025-10-20 12:20,53137,53127,53182,53108,67069
2025-10-20 12:25,53093,53137,53147,53078,56235
2025-10-20 12:30,53088,53093,53098,53038,224642
2025-10-20 12:35,53078,53078,53108,53063,190304
2025-10-20 12:40,53068,53083,53132,53063,47669
2025-10-20 12:45,53068,53078,53103,53063,39541
2025-10-20 12:50,53088,53068,53122,53063,56035
2025-10-20 12:55,53108,53093,53122,53053,82844
2025-10-20 13:00,53157,53098,53167,53093,103403
2025-10-20 13:05,53162,53162,53177,53093,70782
2025-10-20 13:10,53137,53157,53182,53118,77568
2025-10-20 13:15,53122,53137,53167,53113,50119
2025-10-20 13:20,53048,53127,53132,53048,103743
2025-10-20 13:25,52954,53053,53063,52949,112838
2025-10-20 13:30,52865,52954,52954,52835,249194
2025-10-20 13:35,52874,52865,52874,52810,146856
2025-10-20 13:40,52889,52874,52914,52855,70869
2025-10-20 13:45,52959,52889,52969,52865,182374
2025-10-20 13:50,52954,52949,52969,52934,111890
2025-10-20 13:55,53058,52954,53063,52934,133516
2025-10-20 14:00,53073,53063,53088,53053,80424
2025-10-20 14:05,53098,53068,53122,53068,73169
2025-10-20 14:10,53122,53098,53147,53098,64289
2025-10-20 14:15,53177,53122,53187,53118,146543
2025-10-20 14:20,53177,53187,53197,53162,60936
2025-10-20 14:25,53286,53177,53286,53167,191461
2025-10-20 14:30,53256,53286,53296,53222,59923
2025-10-20 14:35,53246,53266,53281,53222,46280
2025-10-20 14:40,53246,53242,53261,53217,97443
2025-10-20 14:45,53271,53242,53281,53237,90597
2025-10-20 14:50,53242,53276,53291,53232,98165
2025-10-20 14:55,53227,53242,53246,53197,71981
2025-10-20 15:00,53222,53227,53242,53197,45832
2025-10-20 15:05,53157,53217,53227,53157,75709
2025-10-20 15:10,53232,53157,53271,53152,112257
2025-10-20 15:15,53197,53232,53246,53182,55645
2025-10-20 15:20,53207,53202,53212,53182,32411
2025-10-21 9:00,53991,53757,54000,53757,187074
2025-10-21 9:05,53986,53991,54040,53757,693293
2025-10-21 9:10,54095,53996,54164,53976,389696
2025-10-21 9:15,54154,54100,54278,54080,304467
2025-10-21 9:20,54159,54154,54224,54115,231404
2025-10-21 9:25,54338,54169,54338,54095,348009
2025-10-21 9:30,54358,54338,54397,54258,288310
2025-10-21 9:35,54407,54358,54407,54323,197523
2025-10-21 9:40,54452,54402,54477,54373,153890
2025-10-21 9:45,54452,54452,54462,54412,274067
2025-10-21 9:50,54482,54452,54516,54432,180678
2025-10-21 9:55,54417,54482,54487,54382,127916
2025-10-21 10:00,54417,54407,54462,54377,103620
2025-10-21 10:05,54382,54427,54467,54377,197155
2025-10-21 10:10,54432,54382,54467,54328,214362
2025-10-21 10:15,54368,54432,54462,54348,136229
2025-10-21 10:20,54432,54373,54432,54249,296585
2025-10-21 10:25,54387,54432,54442,54377,90577
2025-10-21 10:30,54417,54387,54417,54323,135387
2025-10-21 10:35,54432,54417,54472,54397,243953
2025-10-21 10:40,54422,54432,54432,54363,84876
2025-10-21 10:45,54328,54422,54462,54323,222657
2025-10-21 10:50,54323,54328,54358,54308,93922
2025-10-21 10:55,54338,54323,54392,54313,142357
2025-10-21 11:00,54298,54333,54358,54273,103412
2025-10-21 11:05,54298,54303,54333,54244,163251
2025-10-21 11:10,54249,54303,54348,54229,99407
2025-10-21 11:15,54179,54253,54268,54174,186321
2025-10-21 11:20,54194,54179,54253,54174,100962
2025-10-21 11:25,54184,54194,54239,54169,132574
2025-10-21 11:30,54060,54179,54194,54045,183586
2025-10-21 11:35,53881,54060,54070,53881,167604
2025-10-21 11:40,54020,53891,54020,53837,160738
2025-10-21 11:45,53857,54020,54020,53832,174645
2025-10-21 11:50,53891,53857,53911,53822,95333
2025-10-21 11:55,53752,53872,53886,53752,123387
2025-10-21 12:00,53782,53757,53787,53698,268517
2025-10-21 12:05,53857,53792,53891,53782,222740
2025-10-21 12:10,53881,53852,53946,53852,243703
2025-10-21 12:15,53867,53886,53911,53822,73198
2025-10-21 12:20,53832,53867,53872,53787,94699
2025-10-21 12:25,53876,53827,53886,53792,54288
2025-10-21 12:30,53752,53872,53906,53723,133515
2025-10-21 12:35,53824,53757,53847,53752,74824
2025-10-21 12:40,53752,53824,53837,53752,100949
2025-10-21 12:45,53688,53752,53787,53673,124681
2025-10-21 12:50,53614,53678,53693,53599,159354
2025-10-21 12:55,53762,53623,53762,53554,215971
2025-10-21 13:00,53589,53757,53757,53589,253694
2025-10-21 13:05,53609,53589,53628,53554,170744
2025-10-21 13:10,53445,53606,53609,53425,256200
2025-10-21 13:15,53445,53445,53579,53351,268322
2025-10-21 13:20,53490,53445,53490,53395,89871
2025-10-21 13:25,53425,53480,53480,53341,184661
2025-10-21 13:30,53346,53425,53450,53331,105567
2025-10-21 13:35,53440,53341,53450,53326,140099
2025-10-21 13:40,53594,53445,53609,53435,200817
2025-10-21 13:45,53594,53594,53628,53546,166617
2025-10-21 13:50,53524,53599,53614,53475,109036
2025-10-21 13:55,53495,53519,53574,53465,94725
2025-10-21 14:00,53455,53499,53509,53420,212871
2025-10-21 14:05,53435,53450,53495,53410,100104
2025-10-21 14:10,53499,53430,53509,53375,133696
2025-10-21 14:15,53445,53504,53504,53306,201584
2025-10-21 14:20,53504,53455,53529,53425,129860
2025-10-21 14:25,53410,53504,53524,53395,61692
2025-10-21 14:30,53351,53410,53410,53296,106499
2025-10-21 14:35,53395,53351,53415,53326,113069
2025-10-21 14:40,53445,53390,53445,53380,175914
2025-10-21 14:45,53371,53435,53470,53371,148763
2025-10-21 14:50,53286,53371,53395,53266,139622
2025-10-21 14:55,53336,53281,53351,53242,181075
2025-10-21 15:00,53415,53341,53420,53311,222389
2025-10-21 15:05,53321,53415,53415,53296,104324
2025-10-21 15:10,53316,53321,53361,53291,60292
2025-10-21 15:15,53351,53316,53371,53316,98465
2025-10-21 15:20,53390,53356,53405,53356,157458
2025-10-22 9:00,53291,53222,53346,53212,205022
2025-10-22 9:05,53113,53276,53351,53103,447106
2025-10-22 9:10,53033,53113,53137,52865,333907
2025-10-22 9:15,53137,53038,53291,53033,226002
2025-10-22 9:20,53113,53147,53182,53033,143213
2025-10-22 9:25,53008,53113,53142,52914,164092
2025-10-22 9:30,52974,53005,53073,52884,137691
2025-10-22 9:35,53083,52974,53088,52845,155021
2025-10-22 9:40,52904,53083,53093,52860,121834
2025-10-22 9:45,52850,52899,52919,52795,118539
2025-10-22 9:50,52845,52850,52874,52800,57721
2025-10-22 9:55,52810,52845,52894,52736,205189
2025-10-22 10:00,52800,52810,52879,52765,67783
2025-10-22 10:05,52964,52805,52969,52716,142944
2025-10-22 10:10,53083,52964,53083,52944,73115
2025-10-22 10:15,53157,53083,53164,53083,93287
2025-10-22 10:20,53162,53157,53212,53108,113378
2025-10-22 10:25,53187,53162,53217,53132,167491
2025-10-22 10:30,53192,53187,53266,53182,78367
2025-10-22 10:35,53142,53192,53197,53048,135746
2025-10-22 10:40,53093,53137,53142,53043,88016
2025-10-22 10:45,53078,53093,53157,53068,38537
2025-10-22 10:50,53118,53078,53162,53063,55683
2025-10-22 10:55,53137,53113,53167,53053,81425
2025-10-22 11:00,53187,53137,53222,53137,66208
2025-10-22 11:05,53217,53187,53242,53157,66699
2025-10-22 11:10,53291,53227,53306,53207,53384
2025-10-22 11:15,53346,53301,53371,53276,73849
2025-10-22 11:20,53361,53351,53385,53341,119991
2025-10-22 11:25,53385,53361,53425,53356,113394
2025-10-22 11:30,53366,53380,53395,53336,58239
2025-10-22 11:35,53351,53371,53380,53336,61333
2025-10-22 11:40,53415,53351,53420,53351,51895
2025-10-22 11:45,53425,53420,53450,53402,68840
2025-10-22 11:50,53415,53435,53475,53400,53332
2025-10-22 11:55,53415,53415,53420,53375,111676
2025-10-22 12:00,53395,53405,53450,53385,248937
2025-10-22 12:05,53333,53390,53405,53331,93775
2025-10-22 12:10,53366,53336,53375,53316,75789
2025-10-22 12:15,53346,53375,53395,53321,40856
2025-10-22 12:20,53286,53346,53371,53242,119928
2025-10-22 12:25,53281,53286,53291,53232,81309
2025-10-22 12:30,53261,53281,53301,53242,52712
2025-10-22 12:35,53232,53261,53271,53212,62696
2025-10-22 12:40,53256,53232,53276,53207,47090
2025-10-22 12:45,53227,53256,53276,53207,79987
2025-10-22 12:50,53246,53227,53266,53207,106151
2025-10-22 12:55,53371,53246,53371,53246,136775
2025-10-22 13:00,53430,53375,53430,53346,96776
2025-10-22 13:05,53579,53435,53579,53425,468439
2025-10-22 13:10,53609,53579,53609,53514,176973
2025-10-22 13:15,53579,53609,53633,53564,172807
2025-10-22 13:20,53619,53584,53628,53564,110352
2025-10-22 13:25,53609,53619,53658,53599,101570
2025-10-22 13:30,53589,53614,53619,53554,119092
2025-10-22 13:35,53628,53594,53633,53579,62629
2025-10-22 13:40,53653,53628,53658,53604,87985
2025-10-22 13:45,53723,53653,53738,53648,397133
2025-10-22 13:50,53748,53728,53757,53703,156453
2025-10-22 13:55,53718,53752,53762,53698,136838
2025-10-22 14:00,53772,53718,53787,53708,148396
2025-10-22 14:05,53752,53772,53812,53743,311617
2025-10-22 14:10,53762,53752,53782,53738,188916
2025-10-22 14:15,53797,53762,53812,53762,179770
2025-10-22 14:20,53822,53797,53827,53743,206648
2025-10-22 14:25,53777,53817,53842,53767,114436
2025-10-22 14:30,53787,53777,53807,53752,175944
2025-10-22 14:35,53782,53787,53822,53767,267800
2025-10-22 14:40,53767,53777,53792,53752,192329
2025-10-22 14:45,53797,53767,53812,53762,205242
2025-10-22 14:50,53827,53802,53852,53797,282413
2025-10-22 14:55,53797,53822,53842,53772,74939
2025-10-22 15:00,53837,53797,53857,53787,154461
2025-10-22 15:05,53926,53837,53936,53832,355080
2025-10-22 15:10,53961,53926,53976,53911,380561
2025-10-22 15:15,53986,53966,54000,53961,134459
2025-10-22 15:20,53986,53981,53991,53961,58157
2025-10-23 9:00,53108,53197,53202,53108,143328
2025-10-23 9:05,53172,53118,53237,53028,441541
2025-10-23 9:10,53038,53167,53187,53028,241892
2025-10-23 9:15,53251,53043,53256,53028,314369
2025-10-23 9:20,53291,53242,53311,53192,262080
2025-10-23 9:25,53326,53291,53375,53227,192290
2025-10-23 9:30,53366,53326,53405,53316,177766
2025-10-23 9:35,53430,53366,53455,53336,82484
2025-10-23 9:40,53390,53435,53455,53356,299429
2025-10-23 9:45,53495,53390,53559,53375,210073
2025-10-23 9:50,53534,53495,53539,53450,156346
2025-10-23 9:55,53623,53529,53658,53524,110749
2025-10-23 10:00,53693,53628,53698,53606,151286
2025-10-23 10:05,53797,53693,53802,53648,104271
2025-10-23 10:10,53802,53797,53827,53718,97527
2025-10-23 10:15,53847,53802,53847,53759,129571
2025-10-23 10:20,53931,53837,53941,53837,93022
2025-10-23 10:25,53926,53936,53966,53901,101764
2025-10-23 10:30,53981,53926,54010,53916,95074
2025-10-23 10:35,54070,53981,54139,53971,172988
2025-10-23 10:40,54005,54070,54085,53951,148587
2025-10-23 10:45,53981,54005,54040,53961,69938
2025-10-23 10:50,53901,53996,53996,53837,184567
2025-10-23 10:55,53986,53891,53996,53876,141074
2025-10-23 11:00,54030,53991,54060,53981,110441
2025-10-23 11:05,54065,54025,54075,54015,142035
2025-10-23 11:10,54134,54065,54154,54060,420948
2025-10-23 11:15,54000,54134,54139,54000,122219
2025-10-23 11:20,54100,54000,54125,53996,229282
2025-10-23 11:25,54055,54095,54110,54040,42166
2025-10-23 11:30,54154,54050,54169,54045,143159
2025-10-23 11:35,54199,54154,54199,54149,143303
2025-10-23 11:40,54224,54194,54234,54161,79184
2025-10-23 11:45,54253,54224,54273,54224,96018
2025-10-23 11:50,54288,54253,54303,54253,117930
2025-10-23 11:55,54273,54293,54318,54273,77920
2025-10-23 12:00,54244,54273,54278,54224,105153
2025-10-23 12:05,54258,54244,54273,54219,71571
2025-10-23 12:10,54273,54253,54283,54224,36725
2025-10-23 12:15,54244,54273,54288,54239,51942
2025-10-23 12:20,54144,54249,54249,54134,87469
2025-10-23 12:25,54050,54144,54164,54005,120346
2025-10-23 12:30,54005,54045,54070,53976,66424
2025-10-23 12:35,53966,54005,54035,53931,100372
2025-10-23 12:40,53872,53966,53971,53822,176533
2025-10-23 12:45,53812,53876,53881,53777,125373
2025-10-23 12:50,53777,53812,53822,53693,290765
2025-10-23 12:55,53827,53772,53832,53762,92225
2025-10-23 13:00,53658,53827,53827,53614,193991
2025-10-23 13:05,53673,53658,53683,53609,164060
2025-10-23 13:10,53584,53673,53713,53559,242931
2025-10-23 13:15,53425,53589,53589,53415,152938
2025-10-23 13:20,53455,53425,53490,53380,206883
2025-10-23 13:25,53549,53460,53589,53445,140497
2025-10-23 13:30,53475,53549,53614,53465,138381
2025-10-23 13:35,53440,53470,53499,53380,162751
2025-10-23 13:40,53336,53440,53440,53331,131630
2025-10-23 13:45,53311,53341,53380,53222,184042
2025-10-23 13:50,53380,53311,53430,53271,104920
2025-10-23 13:55,53455,53375,53465,53356,155046
2025-10-23 14:00,53475,53460,53490,53430,208486
2025-10-23 14:05,53519,53480,53559,53470,132396
2025-10-23 14:10,53465,53524,53549,53460,62899
2025-10-23 14:15,53524,53470,53559,53450,88581
2025-10-23 14:20,53504,53524,53534,53485,45641
2025-10-23 14:25,53410,53495,53529,53366,123805
2025-10-23 14:30,53504,53410,53519,53356,127225
2025-10-23 14:35,53485,53509,53574,53485,69313
2025-10-23 14:40,53410,53495,53495,53385,80939
2025-10-23 14:45,53430,53415,53435,53385,64479
2025-10-23 14:50,53400,53435,53475,53400,60309
2025-10-23 14:55,53584,53405,53594,53402,83448
2025-10-23 15:00,53643,53584,53663,53579,235518
2025-10-23 15:05,53589,53638,53653,53529,293881
2025-10-23 15:10,53504,53589,53594,53499,59151
2025-10-23 15:15,53495,53504,53554,53480,93427
2025-10-23 15:20,53465,53495,53499,53460,79732
2025-10-24 9:00,54125,54125,54174,54075,158577
2025-10-24 9:05,54154,54129,54333,54080,573688
2025-10-24 9:10,54169,54149,54224,53966,307372
2025-10-24 9:15,54184,54154,54268,54055,264911
2025-10-24 9:20,54080,54184,54184,54025,180460
2025-10-24 9:25,54050,54065,54134,54020,112855
2025-10-24 9:30,54209,54045,54234,54030,184276
2025-10-24 9:35,54283,54209,54313,54176,177296
2025-10-24 9:40,54298,54283,54318,54239,280238
2025-10-24 9:45,54323,54293,54338,54273,174898
2025-10-24 9:50,54387,54318,54387,54318,195568
2025-10-24 9:55,54348,54377,54392,54298,173901
2025-10-24 10:00,54313,54348,54363,54308,103779
2025-10-24 10:05,54497,54313,54497,54303,227125
2025-10-24 10:10,54551,54497,54551,54477,175381
2025-10-24 10:15,54521,54551,54566,54502,124257
2025-10-24 10:20,54333,54516,54526,54268,355913
2025-10-24 10:25,54199,54333,54338,54125,398305
2025-10-24 10:30,54105,54194,54229,54065,190131
2025-10-24 10:35,54214,54110,54219,54090,92070
2025-10-24 10:40,54283,54214,54303,54194,98392
2025-10-24 10:45,54377,54283,54377,54268,138821
2025-10-24 10:50,54462,54375,54477,54368,150909
2025-10-24 10:55,54487,54462,54541,54447,306092
2025-10-24 11:00,54576,54492,54591,54487,273137
2025-10-24 11:05,54571,54576,54630,54561,180062
2025-10-24 11:10,54630,54576,54635,54556,180767
2025-10-24 11:15,54626,54635,54665,54601,185034
2025-10-24 11:20,54635,54626,54655,54596,145336
2025-10-24 11:25,54621,54630,54650,54591,104362
2025-10-24 11:30,54635,54621,54650,54556,173748
2025-10-24 11:35,54576,54630,54640,54566,96275
2025-10-24 11:40,54576,54576,54626,54556,83169
2025-10-24 11:45,54526,54571,54576,54497,121434
2025-10-24 11:50,54601,54526,54606,54526,160470
2025-10-24 11:55,54561,54601,54611,54541,42773
2025-10-24 12:00,54571,54566,54606,54556,55221
2025-10-24 12:05,54551,54566,54581,54526,35809
2025-10-24 12:10,54541,54556,54576,54531,114540
2025-10-24 12:15,54576,54551,54601,54521,46036
2025-10-24 12:20,54561,54581,54601,54556,112637
2025-10-24 12:25,54606,54556,54606,54546,90152
2025-10-24 12:30,54616,54606,54626,54586,285654
2025-10-24 12:35,54591,54621,54626,54581,76547
2025-10-24 12:40,54616,54586,54621,54571,309794
2025-10-24 12:45,54707,54616,54707,54611,581881
2025-10-24 12:50,54655,54710,54710,54630,94487
2025-10-24 12:55,54700,54660,54705,54640,34959
2025-10-24 13:00,54675,54695,54710,54650,113328
2025-10-24 13:05,54660,54675,54700,54640,64602
2025-10-24 13:10,54606,54655,54665,54516,237265
2025-10-24 13:15,54660,54611,54685,54591,277762
2025-10-24 13:20,54675,54655,54710,54630,115356
2025-10-24 13:25,54655,54670,54690,54621,187364
2025-10-24 13:30,54660,54650,54675,54635,103145
2025-10-24 13:35,54680,54660,54685,54635,296515
2025-10-24 13:40,54715,54680,54725,54670,235931
2025-10-24 13:45,54725,54710,54764,54705,179809
2025-10-24 13:50,54740,54725,54750,54720,44650
2025-10-24 13:55,54735,54750,54750,54725,90820
2025-10-24 14:00,54745,54730,54750,54695,57787
2025-10-24 14:05,54735,54740,54784,54715,102807
2025-10-24 14:10,54752,54735,54774,54725,52049
2025-10-24 14:15,54740,54750,54754,54720,169297
2025-10-24 14:20,54769,54735,54769,54725,123847
2025-10-24 14:25,54759,54766,54794,54754,110601
2025-10-24 14:30,54764,54759,54779,54735,103557
2025-10-24 14:35,54799,54759,54814,54754,204816
2025-10-24 14:40,54816,54809,54829,54799,548996
2025-10-24 14:45,54844,54816,54854,54804,346926
2025-10-24 14:50,54874,54844,54874,54824,238708
2025-10-24 14:55,54849,54874,54879,54829,127067
2025-10-24 15:00,54913,54849,54928,54839,140108
2025-10-24 15:05,54874,54913,54928,54864,56395
2025-10-24 15:10,54844,54876,54883,54839,106903
2025-10-24 15:15,54809,54844,54864,54804,206173
2025-10-24 15:20,54854,54804,54854,54789,199010
2025-10-27 9:00,55761,55712,55796,55697,180929
2025-10-27 9:05,55881,55766,55940,55766,672181
2025-10-27 9:10,56000,55876,56014,55866,470390
2025-10-27 9:15,56134,56000,56148,55990,201784
2025-10-27 9:20,56119,56138,56153,56044,264208
2025-10-27 9:25,56119,56119,56134,55930,353921
2025-10-27 9:30,55900,56114,56119,55876,304089
2025-10-27 9:35,56044,55895,56044,55890,285703
2025-10-27 9:40,56213,56044,56213,56034,246272
2025-10-27 9:45,56272,56213,56277,56183,402468
2025-10-27 9:50,56282,56272,56312,56248,186803
2025-10-27 9:55,56223,56282,56312,56218,144519
2025-10-27 10:00,56188,56223,56258,56168,453118
2025-10-27 10:05,55826,56188,56188,55776,511335
2025-10-27 10:10,55712,55826,55940,55647,432309
2025-10-27 10:15,55757,55712,55776,55642,223328
2025-10-27 10:20,55881,55766,55900,55761,199409
2025-10-27 10:25,55995,55876,56044,55851,183507
2025-10-27 10:30,56044,55995,56044,55886,190190
2025-10-27 10:35,56084,56034,56119,56019,178424
2025-10-27 10:40,56129,56079,56183,56074,178412
2025-10-27 10:45,56153,56124,56183,56104,308673
2025-10-27 10:50,56069,56148,56193,56064,108028
2025-10-27 10:55,56158,56069,56178,56069,101223
2025-10-27 11:00,56208,56153,56228,56138,163614
2025-10-27 11:05,56213,56208,56233,56168,104147
2025-10-27 11:10,56183,56208,56228,56163,91962
2025-10-27 11:15,56178,56188,56218,56138,79477
2025-10-27 11:20,56223,56178,56233,56173,102526
2025-10-27 11:25,56203,56223,56253,56178,107119
2025-10-27 11:30,56213,56208,56243,56173,66762
2025-10-27 11:35,56258,56208,56272,56203,126519
2025-10-27 11:40,56213,56263,56282,56203,72204
2025-10-27 11:45,56233,56213,56272,56208,63516
2025-10-27 11:50,56203,56238,56263,56193,139109
2025-10-27 11:55,56143,56203,56213,56138,78132
2025-10-27 12:00,56148,56143,56233,56134,185943
2025-10-27 12:05,56034,56143,56178,56029,126769
2025-10-27 12:10,56138,56039,56163,56000,201036
2025-10-27 12:15,56183,56138,56193,56104,75581
2025-10-27 12:20,56218,56183,56218,56158,89500
2025-10-27 12:25,56218,56218,56233,56198,115911
2025-10-27 12:30,56208,56213,56233,56163,164501
2025-10-27 12:35,56188,56203,56208,56163,60355
2025-10-27 12:40,56119,56188,56193,56109,88166
2025-10-27 12:45,56114,56124,56153,56074,57665
2025-10-27 12:50,56084,56114,56114,56064,42274
2025-10-27 12:55,56039,56084,56084,56014,90461
2025-10-27 13:00,56005,56044,56099,55980,90623
2025-10-27 13:05,55950,56010,56049,55925,116328
2025-10-27 13:10,55900,55940,55960,55895,115048
2025-10-27 13:15,55930,55900,55985,55856,230448
2025-10-27 13:20,55856,55930,55980,55851,121745
2025-10-27 13:25,55910,55861,55915,55821,110739
2025-10-27 13:30,56044,55910,56044,55881,100463
2025-10-27 13:35,56044,56034,56079,55995,169964
2025-10-27 13:40,56039,56049,56059,55995,94066
2025-10-27 13:45,56079,56039,56099,56029,114873
2025-10-27 13:50,56049,56079,56079,56019,40265
2025-10-27 13:55,56074,56054,56074,56019,114400
2025-10-27 14:00,56134,56074,56134,56044,162297
2025-10-27 14:05,56183,56131,56198,56114,158148
2025-10-27 14:10,56203,56178,56218,56178,84038
2025-10-27 14:15,56173,56208,56223,56168,63212
2025-10-27 14:20,56233,56173,56233,56168,85712
2025-10-27 14:25,56238,56233,56267,56213,241601
2025-10-27 14:30,56248,56238,56282,56223,131301
2025-10-27 14:35,56248,56248,56258,56218,120372
2025-10-27 14:40,56213,56248,56248,56203,55841
2025-10-27 14:45,56223,56223,56253,56208,62580
2025-10-27 14:50,56208,56228,56238,56198,97475
2025-10-27 14:55,56253,56208,56258,56193,76992
2025-10-27 15:00,56248,56253,56267,56228,120930
2025-10-27 15:05,56272,56250,56272,56238,108263
2025-10-27 15:10,56332,56272,56342,56263,346773
2025-10-27 15:15,56297,56332,56332,56292,509182
2025-10-27 15:20,56302,56297,56327,56287,201765
2025-10-28 9:00,55791,55895,55895,55757,222622
2025-10-28 9:05,55464,55796,55826,55409,566165
2025-10-28 9:10,55757,55464,55786,55434,465462
2025-10-28 9:15,55856,55757,55861,55722,258416
2025-10-28 9:20,55881,55856,55935,55712,351866
2025-10-28 9:25,55727,55876,55876,55677,327765
2025-10-28 9:30,55504,55722,55727,55499,354323
2025-10-28 9:35,55662,55504,55662,55469,296920
2025-10-28 9:40,55692,55652,55727,55603,204133
2025-10-28 9:45,55633,55692,55761,55608,205670
2025-10-28 9:50,55742,55633,55796,55578,227799
2025-10-28 9:55,55578,55747,55763,55548,220356
2025-10-28 10:00,55568,55583,55608,55533,175775
2025-10-28 10:05,55528,55568,55573,55474,197124
2025-10-28 10:10,55414,55528,55548,55414,262217
2025-10-28 10:15,55389,55414,55479,55300,382608
2025-10-28 10:20,55310,55389,55449,55201,393437
2025-10-28 10:25,55365,55310,55375,55260,151213
2025-10-28 10:30,55380,55370,55429,55340,477207
2025-10-28 10:35,55424,55380,55449,55375,79490
2025-10-28 10:40,55444,55429,55489,55404,124553
2025-10-28 10:45,55380,55449,55494,55360,112502
2025-10-28 10:50,55439,55380,55454,55365,75252
2025-10-28 10:55,55573,55429,55578,55429,147541
2025-10-28 11:00,55652,55578,55667,55548,229385
2025-10-28 11:05,55677,55657,55707,55637,130904
2025-10-28 11:10,55697,55677,55702,55652,135043
2025-10-28 11:15,55608,55692,55702,55573,111875
2025-10-28 11:20,55652,55608,55692,55598,83131
2025-10-28 11:25,55667,55652,55727,55642,105566
2025-10-28 11:30,55628,55672,55687,55628,80065
2025-10-28 11:35,55603,55623,55657,55593,47807
2025-10-28 11:40,55558,55608,55618,55533,110823
2025-10-28 11:45,55494,55553,55593,55484,61482
2025-10-28 11:50,55429,55494,55518,55404,95913
2025-10-28 11:55,55568,55429,55568,55414,104950
2025-10-28 12:00,55647,55573,55672,55563,175982
2025-10-28 12:05,55657,55647,55677,55623,140574
2025-10-28 12:10,55573,55667,55672,55568,87331
2025-10-28 12:15,55588,55573,55588,55489,272202
2025-10-28 12:20,55578,55593,55633,55523,283651
2025-10-28 12:25,55677,55583,55677,55553,123542
2025-10-28 12:30,55613,55677,55677,55583,76194
2025-10-28 12:35,55595,55613,55613,55558,53223
2025-10-28 12:40,55568,55595,55603,55538,66031
2025-10-28 12:45,55558,55568,55583,55518,70482
2025-10-28 12:50,55583,55558,55588,55513,34860
2025-10-28 12:55,55543,55578,55583,55504,84928
2025-10-28 13:00,55504,55543,55548,55469,115707
2025-10-28 13:05,55533,55494,55533,55429,116302
2025-10-28 13:10,55469,55528,55538,55449,63588
2025-10-28 13:15,55444,55469,55469,55419,154206
2025-10-28 13:20,55444,55444,55454,55409,75980
2025-10-28 13:25,55523,55444,55543,55444,88450
2025-10-28 13:30,55469,55523,55548,55459,67228
2025-10-28 13:35,55484,55464,55523,55464,51222
2025-10-28 13:40,55513,55484,55513,55469,70103
2025-10-28 13:45,55479,55513,55518,55444,133027
2025-10-28 13:50,55504,55479,55548,55464,82050
2025-10-28 13:55,55479,55504,55538,55454,81000
2025-10-28 14:00,55469,55479,55494,55434,87832
2025-10-28 14:05,55454,55464,55469,55414,112507
2025-10-28 14:10,55370,55444,55454,55355,207760
2025-10-28 14:15,55355,55360,55429,55345,91591
2025-10-28 14:20,55325,55345,55375,55320,107362
2025-10-28 14:25,55270,55325,55340,55260,162540
2025-10-28 14:30,55310,55270,55360,55256,164622
2025-10-28 14:35,55355,55315,55389,55280,118140
2025-10-28 14:40,55330,55355,55370,55305,132298
2025-10-28 14:45,55384,55325,55409,55325,215193
2025-10-28 14:50,55538,55380,55568,55365,224196
2025-10-28 14:55,55593,55543,55618,55538,165061
2025-10-28 15:00,55692,55588,55692,55583,147745
2025-10-28 15:05,55682,55687,55717,55647,156924
2025-10-28 15:10,55757,55682,55761,55657,154683
2025-10-28 15:15,55742,55761,55806,55732,159142
2025-10-28 15:20,55791,55737,55801,55727,137499
2025-10-29 9:00,56451,56451,56520,56406,193760
2025-10-29 9:05,56134,56436,56461,56059,482400
2025-10-29 9:10,55806,56134,56213,55707,568894
2025-10-29 9:15,55995,55801,56039,55766,330889
2025-10-29 9:20,56104,56000,56114,55930,227937
2025-10-29 9:25,56258,56104,56277,56084,265746
2025-10-29 9:30,56312,56260,56337,56253,192985
2025-10-29 9:35,56203,56317,56367,56153,250990
2025-10-29 9:40,56332,56213,56332,56163,176827
2025-10-29 9:45,56114,56332,56332,56054,341494
2025-10-29 9:50,56074,56114,56218,56071,187326
2025-10-29 9:55,56039,56074,56143,55980,164060
2025-10-29 10:00,56074,56039,56084,55965,97348
2025-10-29 10:05,56253,56079,56263,56064,156344
2025-10-29 10:10,56233,56238,56307,56208,96377
2025-10-29 10:15,56342,56233,56347,56213,162305
2025-10-29 10:20,56258,56337,56367,56253,117975
2025-10-29 10:25,56203,56253,56282,56168,118838
2025-10-29 10:30,56317,56208,56322,56153,95398
2025-10-29 10:35,56426,56317,56471,56312,219452
2025-10-29 10:40,56659,56426,56664,56421,306271
2025-10-29 10:45,56570,56659,56704,56540,232824
2025-10-29 10:50,56709,56570,56724,56570,111790
2025-10-29 10:55,56768,56704,56828,56699,209969
2025-10-29 11:00,56843,56773,56848,56759,297963
2025-10-29 11:05,56838,56843,56917,56838,420728
2025-10-29 11:10,56783,56838,56868,56749,312617
2025-10-29 11:15,56739,56778,56868,56659,200555
2025-10-29 11:20,56684,56739,56798,56649,114616
2025-10-29 11:25,56764,56684,56773,56654,119028
2025-10-29 11:30,56649,56764,56773,56649,113122
2025-10-29 11:35,56545,56654,56659,56530,134694
2025-10-29 11:40,56679,56545,56679,56540,63776
2025-10-29 11:45,56689,56679,56744,56669,142611
2025-10-29 11:50,56709,56689,56719,56615,125417
2025-10-29 11:55,56679,56709,56719,56575,85760
2025-10-29 12:00,56679,56674,56721,56649,148845
2025-10-29 12:05,56550,56669,56711,56545,94580
2025-10-29 12:10,56562,56560,56640,56550,90648
2025-10-29 12:15,56620,56560,56620,56545,45070
2025-10-29 12:20,56694,56615,56694,56615,72357
2025-10-29 12:25,56709,56689,56714,56635,60152
2025-10-29 12:30,56749,56709,56768,56679,310754
2025-10-29 12:35,56699,56749,56783,56654,309261
2025-10-29 12:40,56684,56699,56744,56684,66246
2025-10-29 12:45,56709,56684,56734,56654,60504
2025-10-29 12:50,56739,56709,56744,56694,48547
2025-10-29 12:55,56699,56739,56749,56679,94400
2025-10-29 13:00,56649,56694,56704,56620,81994
2025-10-29 13:05,56585,56649,56649,56520,89188
2025-10-29 13:10,56540,56585,56659,56530,109868
2025-10-29 13:15,56520,56535,56540,56416,145402
2025-10-29 13:20,56635,56520,56635,56481,113400
2025-10-29 13:25,56600,56625,56649,56575,71795
2025-10-29 13:30,56530,56600,56615,56476,223611
2025-10-29 13:35,56496,56530,56530,56456,98519
2025-10-29 13:40,56486,56496,56511,56451,69869
2025-10-29 13:45,56416,56476,56481,56387,107499
2025-10-29 13:50,56347,56416,56441,56312,199122
2025-10-29 13:55,56238,56347,56357,56238,168072
2025-10-29 14:00,56248,56243,56362,56238,177806
2025-10-29 14:05,56352,56243,56357,56213,189975
2025-10-29 14:10,56367,56352,56396,56317,138945
2025-10-29 14:15,56287,56367,56391,56248,117998
2025-10-29 14:20,56451,56292,56451,56258,152315
2025-10-29 14:25,56431,56451,56486,56396,94860
2025-10-29 14:30,56580,56431,56590,56416,227595
2025-10-29 14:35,56590,56585,56620,56545,145096
2025-10-29 14:40,56640,56590,56669,56585,346101
2025-10-29 14:45,56635,56644,56739,56630,305863
2025-10-29 14:50,56664,56635,56694,56605,147582
2025-10-29 14:55,56689,56669,56714,56649,224998
2025-10-29 15:00,56749,56694,56754,56689,223077
2025-10-29 15:05,56848,56749,56868,56739,467701
2025-10-29 15:10,56892,56848,56907,56823,316544
2025-10-29 15:15,56952,56897,56962,56892,407751
2025-10-29 15:20,56952,56952,56962,56912,230046
2025-10-30 9:00,57628,57514,57628,57385,462606
2025-10-30 9:05,57534,57623,57763,57529,836858
2025-10-30 9:10,57554,57534,57584,57320,556873
2025-10-30 9:15,57613,57539,57673,57295,607045
2025-10-30 9:20,57812,57613,57822,57589,379413
2025-10-30 9:25,57932,57812,57996,57678,481447
2025-10-30 9:30,57947,57927,58046,57847,435647
2025-10-30 9:35,57937,57952,57976,57842,464546
2025-10-30 9:40,57797,57932,57947,57733,264676
2025-10-30 9:45,57594,57797,57842,57514,274574
2025-10-30 9:50,57862,57599,57862,57539,202482
2025-10-30 9:55,57648,57857,57862,57594,177666
2025-10-30 10:00,57569,57643,57668,57529,202952
2025-10-30 10:05,57594,57569,57628,57424,207406
2025-10-30 10:10,57678,57589,57718,57479,239869
2025-10-30 10:15,57201,57668,57668,57176,400371
2025-10-30 10:20,57121,57201,57236,57061,253694
2025-10-30 10:25,57032,57131,57131,56982,311660
2025-10-30 10:30,57042,57032,57052,56934,236035
2025-10-30 10:35,57240,57037,57250,56997,293193
2025-10-30 10:40,57295,57240,57355,57196,264787
2025-10-30 10:45,57449,57295,57449,57240,152452
2025-10-30 10:50,57385,57449,57479,57345,186317
2025-10-30 10:55,57419,57390,57439,57320,85091
2025-10-30 11:00,57594,57410,57599,57405,175860
2025-10-30 11:05,57688,57589,57688,57574,96325
2025-10-30 11:10,57763,57683,57812,57638,162936
2025-10-30 11:15,57807,57768,57837,57678,282403
2025-10-30 11:20,57817,57807,57847,57738,176526
2025-10-30 11:25,57892,57812,57902,57792,178773
2025-10-30 11:30,57832,57902,57927,57832,267608
2025-10-30 11:35,57763,57832,57862,57698,141383
2025-10-30 11:40,57703,57773,57773,57594,169286
2025-10-30 11:45,57867,57703,57892,57698,125480
2025-10-30 11:50,57748,57862,57872,57723,122805
2025-10-30 11:55,57807,57748,57842,57703,84091
2025-10-30 12:00,57807,57802,57832,57728,110653
2025-10-30 12:05,57812,57812,57832,57748,71214
2025-10-30 12:10,57867,57812,57882,57807,110300
2025-10-30 12:15,57922,57872,57942,57872,230317
2025-10-30 12:20,57862,57922,57937,57827,89875
2025-10-30 12:25,57648,57857,57872,57648,180460
2025-10-30 12:30,57618,57643,57678,57579,130716
2025-10-30 12:35,57648,57628,57708,57603,113817
2025-10-30 12:40,57653,57638,57763,57633,119826
2025-10-30 12:45,57608,57658,57673,57589,79287
2025-10-30 12:50,57763,57608,57768,57569,383663
2025-10-30 12:55,57847,57763,57847,57738,144643
2025-10-30 13:00,57832,57837,57877,57812,246222
2025-10-30 13:05,57693,57832,57832,57658,109433
2025-10-30 13:10,57320,57693,57698,57310,381390
2025-10-30 13:15,57201,57315,57325,57131,370942
2025-10-30 13:20,57355,57186,57385,57176,264528
2025-10-30 13:25,57196,57345,57370,57106,166483
2025-10-30 13:30,57186,57196,57260,57116,235021
2025-10-30 13:35,57499,57186,57514,57076,582244
2025-10-30 13:40,57390,57494,57549,57390,424506
2025-10-30 13:45,57320,57395,57410,57275,98622
2025-10-30 13:50,57335,57315,57454,57236,108815
2025-10-30 13:55,57280,57345,57385,57270,92805
2025-10-30 14:00,57240,57275,57350,57186,90215
2025-10-30 14:05,57325,57240,57325,57226,115070
2025-10-30 14:10,57250,57330,57355,57211,101609
2025-10-30 14:15,57091,57245,57260,57081,164955
2025-10-30 14:20,57181,57086,57186,57052,156436
2025-10-30 14:25,57171,57181,57201,57116,107715
2025-10-30 14:30,57260,57176,57260,57126,104095
2025-10-30 14:35,57290,57255,57315,57216,112621
2025-10-30 14:40,57484,57285,57494,57265,207516
2025-10-30 14:45,57541,57479,57564,57454,265613
2025-10-30 14:50,57489,57541,57574,57434,146753
2025-10-30 14:55,57514,57484,57564,57464,236548
2025-10-30 15:00,57405,57509,57519,57340,186375
2025-10-30 15:05,57380,57410,57419,57335,308842
2025-10-30 15:10,57360,57375,57419,57305,1237847
2025-10-30 15:15,57221,57365,57380,57211,1223488
2025-10-30 15:20,57196,57221,57221,57146,593191
2025-10-31 9:00,57206,57285,57350,57196,227201
2025-10-31 9:05,57066,57201,57300,57037,433903
2025-10-31 9:10,56912,57071,57111,56843,360263
2025-10-31 9:15,57086,56897,57186,56897,401129
2025-10-31 9:20,57236,57086,57240,57027,152694
2025-10-31 9:25,57439,57231,57464,57191,210210
2025-10-31 9:30,57579,57439,57584,57390,210650
2025-10-31 9:35,57415,57579,57599,57395,144826
2025-10-31 9:40,57415,57419,57479,57365,115919
2025-10-31 9:45,57509,57410,57544,57410,113960
2025-10-31 9:50,57499,57506,57559,57459,91831
2025-10-31 9:55,57469,57499,57509,57395,209476
2025-10-31 10:00,57459,57474,57613,57350,149814
2025-10-31 10:05,57549,57459,57613,57459,301800
2025-10-31 10:10,57559,57549,57564,57434,113275
2025-10-31 10:15,57474,57554,57554,57464,57515
2025-10-31 10:20,57345,57474,57484,57245,295627
2025-10-31 10:25,57280,57350,57390,57196,157227
2025-10-31 10:30,57390,57285,57390,57265,60987
2025-10-31 10:35,57663,57390,57713,57380,677585
2025-10-31 10:40,57673,57663,57718,57638,308287
2025-10-31 10:45,57688,57678,57708,57653,356176
2025-10-31 10:50,57633,57688,57703,57589,175619
2025-10-31 10:55,57738,57633,57758,57613,287875
2025-10-31 11:00,57812,57738,57842,57728,412616
2025-10-31 11:05,57812,57812,57847,57763,205698
2025-10-31 11:10,57812,57807,57862,57787,251226
2025-10-31 11:15,57733,57817,57822,57733,264785
2025-10-31 11:20,57827,57728,57837,57713,304061
2025-10-31 11:25,57753,57827,57862,57738,189100
2025-10-31 11:30,57683,57748,57783,57638,129019
2025-10-31 11:35,57638,57683,57728,57638,59397
2025-10-31 11:40,57693,57633,57708,57623,104264
2025-10-31 11:45,57613,57688,57703,57603,51875
2025-10-31 11:50,57708,57618,57723,57608,112010
2025-10-31 11:55,57678,57708,57723,57653,110534
2025-10-31 12:00,57693,57678,57698,57623,63104
2025-10-31 12:05,57613,57693,57703,57574,125137
2025-10-31 12:10,57663,57613,57678,57579,200367
2025-10-31 12:15,57633,57663,57673,57579,38289
2025-10-31 12:20,57579,57643,57668,57569,100159
2025-10-31 12:25,57504,57579,57579,57459,263305
2025-10-31 12:30,57454,57504,57529,57424,85401
2025-10-31 12:35,57544,57459,57569,57410,189603
2025-10-31 12:40,57529,57544,57559,57504,149064
2025-10-31 12:45,57589,57534,57608,57504,279419
2025-10-31 12:50,57683,57589,57693,57579,451918
2025-10-31 12:55,57718,57683,57738,57678,199318
2025-10-31 13:00,57723,57718,57773,57693,243989
2025-10-31 13:05,57708,57723,57748,57683,98474
2025-10-31 13:10,57765,57708,57768,57678,181650
2025-10-31 13:15,57713,57765,57783,57698,137064
2025-10-31 13:20,57703,57713,57758,57688,99850
2025-10-31 13:25,57703,57698,57713,57653,95624
2025-10-31 13:30,57683,57703,57708,57633,94002
2025-10-31 13:35,57698,57680,57715,57648,113308
2025-10-31 13:40,57743,57698,57768,57688,101297
2025-10-31 13:45,57753,57743,57792,57733,107491
2025-10-31 13:50,57763,57753,57773,57703,95431
2025-10-31 13:55,57792,57763,57812,57758,112139
2025-10-31 14:00,57778,57792,57832,57758,207107
2025-10-31 14:05,57758,57773,57807,57738,133429
2025-10-31 14:10,57807,57758,57827,57748,92459
2025-10-31 14:15,57787,57804,57812,57763,119651
2025-10-31 14:20,57783,57792,57807,57728,169506
2025-10-31 14:25,57713,57783,57797,57713,138705
2025-10-31 14:30,57723,57713,57778,57703,257307
2025-10-31 14:35,57693,57718,57753,57673,236715
2025-10-31 14:40,57628,57688,57698,57569,199226
2025-10-31 14:45,57564,57628,57648,57564,168830
2025-10-31 14:50,57539,57559,57589,57519,194234
2025-10-31 14:55,57603,57534,57613,57514,330155
2025-10-31 15:00,57748,57599,57787,57514,660844
2025-10-31 15:05,57648,57748,57783,57559,305475
2025-10-31 15:10,57783,57648,57822,57638,170486
2025-10-31 15:15,57802,57773,57822,57763,174611
2025-10-31 15:20,57817,57802,57822,57763,122381
2025-11-03 9:00,57852,57966,57966,57802,233549
2025-11-03 9:05,57991,57847,58185,57807,505658
2025-11-03 9:10,58334,57996,58334,57981,323644
2025-11-03 9:15,58364,58334,58449,58270,383030
2025-11-03 9:20,58444,58364,58504,58329,287488
2025-11-03 9:25,58479,58439,58499,58354,241916
2025-11-03 9:30,58563,58469,58578,58434,306558
2025-11-03 9:35,58613,58563,58628,58548,286685
2025-11-03 9:40,58608,58618,58628,58543,210829
2025-11-03 9:45,58678,58618,58683,58583,183856
2025-11-03 9:50,58772,58678,58772,58663,182650
2025-11-03 9:55,58717,58767,58772,58663,192868
2025-11-03 10:00,58757,58717,58767,58658,222388
2025-11-03 10:05,58906,58752,58906,58747,306659
2025-11-03 10:10,58981,58906,58981,58881,238976
2025-11-03 10:15,58956,58981,58981,58901,171492
2025-11-03 10:20,58996,58951,58996,58926,193145
2025-11-03 10:25,58956,58996,59056,58906,214851
2025-11-03 10:30,58991,58956,59006,58926,105015
2025-11-03 10:35,58976,58996,59016,58951,136391
2025-11-03 10:40,59026,58966,59046,58916,186907
2025-11-03 10:45,59026,59026,59041,59001,106849
2025-11-03 10:50,59155,59026,59165,59021,178814
2025-11-03 10:55,59180,59155,59190,59150,135347
2025-11-03 11:00,59070,59180,59195,59046,163424
2025-11-03 11:05,59090,59065,59120,59021,147956
2025-11-03 11:10,59016,59090,59105,59006,120814
2025-11-03 11:15,59031,59016,59065,58986,86991
2025-11-03 11:20,59135,59031,59135,58996,102406
2025-11-03 11:25,59140,59135,59165,59125,146250
2025-11-03 11:30,59130,59140,59160,59120,129107
2025-11-03 11:35,59175,59125,59230,59120,165584
2025-11-03 11:40,59085,59175,59175,59031,185304
2025-11-03 11:45,59140,59080,59175,59080,115377
2025-11-03 11:50,59254,59140,59269,59135,173833
2025-11-03 11:55,59334,59259,59369,59244,250563
2025-11-03 12:00,59399,59334,59409,59329,135270
2025-11-03 12:05,59359,59394,59438,59344,234031
2025-11-03 12:10,59319,59359,59384,59284,161819
2025-11-03 12:15,59289,59329,59334,59244,132709
2025-11-03 12:20,59244,59284,59294,59215,163209
2025-11-03 12:25,59319,59239,59324,59220,115098
2025-11-03 12:30,59354,59319,59354,59264,142368
2025-11-03 12:35,59453,59354,59458,59354,146966
2025-11-03 12:40,59538,59458,59553,59453,193748
2025-11-03 12:45,59523,59538,59573,59513,219718
2025-11-03 12:50,59458,59523,59533,59433,258742
2025-11-03 12:55,59518,59453,59533,59448,184364
2025-11-03 13:00,59419,59523,59558,59419,269079
2025-11-03 13:05,59291,59428,59433,59235,391348
2025-11-03 13:10,59185,59291,59294,59150,311808
2025-11-03 13:15,59160,59185,59259,59100,311788
2025-11-03 13:20,59155,59160,59244,59130,216814
2025-11-03 13:25,59294,59145,59294,59130,180746
2025-11-03 13:30,59279,59289,59374,59274,187125
2025-11-03 13:35,59423,59279,59423,59264,213403
2025-11-03 13:40,59433,59425,59453,59389,273417
2025-11-03 13:45,59369,59428,59448,59359,196681
2025-11-03 13:50,59399,59369,59414,59294,373568
2025-11-03 13:55,59443,59399,59453,59389,122029
2025-11-03 14:00,59493,59448,59498,59404,119805
2025-11-03 14:05,59533,59493,59548,59473,242141
2025-11-03 14:10,59588,59523,59593,59488,211421
2025-11-03 14:15,59558,59593,59593,59483,206943
2025-11-03 14:20,59575,59563,59603,59493,145335
2025-11-03 14:25,59458,59573,59575,59443,317705
2025-11-03 14:30,59548,59458,59563,59438,311599
2025-11-03 14:35,59523,59553,59563,59503,83746
2025-11-03 14:40,59533,59533,59563,59513,94566
2025-11-03 14:45,59428,59528,59538,59423,185710
2025-11-03 14:50,59369,59419,59463,59349,153456
2025-11-03 14:55,59419,59369,59433,59359,286349
2025-11-03 15:00,59483,59414,59493,59384,235023
2025-11-03 15:05,59508,59478,59518,59458,165695
2025-11-03 15:10,59493,59510,59510,59443,178215
2025-11-03 15:15,59583,59498,59583,59483,370872
2025-11-03 15:20,59573,59578,59588,59553,267147
2025-11-04 9:00,59568,59593,59598,59448,342617
2025-11-04 9:05,59215,59573,59682,59195,758491
2025-11-04 9:10,59289,59225,59389,59051,647381
2025-11-04 9:15,59175,59294,59409,59175,621488
2025-11-04 9:20,59160,59180,59289,59080,567512
2025-11-04 9:25,58847,59160,59165,58837,420559
2025-11-04 9:30,58976,58842,58986,58658,973685
2025-11-04 9:35,59051,58981,59051,58852,370127
2025-11-04 9:40,59095,59051,59150,59021,416948
2025-11-04 9:45,59016,59095,59165,58931,304936
2025-11-04 9:50,59230,59021,59299,58991,331230
2025-11-04 9:55,59230,59230,59259,59065,282443
2025-11-04 10:00,59056,59230,59279,59031,302105
2025-11-04 10:05,58886,59065,59085,58852,321461
2025-11-04 10:10,59105,58886,59130,58881,391707
2025-11-04 10:15,58941,59115,59115,58876,283612
2025-11-04 10:20,58901,58921,58976,58827,157711
2025-11-04 10:25,58857,58896,58986,58832,222302
2025-11-04 10:30,58688,58862,58872,58678,324890
2025-11-04 10:35,58847,58683,58876,58633,334286
2025-11-04 10:40,58719,58837,58916,58719,160438
2025-11-04 10:45,58812,58717,58827,58678,146330
2025-11-04 10:50,58683,58812,58812,58678,186627
2025-11-04 10:55,58722,58688,58744,58643,189435
2025-11-04 11:00,58707,58722,58822,58688,173001
2025-11-04 11:05,58538,58707,58717,58523,266014
2025-11-04 11:10,58523,58538,58583,58494,182294
2025-11-04 11:15,58553,58518,58588,58494,158448
2025-11-04 11:20,58598,58548,58608,58476,251995
2025-11-04 11:25,58494,58598,58628,58489,160090
2025-11-04 11:30,58439,58504,58513,58364,206375
2025-11-04 11:35,58484,58429,58484,58349,310536
2025-11-04 11:40,58439,58484,58513,58399,162577
2025-11-04 11:45,58399,58439,58469,58359,109260
2025-11-04 11:50,58354,58399,58446,58334,147081
2025-11-04 11:55,58260,58354,58359,58260,371822
2025-11-04 12:00,58200,58260,58290,58165,338393
2025-11-04 12:05,58270,58200,58290,58175,270727
2025-11-04 12:10,58469,58265,58474,58260,212063
2025-11-04 12:15,58538,58469,58588,58464,193900
2025-11-04 12:20,58618,58538,58623,58518,156819
2025-11-04 12:25,58469,58623,58638,58464,143219
2025-11-04 12:30,58603,58464,58643,58419,225661
2025-11-04 12:35,58608,58598,58620,58528,98993
2025-11-04 12:40,58449,58618,58618,58439,208368
2025-11-04 12:45,58464,58449,58528,58419,135536
2025-11-04 12:50,58489,58459,58518,58449,99785
2025-11-04 12:55,58384,58484,58494,58359,162752
2025-11-04 13:00,58329,58389,58409,58305,122177
2025-11-04 13:05,58325,58334,58394,58290,171364
2025-11-04 13:10,58339,58329,58361,58255,187816
2025-11-04 13:15,58270,58334,58339,58240,175878
2025-11-04 13:20,58275,58275,58290,58205,153085
2025-11-04 13:25,58260,58275,58295,58225,103488
2025-11-04 13:30,58394,58255,58394,58190,314008
2025-11-04 13:35,58280,58384,58439,58275,213634
2025-11-04 13:40,58265,58275,58310,58240,93637
2025-11-04 13:45,58175,58265,58275,58141,265132
2025-11-04 13:50,58195,58170,58215,58141,142124
2025-11-04 13:55,58245,58185,58260,58180,226755
2025-11-04 14:00,58329,58250,58334,58215,162210
2025-11-04 14:05,58245,58320,58329,58200,181537
2025-11-04 14:10,58300,58240,58349,58240,112493
2025-11-04 14:15,58240,58300,58349,58240,104806
2025-11-04 14:20,58240,58245,58295,58210,106780
2025-11-04 14:25,58215,58240,58260,58175,155932
2025-11-04 14:30,58260,58210,58265,58195,128799
2025-11-04 14:35,58334,58260,58389,58240,209763
2025-11-04 14:40,58175,58329,58374,58165,235475
2025-11-04 14:45,58180,58160,58185,58051,496953
2025-11-04 14:50,58031,58170,58180,58026,266611
2025-11-04 14:55,57966,58031,58036,57962,277972
2025-11-04 15:00,58106,57966,58111,57927,256505
2025-11-04 15:05,58086,58096,58126,58041,125145
2025-11-04 15:10,58026,58086,58111,57966,189406
2025-11-04 15:15,58016,58021,58036,57971,295099
2025-11-04 15:20,57962,58016,58041,57947,293328
2025-11-05 9:00,56659,56863,56967,56654,499606
2025-11-05 9:05,56385,56649,56728,56211,1112331
2025-11-05 9:10,56330,56385,56395,55893,1329538
2025-11-05 9:15,55982,56321,56385,55868,919087
2025-11-05 9:20,55779,55972,55992,55714,611225
2025-11-05 9:25,55430,55774,55938,55411,750253
2025-11-05 9:30,55371,55445,55445,55167,795030
2025-11-05 9:35,55803,55376,55823,55366,828206
2025-11-05 9:40,55326,55803,55808,55266,645748
2025-11-05 9:45,55028,55331,55406,55008,641053
2025-11-05 9:50,55664,55033,55689,55003,411259
2025-11-05 9:55,55401,55659,55669,55281,493889
2025-11-05 10:00,55236,55386,55440,55227,347387
2025-11-05 10:05,54998,55222,55241,54963,598092
2025-11-05 10:10,54918,54998,55048,54764,644902
2025-11-05 10:15,54948,54913,55092,54864,525974
2025-11-05 10:20,54799,54948,54973,54754,531768
2025-11-05 10:25,54540,54794,54849,54530,578336
2025-11-05 10:30,54376,54540,54689,54371,841846
2025-11-05 10:35,54401,54371,54411,54172,714929
2025-11-05 10:40,54481,54401,54600,54217,526332
2025-11-05 10:45,54689,54481,54774,54456,1153986
2025-11-05 10:50,54883,54689,54988,54675,577346
2025-11-05 10:55,54829,54873,55048,54829,562509
2025-11-05 11:00,54983,54834,55134,54774,555546
2025-11-05 11:05,55018,54983,55018,54799,303339
2025-11-05 11:10,55187,55018,55321,54988,375137
2025-11-05 11:15,55033,55177,55227,54998,397824
2025-11-05 11:20,55281,55028,55281,55023,349283
2025-11-05 11:25,55202,55271,55296,55018,329527
2025-11-05 11:30,55157,55207,55227,55107,238751
2025-11-05 11:35,55321,55157,55346,55157,167624
2025-11-05 11:40,55465,55321,55510,55306,322741
2025-11-05 11:45,55629,55470,55634,55396,320824
2025-11-05 11:50,55595,55629,55714,55530,446815
2025-11-05 11:55,55754,55599,55774,55590,189279
2025-11-05 12:00,55813,55754,55848,55694,246007
2025-11-05 12:05,56022,55813,56082,55813,368551
2025-11-05 12:10,56042,56022,56087,55913,245084
2025-11-05 12:15,55783,56042,56047,55779,517313
2025-11-05 12:20,55774,55798,55833,55659,211827
2025-11-05 12:25,56052,55774,56097,55774,406903
2025-11-05 12:30,56321,56052,56405,56022,361691
2025-11-05 12:35,56375,56311,56450,56271,311607
2025-11-05 12:40,56470,56385,56470,56276,243399
2025-11-05 12:45,56639,56475,56679,56410,228673
2025-11-05 12:50,56718,56634,56718,56564,303398
2025-11-05 12:55,56395,56718,56808,56271,415725
2025-11-05 13:00,56519,56400,56574,56385,167687
2025-11-05 13:05,56415,56519,56549,56365,203434
2025-11-05 13:10,56077,56415,56425,55883,514093
2025-11-05 13:15,56007,56082,56176,56007,251823
2025-11-05 13:20,56032,56007,56166,55953,224137
2025-11-05 13:25,56306,56032,56360,55967,175501
2025-11-05 13:30,56251,56301,56326,56231,186672
2025-11-05 13:35,56171,56276,56311,56042,341214
2025-11-05 13:40,56231,56181,56291,56117,269390
2025-11-05 13:45,56181,56231,56291,56142,134414
2025-11-05 13:50,56032,56181,56206,55913,222303
2025-11-05 13:55,55798,56042,56052,55754,258402
2025-11-05 14:00,55853,55793,55913,55779,127318
2025-11-05 14:05,55923,55858,56107,55793,266045
2025-11-05 14:10,56117,55918,56171,55883,119906
2025-11-05 14:15,56117,56117,56191,56077,148205
2025-11-05 14:20,56256,56112,56271,56027,174005
2025-11-05 14:25,56082,56256,56256,56077,164469
2025-11-05 14:30,56365,56077,56415,56042,224237
2025-11-05 14:35,56221,56375,56380,56206,160369
2025-11-05 14:40,56241,56211,56301,56191,195851
2025-11-05 14:45,56042,56241,56256,56032,172380
2025-11-05 14:50,55987,56032,56082,55898,235528
2025-11-05 14:55,55908,55992,56057,55893,198861
2025-11-05 15:00,55803,55903,55992,55783,179474
2025-11-05 15:05,55948,55818,56037,55788,297202
2025-11-05 15:10,56062,55948,56082,55883,137234
2025-11-05 15:15,56127,56052,56166,56022,253690
2025-11-05 15:20,56281,56122,56291,56112,308309
2025-11-06 9:00,57713,57713,57723,57633,244729
2025-11-06 9:05,57549,57718,57904,57524,701119
2025-11-06 9:10,57106,57549,57564,57086,444967
2025-11-06 9:15,57270,57101,57270,56783,546732
2025-11-06 9:20,57091,57267,57275,56877,343151
2025-11-06 9:25,56609,57091,57091,56544,318828
2025-11-06 9:30,56783,56609,56838,56435,369870
2025-11-06 9:35,56828,56798,56838,56569,240077
2025-11-06 9:40,57022,56828,57071,56818,264872
2025-11-06 9:45,56942,57012,57136,56838,277401
2025-11-06 9:50,56853,56942,56942,56698,215895
2025-11-06 9:55,56897,56853,56927,56763,82063
2025-11-06 10:00,56689,56904,56987,56639,179597
2025-11-06 10:05,56589,56689,56768,56490,164094
2025-11-06 10:10,56271,56589,56609,56231,283964
2025-11-06 10:15,56455,56286,56604,56233,215306
2025-11-06 10:20,56251,56450,56490,56161,197136
2025-11-06 10:25,56122,56236,56321,56107,195823
2025-11-06 10:30,56201,56117,56216,55948,349549
2025-11-06 10:35,56440,56211,56509,56186,290626
2025-11-06 10:40,56554,56440,56579,56365,219825
2025-11-06 10:45,56733,56549,56753,56500,250180
2025-11-06 10:50,56689,56733,56798,56554,243825
2025-11-06 10:55,56693,56684,56715,56505,239688
2025-11-06 11:00,56664,56698,56803,56624,129233
2025-11-06 11:05,56609,56664,56713,56519,129043
2025-11-06 11:10,56390,56594,56649,56390,138626
2025-11-06 11:15,56495,56390,56519,56321,157226
2025-11-06 11:20,56689,56490,56743,56490,182698
2025-11-06 11:25,56698,56679,56748,56644,78726
2025-11-06 11:30,56679,56693,56728,56624,68170
2025-11-06 11:35,56848,56674,56853,56549,150257
2025-11-06 11:40,56917,56853,56927,56793,147587
2025-11-06 11:45,56907,56922,56987,56887,117862
2025-11-06 11:50,56887,56902,56927,56838,91164
2025-11-06 11:55,57037,56892,57037,56892,115942
2025-11-06 12:00,57081,57037,57116,57027,104262
2025-11-06 12:05,57096,57071,57141,57047,147252
2025-11-06 12:10,57116,57086,57136,57037,81526
2025-11-06 12:15,57206,57121,57231,57116,142300
2025-11-06 12:20,57206,57211,57275,57141,151067
2025-11-06 12:25,57245,57206,57245,57186,106501
2025-11-06 12:30,57325,57245,57330,57221,225239
2025-11-06 12:35,57295,57327,57340,57236,114158
2025-11-06 12:40,57365,57297,57405,57245,181762
2025-11-06 12:45,57255,57362,57375,57250,156759
2025-11-06 12:50,57315,57255,57325,57226,95769
2025-11-06 12:55,57141,57317,57317,57121,129579
2025-11-06 13:00,57111,57141,57201,57047,126176
2025-11-06 13:05,57081,57116,57121,56987,172507
2025-11-06 13:10,57091,57086,57141,57052,64477
2025-11-06 13:15,57260,57096,57275,57086,148500
2025-11-06 13:20,57280,57265,57360,57260,122974
2025-11-06 13:25,57265,57280,57320,57216,168820
2025-11-06 13:30,57181,57265,57270,57136,84734
2025-11-06 13:35,57166,57176,57255,57071,142788
2025-11-06 13:40,57056,57161,57166,57032,141142
2025-11-06 13:45,57116,57047,57116,57017,69182
2025-11-06 13:50,56992,57116,57121,56922,180252
2025-11-06 13:55,57012,56982,57042,56947,132607
2025-11-06 14:00,57240,57012,57250,57007,281274
2025-11-06 14:05,57285,57245,57320,57176,444549
2025-11-06 14:10,57111,57285,57290,57096,133707
2025-11-06 14:15,57126,57111,57146,57037,87212
2025-11-06 14:20,57156,57126,57166,57056,188085
2025-11-06 14:25,57226,57151,57245,57151,142178
2025-11-06 14:30,57211,57216,57240,57171,55898
2025-11-06 14:35,57086,57206,57206,57071,137267
2025-11-06 14:40,56902,57076,57081,56897,264801
2025-11-06 14:45,56778,56907,56917,56703,293000
2025-11-06 14:50,56743,56783,56833,56679,170461
2025-11-06 14:55,56679,56748,56748,56639,120041
2025-11-06 15:00,56713,56674,56748,56654,81847
2025-11-06 15:05,56773,56708,56818,56684,87793
2025-11-06 15:10,56718,56773,56803,56684,109035
2025-11-06 15:15,56753,56718,56758,56649,124660
2025-11-06 15:20,56674,56753,56768,56664,70574
2025-11-07 9:00,55664,55639,55729,55420,330823
2025-11-07 9:05,56236,55664,56301,55595,579181
2025-11-07 9:10,56306,56216,56624,56191,634590
2025-11-07 9:15,55903,56306,56425,55888,389052
2025-11-07 9:20,56201,55893,56221,55893,380671
2025-11-07 9:25,56420,56196,56460,56166,322690
2025-11-07 9:30,56589,56420,56589,56345,274405
2025-11-07 9:35,56718,56589,56823,56564,294600
2025-11-07 9:40,56758,56708,56783,56584,129009
2025-11-07 9:45,56703,56758,56798,56465,245754
2025-11-07 9:50,56450,56689,56743,56440,238564
2025-11-07 9:55,56375,56460,56544,56330,135045
2025-11-07 10:00,56191,56360,56400,56176,287728
2025-11-07 10:05,56037,56191,56286,56017,243290
2025-11-07 10:10,55963,56037,56097,55833,278405
2025-11-07 10:15,55987,55963,56171,55938,200083
2025-11-07 10:20,55853,55987,56132,55848,172368
2025-11-07 10:25,55992,55848,56062,55813,187688
2025-11-07 10:30,55953,55992,56017,55818,123666
2025-11-07 10:35,55704,55948,56022,55656,261075
2025-11-07 10:40,55868,55709,55938,55619,183706
2025-11-07 10:45,55987,55873,56012,55779,132347
2025-11-07 10:50,55873,55987,55992,55754,155625
2025-11-07 10:55,55739,55873,55898,55734,143793
2025-11-07 11:00,55744,55749,55883,55729,90173
2025-11-07 11:05,55585,55744,55788,55560,214460
2025-11-07 11:10,55570,55570,55694,55515,144976
2025-11-07 11:15,55435,55565,55599,55425,177209
2025-11-07 11:20,55480,55435,55525,55346,276752
2025-11-07 11:25,55341,55475,55540,55286,226918
2025-11-07 11:30,55296,55336,55416,55177,282719
2025-11-07 11:35,55450,55306,55545,55306,187040
2025-11-07 11:40,55386,55445,55515,55336,158520
2025-11-07 11:45,55416,55386,55445,55276,329247
2025-11-07 11:50,55465,55416,55495,55376,123769
2025-11-07 11:55,55331,55480,55505,55286,169961
2025-11-07 12:00,55416,55336,55435,55311,121677
2025-11-07 12:05,55455,55430,55460,55311,243034
2025-11-07 12:10,55346,55450,55475,55301,216242
2025-11-07 12:15,55286,55341,55391,55251,82507
2025-11-07 12:20,55132,55286,55291,55127,182745
2025-11-07 12:25,55182,55137,55266,55122,145637
2025-11-07 12:30,55127,55177,55241,55127,119444
2025-11-07 12:35,55251,55127,55276,55117,140328
2025-11-07 12:40,55266,55251,55386,55217,165965
2025-11-07 12:45,55162,55271,55286,55152,132070
2025-11-07 12:50,55048,55157,55167,55033,264125
2025-11-07 12:55,55008,55043,55057,54998,137425
2025-11-07 13:00,55018,55013,55162,54988,185122
2025-11-07 13:05,54938,55028,55072,54918,245496
2025-11-07 13:10,54973,54938,55038,54903,103952
2025-11-07 13:15,54998,54973,55033,54898,183114
2025-11-07 13:20,55097,54998,55236,54998,419051
2025-11-07 13:25,54938,55092,55187,54923,206832
2025-11-07 13:30,54933,54938,54993,54918,189034
2025-11-07 13:35,54898,54933,54943,54859,275869
2025-11-07 13:40,54849,54903,54908,54769,186505
2025-11-07 13:45,54726,54849,54878,54716,154323
2025-11-07 13:50,54699,54734,54779,54689,276811
2025-11-07 13:55,54749,54694,54819,54675,371168
2025-11-07 14:00,54834,54749,54903,54680,173269
2025-11-07 14:05,55227,54834,55227,54809,319421
2025-11-07 14:10,55256,55222,55276,55167,352527
2025-11-07 14:15,55212,55256,55316,55087,250576
2025-11-07 14:20,55316,55197,55465,55167,452629
2025-11-07 14:25,55261,55321,55371,55187,222120
2025-11-07 14:30,55256,55256,55286,55157,100379
2025-11-07 14:35,55475,55256,55475,55241,185790
2025-11-07 14:40,55565,55475,55575,55430,253730
2025-11-07 14:45,55570,55565,55595,55430,154207
2025-11-07 14:50,55599,55570,55619,55485,171552
2025-11-07 14:55,55604,55614,55634,55495,168019
2025-11-07 15:00,55704,55599,55714,55599,202947
2025-11-07 15:05,55689,55704,55729,55649,145367
2025-11-07 15:10,55709,55679,55759,55669,172829
2025-11-07 15:15,55664,55714,55719,55654,131350
2025-11-07 15:20,55639,55669,55689,55634,155251
2025-11-10 9:00,56316,56201,56365,56176,198334
2025-11-10 9:05,56102,56291,56539,56047,622583
2025-11-10 9:10,56485,56107,56589,56052,516611
2025-11-10 9:15,56614,56495,56698,56460,341755
2025-11-10 9:20,56654,56609,56664,56425,177954
2025-11-10 9:25,56758,56659,56778,56659,176807
2025-11-10 9:30,56902,56758,56962,56753,225045
2025-11-10 9:35,56828,56902,56967,56828,155758
2025-11-10 9:40,56768,56823,56877,56609,165805
2025-11-10 9:45,56534,56768,56808,56514,178632
2025-11-10 9:50,56609,56519,56654,56410,191570
2025-11-10 9:55,56654,56614,56788,56614,136330
2025-11-10 10:00,56718,56654,56783,56624,152613
2025-11-10 10:05,56873,56718,56873,56703,150592
2025-11-10 10:10,56927,56868,56927,56798,142283
2025-11-10 10:15,56887,56927,56992,56877,141590
2025-11-10 10:20,56887,56887,56917,56763,162759
2025-11-10 10:25,57047,56887,57047,56843,198681
2025-11-10 10:30,57042,57047,57086,56957,198744
2025-11-10 10:35,57017,57042,57081,56982,130341
2025-11-10 10:40,57076,57017,57101,56992,94087
2025-11-10 10:45,57171,57076,57181,57037,139450
2025-11-10 10:50,57226,57171,57260,57161,141537
2025-11-10 10:55,57206,57216,57255,57151,90456
2025-11-10 11:00,57236,57211,57236,57196,128964
2025-11-10 11:05,57255,57231,57270,57146,199752
2025-11-10 11:10,57245,57255,57255,57126,231497
2025-11-10 11:15,57285,57240,57305,57240,92726
2025-11-10 11:20,57290,57295,57335,57280,102819
2025-11-10 11:25,57201,57290,57300,57171,102235
2025-11-10 11:30,57156,57201,57206,57101,109103
2025-11-10 11:35,57136,57151,57226,57126,132863
2025-11-10 11:40,57161,57136,57196,57111,119336
2025-11-10 11:45,57250,57166,57250,57146,78346
2025-11-10 11:50,57315,57245,57325,57236,85177
2025-11-10 11:55,57275,57310,57315,57250,73672
2025-11-10 12:00,57315,57275,57315,57216,51193
2025-11-10 12:05,57325,57310,57325,57280,82436
2025-11-10 12:10,57305,57312,57325,57260,87033
2025-11-10 12:15,57370,57305,57380,57295,90932
2025-11-10 12:20,57390,57370,57429,57365,79006
2025-11-10 12:25,57405,57390,57424,57365,45292
2025-11-10 12:30,57360,57400,57410,57355,40689
2025-11-10 12:35,57355,57365,57385,57315,50369
2025-11-10 12:40,57315,57355,57365,57275,45131
2025-11-10 12:45,57370,57315,57370,57290,41383
2025-11-10 12:50,57390,57370,57405,57350,55915
2025-11-10 12:55,57360,57385,57424,57355,62681
2025-11-10 13:00,57370,57355,57375,57330,69812
2025-11-10 13:05,57415,57365,57419,57355,84775
2025-11-10 13:10,57400,57415,57464,57385,105113
2025-11-10 13:15,57345,57400,57429,57315,118734
2025-11-10 13:20,57330,57345,57365,57300,53542
2025-11-10 13:25,57350,57335,57370,57315,43270
2025-11-10 13:30,57380,57350,57410,57340,35934
2025-11-10 13:35,57375,57380,57424,57355,65199
2025-11-10 13:40,57395,57375,57415,57360,53123
2025-11-10 13:45,57434,57395,57464,57380,101253
2025-11-10 13:50,57499,57434,57509,57419,89710
2025-11-10 13:55,57519,57499,57524,57484,68990
2025-11-10 14:00,57534,57529,57584,57529,89865
2025-11-10 14:05,57594,57544,57613,57534,157221
2025-11-10 14:10,57628,57584,57643,57579,97941
2025-11-10 14:15,57668,57628,57668,57613,57556
2025-11-10 14:20,57648,57663,57668,57613,88670
2025-11-10 14:25,57668,57658,57683,57638,81496
2025-11-10 14:30,57584,57663,57668,57574,90214
2025-11-10 14:35,57584,57584,57599,57539,81451
2025-11-10 14:40,57549,57584,57589,57519,58350
2025-11-10 14:45,57529,57544,57608,57524,55661
2025-11-10 14:50,57509,57531,57549,57489,53794
2025-11-10 14:55,57549,57504,57589,57504,70538
2025-11-10 15:00,57479,57549,57559,57439,83004
2025-11-10 15:05,57529,57474,57549,57449,108903
2025-11-10 15:10,57484,57529,57559,57444,65897
2025-11-10 15:15,57390,57484,57484,57370,106348
2025-11-10 15:20,57370,57390,57405,57350,124648
2025-11-11 9:00,58384,58131,58399,58131,186633
2025-11-11 9:05,58469,58399,58528,58285,643561
2025-11-11 9:10,58523,58469,58583,58300,483094
2025-11-11 9:15,58752,58523,58762,58404,370606
2025-11-11 9:20,58712,58747,58747,58603,242352
2025-11-11 9:25,58648,58702,58707,58588,119809
2025-11-11 9:30,58862,58648,58921,58638,319386
2025-11-11 9:35,59095,58862,59095,58852,312147
2025-11-11 9:40,59085,59095,59160,59026,251104
2025-11-11 9:45,59065,59090,59155,58941,268888
2025-11-11 9:50,59190,59070,59195,58991,265414
2025-11-11 9:55,59185,59185,59205,59105,180219
2025-11-11 10:00,59046,59185,59195,58991,184392
2025-11-11 10:05,59125,59036,59150,59001,151458
2025-11-11 10:10,58797,59130,59130,58722,354167
2025-11-11 10:15,58926,58787,58956,58787,165270
2025-11-11 10:20,58797,58926,59041,58787,347328
2025-11-11 10:25,58886,58802,58886,58747,197926
2025-11-11 10:30,58732,58886,58911,58709,189956
2025-11-11 10:35,58906,58737,58936,58707,152334
2025-11-11 10:40,58782,58906,58911,58742,116935
2025-11-11 10:45,58951,58787,58951,58702,128632
2025-11-11 10:50,58852,58941,58951,58752,90376
2025-11-11 10:55,58777,58847,58867,58752,77986
2025-11-11 11:00,58697,58772,58792,58648,208359
2025-11-11 11:05,58603,58693,58722,58578,107332
2025-11-11 11:10,58613,58603,58648,58548,121457
2025-11-11 11:15,58454,58618,58618,58424,201809
2025-11-11 11:20,58474,58454,58573,58424,123327
2025-11-11 11:25,58285,58474,58484,58280,173649
2025-11-11 11:30,58260,58290,58339,58250,175137
2025-11-11 11:35,58444,58265,58499,58210,184873
2025-11-11 11:40,58424,58444,58464,58325,96852
2025-11-11 11:45,58334,58424,58424,58285,113880
2025-11-11 11:50,58320,58334,58369,58290,67236
2025-11-11 11:55,58245,58325,58329,58190,140983
2025-11-11 12:00,58325,58240,58384,58190,104265
2025-11-11 12:05,58354,58334,58394,58200,110363
2025-11-11 12:10,58359,58354,58429,58315,92191
2025-11-11 12:15,58295,58349,58429,58260,148319
2025-11-11 12:20,58305,58290,58354,58215,69585
2025-11-11 12:25,58255,58315,58394,58255,116596
2025-11-11 12:30,58265,58250,58310,58225,92572
2025-11-11 12:35,58235,58270,58310,58210,99411
2025-11-11 12:40,58280,58245,58325,58220,168932
2025-11-11 12:45,58195,58280,58305,58190,146749
2025-11-11 12:50,58150,58195,58205,58086,317818
2025-11-11 12:55,58349,58160,58349,58146,152514
2025-11-11 13:00,58374,58349,58528,58334,198035
2025-11-11 13:05,58255,58369,58449,58245,113315
2025-11-11 13:10,58230,58255,58354,58215,74262
2025-11-11 13:15,58066,58240,58245,58066,109553
2025-11-11 13:20,58051,58076,58160,58016,93361
2025-11-11 13:25,58001,58051,58116,57991,81483
2025-11-11 13:30,57971,58003,58046,57932,114986
2025-11-11 13:35,57986,57976,58026,57912,161046
2025-11-11 13:40,57962,58006,58011,57862,122309
2025-11-11 13:45,57971,57952,58041,57937,138254
2025-11-11 13:50,57827,57971,58006,57827,127211
2025-11-11 13:55,57837,57832,57897,57763,112182
2025-11-11 14:00,57703,57827,57837,57633,153804
2025-11-11 14:05,57733,57693,57817,57668,170027
2025-11-11 14:10,57579,57723,57758,57539,109440
2025-11-11 14:15,57608,57589,57658,57489,87243
2025-11-11 14:20,57524,57599,57599,57449,107759
2025-11-11 14:25,57544,57519,57554,57345,181402
2025-11-11 14:30,57628,57544,57698,57464,184940
2025-11-11 14:35,57424,57628,57673,57424,131735
2025-11-11 14:40,57733,57439,57733,57439,160629
2025-11-11 14:45,57688,57723,57748,57623,149528
2025-11-11 14:50,57743,57698,57867,57584,212639
2025-11-11 14:55,57603,57733,57758,57559,109880
2025-11-11 15:00,57653,57608,57693,57584,118062
2025-11-11 15:05,57683,57658,57743,57648,89543
2025-11-11 15:10,57787,57693,57797,57673,128462
2025-11-11 15:15,57797,57787,57857,57703,221910
2025-11-11 15:20,57862,57792,57872,57778,123735
2025-11-12 9:00,57579,57827,57827,57569,101037
2025-11-12 9:05,57797,57584,58165,57554,703815
2025-11-12 9:10,57887,57802,58031,57708,324763
2025-11-12 9:15,57718,57872,57927,57683,174912
2025-11-12 9:20,57594,57718,57783,57569,166436
2025-11-12 9:25,57802,57584,57807,57534,149500
2025-11-12 9:30,57927,57802,57932,57713,151158
2025-11-12 9:35,57882,57927,58001,57822,159309
2025-11-12 9:40,58006,57877,58066,57837,180270
2025-11-12 9:45,58131,58006,58205,57996,156170
2025-11-12 9:50,58071,58131,58180,58001,139233
2025-11-12 9:55,57996,58071,58141,57942,86889
2025-11-12 10:00,57907,57981,58006,57882,67937
2025-11-12 10:05,58096,57917,58116,57872,94766
2025-11-12 10:10,58051,58093,58260,58041,190403
2025-11-12 10:15,58126,58051,58146,57981,113967
2025-11-12 10:20,58240,58131,58275,58101,99139
2025-11-12 10:25,58036,58240,58250,58031,108190
2025-11-12 10:30,58086,58036,58121,58011,76132
2025-11-12 10:35,58071,58086,58141,58006,68172
2025-11-12 10:40,58195,58071,58205,57991,87001
2025-11-12 10:45,58175,58190,58205,58106,72445
2025-11-12 10:50,58195,58175,58245,58160,118582
2025-11-12 10:55,58414,58195,58414,58195,268120
2025-11-12 11:00,58369,58414,58474,58325,198635
2025-11-12 11:05,58379,58369,58384,58265,108752
2025-11-12 11:10,58494,58379,58499,58379,159611
2025-11-12 11:15,58523,58494,58558,58464,167055
2025-11-12 11:20,58538,58528,58563,58479,176652
2025-11-12 11:25,58528,58538,58628,58523,112420
2025-11-12 11:30,58509,58533,58598,58504,96961
2025-11-12 11:35,58523,58513,58568,58449,155558
2025-11-12 11:40,58489,58528,58548,58454,62945
2025-11-12 11:45,58374,58489,58504,58359,84439
2025-11-12 11:50,58270,58369,58374,58250,96321
2025-11-12 11:55,58369,58265,58374,58255,83680
2025-11-12 12:00,58270,58364,58364,58220,85776
2025-11-12 12:05,58300,58270,58325,58210,84596
2025-11-12 12:10,58315,58305,58374,58220,138025
2025-11-12 12:15,58364,58315,58369,58270,50094
2025-11-12 12:20,58414,58369,58419,58339,57671
2025-11-12 12:25,58394,58409,58454,58389,59976
2025-11-12 12:30,58287,58399,58419,58280,39620
2025-11-12 12:35,58364,58290,58374,58280,72034
2025-11-12 12:40,58399,58369,58434,58349,47339
2025-11-12 12:45,58464,58399,58469,58364,61249
2025-11-12 12:50,58439,58459,58489,58404,80286
2025-11-12 12:55,58523,58439,58523,58419,84012
2025-11-12 13:00,58474,58513,58523,58469,70929
2025-11-12 13:05,58344,58469,58494,58334,51498
2025-11-12 13:10,58359,58339,58409,58305,45264
2025-11-12 13:15,58320,58354,58434,58310,91047
2025-11-12 13:20,58344,58320,58364,58285,127914
2025-11-12 13:25,58290,58349,58369,58270,72870
2025-11-12 13:30,58364,58295,58369,58275,52041
2025-11-12 13:35,58404,58364,58404,58280,129465
2025-11-12 13:40,58325,58404,58409,58290,36917
2025-11-12 13:45,58320,58320,58369,58310,64257
2025-11-12 13:50,58315,58329,58374,58305,83139
2025-11-12 13:55,58265,58315,58339,58260,51993
2025-11-12 14:00,58374,58265,58414,58247,152385
2025-11-12 14:05,58414,58364,58449,58320,180027
2025-11-12 14:10,58409,58414,58469,58404,143249
2025-11-12 14:15,58404,58414,58454,58399,58288
2025-11-12 14:20,58449,58404,58469,58394,34554
2025-11-12 14:25,58515,58439,58553,58429,140595
2025-11-12 14:30,58499,58513,58543,58494,97983
2025-11-12 14:35,58459,58499,58523,58449,44191
2025-11-12 14:40,58444,58464,58479,58409,145873
2025-11-12 14:45,58513,58444,58528,58424,138819
2025-11-12 14:50,58484,58509,58533,58484,82966
2025-11-12 14:55,58489,58489,58499,58459,50109
2025-11-12 15:00,58479,58494,58494,58434,48479
2025-11-12 15:05,58509,58479,58509,58459,150222
2025-11-12 15:10,58474,58513,58538,58464,145089
2025-11-12 15:15,58459,58469,58499,58454,263544
2025-11-12 15:20,58469,58454,58484,58449,57966
2025-11-14 9:00,56882,57002,57007,56808,226947
2025-11-14 9:05,57255,56873,57300,56835,863179
2025-11-14 9:10,57086,57260,57260,56932,431250
2025-11-14 9:15,57181,57081,57201,57056,283191
2025-11-14 9:20,57221,57183,57385,57146,418781
2025-11-14 9:25,57260,57226,57320,57136,215556
2025-11-14 9:30,57156,57270,57275,57116,184576
2025-11-14 9:35,56972,57156,57156,56957,335226
2025-11-14 9:40,57037,56967,57131,56957,174452
2025-11-14 9:45,57151,57027,57151,56947,288319
2025-11-14 9:50,57161,57146,57226,57042,144120
2025-11-14 9:55,57052,57161,57161,56977,217535
2025-11-14 10:00,56987,57056,57111,56907,287904
2025-11-14 10:05,57037,56987,57111,56952,218660
2025-11-14 10:10,56947,57037,57061,56922,165103
2025-11-14 10:15,56882,56947,57012,56873,247467
2025-11-14 10:20,57196,56882,57226,56853,323715
2025-11-14 10:25,57066,57191,57196,57002,164139
2025-11-14 10:30,57216,57061,57221,57012,210054
2025-11-14 10:35,57245,57216,57300,57191,225136
2025-11-14 10:40,57096,57245,57280,57096,132489
2025-11-14 10:45,57002,57096,57106,56987,229753
2025-11-14 10:50,56987,57002,57037,56902,200962
2025-11-14 10:55,57052,56992,57081,56977,88816
2025-11-14 11:00,57146,57042,57146,56992,148866
2025-11-14 11:05,57022,57141,57146,56967,150358
2025-11-14 11:10,57017,57032,57032,56957,58624
2025-11-14 11:15,57027,57019,57086,56992,136678
2025-11-14 11:20,56962,57022,57047,56957,167067
2025-11-14 11:25,56967,56967,56997,56927,68402
2025-11-14 11:30,56937,56972,57002,56932,79850
2025-11-14 11:35,56967,56932,56982,56882,177622
2025-11-14 11:40,56972,56967,56977,56912,92983
2025-11-14 11:45,56957,56972,57007,56927,103490
2025-11-14 11:50,56987,56957,56987,56912,65524
2025-11-14 11:55,57047,56992,57066,56977,126065
2025-11-14 12:00,57096,57052,57121,57007,80722
2025-11-14 12:05,57042,57101,57131,56977,92504
2025-11-14 12:10,57101,57037,57161,57027,84093
2025-11-14 12:15,57166,57096,57166,57081,74578
2025-11-14 12:20,57171,57156,57216,57136,123582
2025-11-14 12:25,57221,57176,57245,57176,87783
2025-11-14 12:30,57211,57216,57221,57166,79289
2025-11-14 12:35,57116,57206,57226,57091,127080
2025-11-14 12:40,57052,57116,57116,57027,72632
2025-11-14 12:45,57049,57047,57076,57037,39404
2025-11-14 12:50,57081,57052,57136,57037,61487
2025-11-14 12:55,57037,57086,57106,56992,101690
2025-11-14 13:00,57061,57037,57091,57022,43967
2025-11-14 13:05,56947,57061,57066,56927,149215
2025-11-14 13:10,56863,56947,56992,56863,161034
2025-11-14 13:15,56868,56873,56962,56868,96606
2025-11-14 13:20,56813,56873,56877,56813,117571
2025-11-14 13:25,56669,56818,56818,56664,349408
2025-11-14 13:30,56639,56669,56743,56624,205975
2025-11-14 13:35,56619,56639,56689,56599,146677
2025-11-14 13:40,56529,56614,56644,56529,157058
2025-11-14 13:45,56594,56539,56599,56509,138220
2025-11-14 13:50,56554,56594,56624,56519,93100
2025-11-14 13:55,56579,56554,56584,56509,95498
2025-11-14 14:00,56490,56579,56579,56480,186421
2025-11-14 14:05,56495,56490,56574,56485,119425
2025-11-14 14:10,56420,56495,56514,56410,194134
2025-11-14 14:15,56326,56420,56430,56326,259268
2025-11-14 14:20,56490,56326,56514,56311,179083
2025-11-14 14:25,56539,56490,56539,56410,165282
2025-11-14 14:30,56365,56529,56529,56350,163331
2025-11-14 14:35,56301,56365,56375,56286,206443
2025-11-14 14:40,56470,56291,56475,56286,144150
2025-11-14 14:45,56425,56470,56480,56350,240648
2025-11-14 14:50,56400,56420,56440,56370,126352
2025-11-14 14:55,56375,56400,56430,56360,98096
2025-11-14 15:00,56390,56375,56455,56355,114901
2025-11-14 15:05,56380,56390,56440,56311,178756
2025-11-14 15:10,56345,56375,56385,56330,124973
2025-11-14 15:15,56316,56345,56350,56271,244276
2025-11-14 15:20,56296,56316,56330,56291,242389
2025-11-17 9:00,57231,57086,57250,57081,496762
2025-11-17 9:05,57325,57226,57375,57047,637422
2025-11-17 9:10,57056,57330,57335,57022,214539
2025-11-17 9:15,56833,57052,57206,56828,220478
2025-11-17 9:20,57017,56838,57027,56763,224293
2025-11-17 9:25,56922,57017,57017,56793,345347
2025-11-17 9:30,57186,56922,57186,56917,256415
2025-11-17 9:35,57101,57186,57211,57081,120668
2025-11-17 9:40,57226,57101,57231,57047,157535
2025-11-17 9:45,57052,57226,57255,57032,133653
2025-11-17 9:50,57052,57052,57131,57002,113805
2025-11-17 9:55,57191,57052,57211,56987,106700
2025-11-17 10:00,57081,57201,57206,57032,86643
2025-11-17 10:05,56927,57071,57081,56858,128361
2025-11-17 10:10,57071,56917,57086,56887,112786
2025-11-17 10:15,57196,57071,57211,57056,111343
2025-11-17 10:20,57315,57196,57330,57176,205677
2025-11-17 10:25,57295,57320,57365,57236,117111
2025-11-17 10:30,57285,57300,57320,57206,100329
2025-11-17 10:35,57201,57285,57305,57196,87973
2025-11-17 10:40,57305,57201,57310,57186,80766
2025-11-17 10:45,57310,57305,57350,57260,136346
2025-11-17 10:50,57345,57310,57360,57280,57964
2025-11-17 10:55,57211,57340,57345,57206,85033
2025-11-17 11:00,57211,57206,57310,57176,107384
2025-11-17 11:05,57191,57206,57231,57081,73962
2025-11-17 11:10,57265,57191,57265,57161,114861
2025-11-17 11:15,57390,57270,57395,57270,202326
2025-11-17 11:20,57350,57390,57424,57345,93377
2025-11-17 11:25,57250,57355,57355,57236,61322
2025-11-17 11:30,57196,57240,57255,57126,172311
2025-11-17 11:35,57166,57201,57240,57166,65267
2025-11-17 11:40,57141,57161,57181,57116,59154
2025-11-17 11:45,57201,57146,57221,57103,56811
2025-11-17 11:50,57240,57211,57245,57176,44423
2025-11-17 11:55,57221,57245,57260,57191,36765
2025-11-17 12:00,57221,57221,57226,57141,36262
2025-11-17 12:05,57310,57221,57335,57221,125940
2025-11-17 12:10,57260,57305,57320,57250,68700
2025-11-17 12:15,57255,57262,57280,57216,26827
2025-11-17 12:20,57176,57255,57275,57146,160099
2025-11-17 12:25,57106,57176,57196,57096,73284
2025-11-17 12:30,57012,57101,57111,57002,99736
2025-11-17 12:35,57078,57007,57078,56967,73945
2025-11-17 12:40,57056,57081,57081,57012,39343
2025-11-17 12:45,57066,57061,57126,57042,82560
2025-11-17 12:50,57126,57066,57141,57047,32458
2025-11-17 12:55,57171,57126,57203,57116,100245
2025-11-17 13:00,57236,57176,57255,57166,74536
2025-11-17 13:05,57305,57236,57320,57216,106484
2025-11-17 13:10,57275,57305,57335,57245,141106
2025-11-17 13:15,57290,57275,57315,57265,96358
2025-11-17 13:20,57330,57295,57330,57265,56895
2025-11-17 13:25,57290,57325,57335,57265,35935
2025-11-17 13:30,57295,57285,57335,57285,113285
2025-11-17 13:35,57280,57290,57300,57255,44719
2025-11-17 13:40,57295,57275,57310,57250,36043
2025-11-17 13:45,57395,57290,57395,57290,235024
2025-11-17 13:50,57400,57395,57410,57355,79388
2025-11-17 13:55,57424,57400,57449,57400,98262
2025-11-17 14:00,57360,57419,57449,57335,81066
2025-11-17 14:05,57479,57360,57479,57345,97481
2025-11-17 14:10,57385,57474,57479,57355,84105
2025-11-17 14:15,57415,57385,57434,57335,53488
2025-11-17 14:20,57400,57429,57429,57375,39948
2025-11-17 14:25,57395,57400,57429,57375,109404
2025-11-17 14:30,57434,57395,57474,57385,99026
2025-11-17 14:35,57410,57444,57464,57405,76569
2025-11-17 14:40,57375,57410,57424,57350,67408
2025-11-17 14:45,57375,57370,57410,57365,51778
2025-11-17 14:50,57385,57375,57410,57365,44197
2025-11-17 14:55,57330,57385,57390,57295,67903
2025-11-17 15:00,57370,57320,57370,57305,47403
2025-11-17 15:05,57375,57370,57380,57315,47605
2025-11-17 15:10,57360,57380,57410,57340,76055
2025-11-17 15:15,57340,57355,57380,57330,127571
2025-11-17 15:20,57380,57330,57390,57320,91225
2025-11-18 9:00,56748,56669,56778,56669,118372
2025-11-18 9:05,57076,56738,57106,56738,372036
2025-11-18 9:10,57116,57081,57161,56927,192308
2025-11-18 9:15,57032,57116,57176,57017,139641
2025-11-18 9:20,56813,57037,57096,56783,240598
2025-11-18 9:25,56768,56813,56932,56758,127450
2025-11-18 9:30,56659,56763,56763,56564,196509
2025-11-18 9:35,56345,56659,56659,56301,170470
2025-11-18 9:40,56440,56345,56505,56321,129138
2025-11-18 9:45,56251,56440,56455,56226,156686
2025-11-18 9:50,56276,56261,56425,56221,160305
2025-11-18 9:55,56425,56276,56460,56251,132496
2025-11-18 10:00,56291,56415,56509,56236,208148
2025-11-18 10:05,56306,56296,56415,56137,365164
2025-11-18 10:10,56435,56306,56450,56301,147632
2025-11-18 10:15,56549,56440,56584,56340,248174
2025-11-18 10:20,56674,56544,56718,56544,143220
2025-11-18 10:25,56559,56679,56703,56529,142879
2025-11-18 10:30,56465,56554,56569,56435,91297
2025-11-18 10:35,56519,56455,56549,56405,75413
2025-11-18 10:40,56500,56514,56549,56425,89737
2025-11-18 10:45,56554,56505,56609,56465,80152
2025-11-18 10:50,56430,56549,56639,56430,105891
2025-11-18 10:55,56425,56425,56450,56365,89842
2025-11-18 11:00,56256,56425,56425,56251,139718
2025-11-18 11:05,56176,56266,56301,56156,118799
2025-11-18 11:10,56286,56171,56296,56151,90614
2025-11-18 11:15,56221,56281,56291,56191,85813
2025-11-18 11:20,56253,56216,56258,56107,133072
2025-11-18 11:25,56286,56251,56335,56246,64875
2025-11-18 11:30,56330,56283,56345,56261,62614
2025-11-18 11:35,56261,56326,56326,56231,84772
2025-11-18 11:40,56211,56271,56291,56161,78473
2025-11-18 11:45,56256,56206,56256,56176,61842
2025-11-18 11:50,56316,56251,56326,56226,75823
2025-11-18 11:55,56271,56316,56370,56251,68410
2025-11-18 12:00,56112,56261,56261,56097,132926
2025-11-18 12:05,56072,56112,56127,56052,112959
2025-11-18 12:10,56057,56072,56087,56007,127636
2025-11-18 12:15,56037,56057,56057,55987,114515
2025-11-18 12:20,56027,56037,56077,55997,71213
2025-11-18 12:25,56002,56027,56052,55967,95340
2025-11-18 12:30,55958,56002,56042,55958,67721
2025-11-18 12:35,55913,55967,55967,55873,172878
2025-11-18 12:40,55878,55913,55923,55865,77541
2025-11-18 12:45,55898,55873,55913,55863,77297
2025-11-18 12:50,55818,55903,55908,55808,118480
2025-11-18 12:55,55828,55818,55873,55783,100284
2025-11-18 13:00,55798,55828,55888,55793,94240
2025-11-18 13:05,55709,55798,55798,55664,323922
2025-11-18 13:10,55634,55704,55714,55609,87200
2025-11-18 13:15,55629,55634,55649,55580,158168
2025-11-18 13:20,55445,55629,55639,55430,193337
2025-11-18 13:25,55495,55445,55525,55425,132221
2025-11-18 13:30,55525,55500,55530,55455,141102
2025-11-18 13:35,55550,55535,55649,55505,203887
2025-11-18 13:40,55535,55560,55585,55465,151945
2025-11-18 13:45,55545,55535,55609,55500,175015
2025-11-18 13:50,55515,55545,55560,55480,110639
2025-11-18 13:55,55649,55510,55654,55480,187746
2025-11-18 14:00,55550,55654,55659,55525,97455
2025-11-18 14:05,55505,55545,55545,55455,125471
2025-11-18 14:10,55679,55505,55684,55490,195089
2025-11-18 14:15,55560,55679,55719,55545,259838
2025-11-18 14:20,55614,55555,55684,55550,146667
2025-11-18 14:25,55644,55614,55664,55595,175967
2025-11-18 14:30,55545,55644,55654,55520,128788
2025-11-18 14:35,55595,55550,55634,55530,107636
2025-11-18 14:40,55575,55595,55619,55560,139464
2025-11-18 14:45,55649,55575,55654,55560,150188
2025-11-18 14:50,55639,55644,55659,55565,88672
2025-11-18 14:55,55535,55639,55654,55520,161302
2025-11-18 15:00,55555,55535,55575,55505,70852
2025-11-18 15:05,55565,55555,55604,55535,100075
2025-11-18 15:10,55550,55565,55570,55520,144811
2025-11-18 15:15,55520,55555,55560,55490,167018
2025-11-18 15:20,55570,55520,55575,55515,315685
2025-11-19 9:00,55535,55619,55651,55470,260160
2025-11-19 9:05,55122,55535,55619,55038,791720
2025-11-19 9:10,54844,55112,55167,54665,611205
2025-11-19 9:15,54821,54839,55167,54774,427495
2025-11-19 9:20,54565,54814,54834,54451,375116
2025-11-19 9:25,54515,54565,54660,54446,278055
2025-11-19 9:30,54237,54520,54570,54227,355519
2025-11-19 9:35,54197,54232,54386,54182,412167
2025-11-19 9:40,54381,54187,54471,54033,434991
2025-11-19 9:45,54764,54391,54809,54376,381657
2025-11-19 9:50,54759,54754,54898,54625,368452
2025-11-19 9:55,55062,54769,55069,54744,275931
2025-11-19 10:00,54923,55053,55087,54799,271223
2025-11-19 10:05,54814,54928,55038,54809,229619
2025-11-19 10:10,54804,54829,54873,54675,206805
2025-11-19 10:15,55087,54794,55092,54739,275944
2025-11-19 10:20,55341,55087,55341,55062,510547
2025-11-19 10:25,55232,55336,55396,55147,258951
2025-11-19 10:30,54948,55232,55251,54938,82130
2025-11-19 10:35,55137,54948,55187,54943,136534
2025-11-19 10:40,55172,55137,55261,55023,192661
2025-11-19 10:45,55316,55172,55326,55067,123651
2025-11-19 10:50,55351,55316,55386,55266,155501
2025-11-19 10:55,55232,55356,55391,55197,235478
2025-11-19 11:00,55510,55227,55525,55157,313707
2025-11-19 11:05,55590,55515,55619,55465,317350
2025-11-19 11:10,55485,55595,55604,55425,117422
2025-11-19 11:15,55490,55480,55550,55435,177333
2025-11-19 11:20,55371,55500,55604,55336,369288
2025-11-19 11:25,55356,55386,55401,55227,165199
2025-11-19 11:30,55430,55351,55450,55301,223828
2025-11-19 11:35,55545,55440,55580,55420,246549
2025-11-19 11:40,55480,55545,55560,55470,120828
2025-11-19 11:45,55401,55475,55500,55361,72174
2025-11-19 11:50,55386,55411,55465,55351,57824
2025-11-19 11:55,55440,55391,55445,55336,73814
2025-11-19 12:00,55465,55445,55535,55406,105675
2025-11-19 12:05,55535,55475,55575,55366,156616
2025-11-19 12:10,55475,55530,55545,55435,88138
2025-11-19 12:15,55391,55470,55495,55391,63046
2025-11-19 12:20,55271,55396,55406,55217,129516
2025-11-19 12:25,55281,55271,55316,55212,169192
2025-11-19 12:30,55192,55286,55296,55182,89358
2025-11-19 12:35,55102,55187,55197,55097,141354
2025-11-19 12:40,55119,55104,55152,55074,47468
2025-11-19 12:45,55177,55122,55271,55087,84723
2025-11-19 12:50,54978,55182,55192,54978,146214
2025-11-19 12:55,54948,54978,55003,54893,136865
2025-11-19 13:00,54923,54958,55018,54918,82756
2025-11-19 13:05,55013,54928,55028,54888,83118
2025-11-19 13:10,55132,55013,55152,54978,74178
2025-11-19 13:15,55177,55117,55177,55008,133836
2025-11-19 13:20,55122,55167,55207,55082,233519
2025-11-19 13:25,55097,55132,55192,55097,113484
2025-11-19 13:30,55172,55097,55301,55092,363401
2025-11-19 13:35,54998,55182,55241,54993,130772
2025-11-19 13:40,55057,54998,55082,54983,50223
2025-11-19 13:45,54988,55062,55092,54963,63979
2025-11-19 13:50,55033,54983,55038,54968,51573
2025-11-19 13:55,55048,55038,55192,55038,84044
2025-11-19 14:00,55057,55057,55072,54988,75629
2025-11-19 14:05,55112,55062,55172,55062,199168
2025-11-19 14:10,55167,55117,55202,55102,256396
2025-11-19 14:15,55134,55162,55172,55107,57357
2025-11-19 14:20,55137,55132,55172,55087,117513
2025-11-19 14:25,55053,55142,55236,55038,291425
2025-11-19 14:30,54978,55053,55053,54948,164061
2025-11-19 14:35,55033,54978,55038,54963,99830
2025-11-19 14:40,54869,55033,55038,54844,186278
2025-11-19 14:45,54804,54873,54908,54779,90096
2025-11-19 14:50,54998,54804,54998,54764,170519
2025-11-19 14:55,55048,54983,55072,54948,262712
2025-11-19 15:00,55023,55048,55057,54943,72039
2025-11-19 15:05,54963,55023,55062,54903,66207
2025-11-19 15:10,54923,54958,54963,54888,104647
2025-11-19 15:15,55092,54923,55097,54908,218888
2025-11-19 15:20,55117,55087,55157,55067,120166
2025-11-20 9:00,56768,56718,56788,56713,398799
2025-11-20 9:05,56703,56768,56902,56659,756254
2025-11-20 9:10,56470,56684,56728,56445,350029
2025-11-20 9:15,56689,56470,56689,56360,339366
2025-11-20 9:20,56882,56689,56887,56654,369551
2025-11-20 9:25,56798,56887,57002,56793,502004
2025-11-20 9:30,56843,56793,56887,56713,317989
2025-11-20 9:35,56818,56843,56858,56733,191691
2025-11-20 9:40,56649,56818,56858,56589,170668
2025-11-20 9:45,56793,56651,56813,56639,180148
2025-11-20 9:50,56589,56788,56788,56584,186369
2025-11-20 9:55,56490,56589,56624,56470,107423
2025-11-20 10:00,56271,56490,56509,56191,254457
2025-11-20 10:05,56395,56271,56440,56211,216816
2025-11-20 10:10,56430,56385,56539,56385,156847
2025-11-20 10:15,56529,56430,56529,56400,96118
2025-11-20 10:20,56519,56524,56554,56470,107070
2025-11-20 10:25,56564,56519,56639,56509,144331
2025-11-20 10:30,56684,56564,56708,56564,119241
2025-11-20 10:35,56669,56689,56708,56619,76683
2025-11-20 10:40,56669,56664,56723,56654,176095
2025-11-20 10:45,56773,56669,56793,56644,183546
2025-11-20 10:50,56818,56773,56828,56753,224442
2025-11-20 10:55,56713,56818,56823,56708,78733
2025-11-20 11:00,56788,56718,56808,56693,243298
2025-11-20 11:05,56818,56798,56838,56793,242472
2025-11-20 11:10,56793,56823,56863,56753,215495
2025-11-20 11:15,56798,56793,56808,56758,55699
2025-11-20 11:20,56758,56803,56813,56748,60757
2025-11-20 11:25,56703,56748,56763,56698,186266
2025-11-20 11:30,56733,56703,56738,56679,57091
2025-11-20 11:35,56877,56733,56882,56728,231586
2025-11-20 11:40,56962,56873,56962,56873,291458
2025-11-20 11:45,56977,56962,56977,56907,88135
2025-11-20 11:50,57017,56972,57047,56942,387101
2025-11-20 11:55,57002,57012,57037,56977,85986
2025-11-20 12:00,57007,57002,57027,56937,255213
2025-11-20 12:05,57037,57007,57056,56962,248140
2025-11-20 12:10,57052,57037,57101,57027,288602
2025-11-20 12:15,57047,57052,57086,57027,113978
2025-11-20 12:20,57081,57037,57111,57037,186005
2025-11-20 12:25,57131,57086,57151,57086,104858
2025-11-20 12:30,57116,57131,57161,57096,120300
2025-11-20 12:35,57141,57121,57176,57081,174923
2025-11-20 12:40,57056,57146,57161,57052,57395
2025-11-20 12:45,57037,57052,57086,57037,66941
2025-11-20 12:50,57091,57042,57091,56992,182308
2025-11-20 12:55,57056,57088,57121,57042,71801
2025-11-20 13:00,57086,57052,57086,57007,83508
2025-11-20 13:05,56997,57091,57091,56987,165195
2025-11-20 13:10,57027,56997,57037,56952,130677
2025-11-20 13:15,56957,57032,57047,56942,111931
2025-11-20 13:20,56937,56952,56962,56927,79321
2025-11-20 13:25,56987,56937,56997,56897,148393
2025-11-20 13:30,56937,56987,56997,56879,82479
2025-11-20 13:35,56962,56937,56987,56922,51382
2025-11-20 13:40,57027,56957,57032,56947,85050
2025-11-20 13:45,57002,57027,57032,56977,33499
2025-11-20 13:50,56967,57007,57027,56947,53771
2025-11-20 13:55,56972,56964,56992,56947,97419
2025-11-20 14:00,56997,56977,57022,56947,120698
2025-11-20 14:05,56992,57002,57027,56952,160256
2025-11-20 14:10,56828,56992,57017,56828,129348
2025-11-20 14:15,56778,56838,56863,56740,282855
2025-11-20 14:20,56838,56778,56863,56753,161086
2025-11-20 14:25,56853,56843,56892,56843,179325
2025-11-20 14:30,56679,56853,56853,56674,284700
2025-11-20 14:35,56604,56684,56708,56594,194005
2025-11-20 14:40,56629,56604,56654,56559,257387
2025-11-20 14:45,56614,56634,56639,56564,142979
2025-11-20 14:50,56604,56619,56664,56549,135591
2025-11-20 14:55,56574,56604,56609,56534,91451
2025-11-20 15:00,56589,56579,56624,56539,64956
2025-11-20 15:05,56455,56584,56609,56455,129809
2025-11-20 15:10,56505,56460,56514,56420,142843
2025-11-20 15:15,56430,56505,56529,56425,126560
2025-11-20 15:20,56410,56425,56435,56370,163461
2025-11-21 9:00,53844,53889,54093,53779,571744
2025-11-21 9:05,53849,53849,54162,53677,1468387
2025-11-21 9:10,53894,53854,53983,53715,979673
2025-11-21 9:15,54073,53904,54192,53859,484641
2025-11-21 9:20,54254,54073,54346,54073,360898
2025-11-21 9:25,54227,54247,54292,54083,332649
2025-11-21 9:30,54182,54232,54282,54068,258830
2025-11-21 9:35,54118,54177,54247,54003,264794
2025-11-21 9:40,53949,54118,54147,53939,272963
2025-11-21 9:45,53914,53949,53983,53881,275687
2025-11-21 9:50,54103,53914,54118,53869,231651
2025-11-21 9:55,54247,54103,54267,54078,169205
2025-11-21 10:00,54197,54252,54262,54053,151920
2025-11-21 10:05,54197,54192,54267,54093,149146
2025-11-21 10:10,54152,54207,54242,54143,96217
2025-11-21 10:15,54103,54157,54202,54008,142277
2025-11-21 10:20,54128,54103,54202,54053,218903
2025-11-21 10:25,54257,54123,54267,54063,185080
2025-11-21 10:30,54277,54257,54322,54237,129147
2025-11-21 10:35,54063,54277,54297,54058,141521
2025-11-21 10:40,54053,54063,54078,54003,105919
2025-11-21 10:45,54267,54053,54272,54043,127760
2025-11-21 10:50,54202,54267,54282,54172,156964
2025-11-21 10:55,54159,54202,54222,54103,136742
2025-11-21 11:00,54078,54159,54177,54078,75713
2025-11-21 11:05,54033,54083,54093,54023,108410
2025-11-21 11:10,53963,54038,54048,53934,119151
2025-11-21 11:15,53978,53963,53978,53894,109250
2025-11-21 11:20,53944,53968,54003,53929,73058
2025-11-21 11:25,53978,53934,54028,53889,157561
2025-11-21 11:30,53939,53978,53988,53904,254850
2025-11-21 11:35,54018,53939,54018,53929,206402
2025-11-21 11:40,53968,54015,54018,53904,100094
2025-11-21 11:45,53894,53968,53968,53894,68299
2025-11-21 11:50,53899,53899,53914,53874,151604
2025-11-21 11:55,53854,53899,53904,53834,112282
2025-11-21 12:00,53799,53854,53864,53779,139562
2025-11-21 12:05,53762,53809,53809,53755,74585
2025-11-21 12:10,53799,53765,53819,53755,125890
2025-11-21 12:15,53799,53799,53834,53775,65714
2025-11-21 12:20,53814,53799,53869,53750,107634
2025-11-21 12:25,53779,53814,53869,53775,90457
2025-11-21 12:30,53849,53784,53854,53775,72737
2025-11-21 12:35,53889,53849,53904,53760,148272
2025-11-21 12:40,53963,53894,53998,53859,175841
2025-11-21 12:45,54033,53965,54078,53959,164510
2025-11-21 12:50,53988,54033,54058,53959,136675
2025-11-21 12:55,53894,53983,53998,53884,114576
2025-11-21 13:00,53954,53894,53959,53889,76958
2025-11-21 13:05,53829,53949,53954,53824,121354
2025-11-21 13:10,53819,53824,53839,53765,111087
2025-11-21 13:15,53799,53824,53864,53784,91437
2025-11-21 13:20,53770,53799,53814,53755,133393
2025-11-21 13:25,53760,53775,53789,53705,306803
2025-11-21 13:30,53745,53765,53809,53735,294148
2025-11-21 13:35,53715,53745,53770,53715,130324
2025-11-21 13:40,53675,53725,53745,53665,243008
2025-11-21 13:45,53700,53670,53745,53665,114505
2025-11-21 13:50,53655,53695,53700,53640,95309
2025-11-21 13:55,53770,53650,53799,53630,217936
2025-11-21 14:00,53949,53775,53959,53775,285826
2025-11-21 14:05,53874,53944,53993,53859,234378
2025-11-21 14:10,53909,53866,53939,53844,147909
2025-11-21 14:15,53949,53914,53993,53904,106107
2025-11-21 14:20,53949,53949,54033,53944,156724
2025-11-21 14:25,53968,53954,54008,53944,88972
2025-11-21 14:30,53973,53968,54008,53904,96489
2025-11-21 14:35,53959,53968,54018,53934,140076
2025-11-21 14:40,53949,53959,53963,53909,59903
2025-11-21 14:45,53949,53944,53968,53924,77260
2025-11-21 14:50,53949,53949,53973,53874,155368
2025-11-21 14:55,53944,53949,53973,53924,232892
2025-11-21 15:00,53959,53944,54003,53939,300157
2025-11-21 15:05,53973,53963,53983,53904,104591
2025-11-21 15:10,53924,53973,54003,53924,99600
2025-11-21 15:15,53944,53934,53954,53894,168258
2025-11-21 15:20,53929,53944,53959,53909,138395
2025-11-24 9:00,54859,54898,54903,54754,188985
2025-11-24 9:05,54401,54854,54859,54386,431141
2025-11-24 9:10,54272,54401,54501,54192,263860
2025-11-24 9:15,54501,54277,54615,54277,350161
2025-11-24 9:20,54272,54506,54506,54227,165464
2025-11-24 9:25,54242,54272,54346,54197,141771
2025-11-24 9:30,54192,54252,54461,54152,259557
2025-11-24 9:35,54406,54192,54411,54167,221196
2025-11-24 9:40,54535,54411,54545,54346,181255
2025-11-24 9:45,54635,54545,54665,54515,288649
2025-11-24 9:50,54724,54640,54734,54605,174240
2025-11-24 9:55,54789,54724,54804,54694,202707
2025-11-24 10:00,54729,54789,54859,54665,170259
2025-11-24 10:05,54704,54719,54789,54620,101742
2025-11-24 10:10,54814,54699,54859,54655,160213
2025-11-24 10:15,54849,54804,54898,54784,107986
2025-11-24 10:20,54749,54854,54859,54680,101317
2025-11-24 10:25,54854,54744,54859,54685,73543
2025-11-24 10:30,54864,54844,54893,54794,83734
2025-11-24 10:35,54859,54854,54908,54824,120768
2025-11-24 10:40,54744,54859,54888,54719,108095
2025-11-24 10:45,54615,54749,54754,54540,155106
2025-11-24 10:50,54694,54615,54714,54535,87318
2025-11-24 10:55,54893,54699,54895,54670,169276
2025-11-24 11:00,54814,54893,54918,54814,126373
2025-11-24 11:05,54849,54824,54888,54789,171685
2025-11-24 11:10,54734,54849,54878,54640,197979
2025-11-24 11:15,54769,54734,54774,54650,155144
2025-11-24 11:20,54799,54764,54824,54754,65823
2025-11-24 11:25,54873,54794,54893,54794,109924
2025-11-24 11:30,54898,54869,54918,54829,91419
2025-11-24 11:35,54913,54893,54943,54854,65275
2025-11-24 11:40,54923,54923,54953,54898,48056
2025-11-24 11:45,55028,54923,55033,54918,101853
2025-11-24 11:50,55033,55028,55043,54998,82826
2025-11-24 11:55,55048,55033,55062,55013,48803
2025-11-24 12:00,55023,55043,55053,54973,32060
2025-11-24 12:05,54938,55028,55038,54918,63626
2025-11-24 12:10,54829,54938,54938,54764,98912
2025-11-24 12:15,54625,54829,54829,54620,140491
2025-11-24 12:20,54655,54625,54680,54605,74726
2025-11-24 12:25,54694,54655,54704,54615,64549
2025-11-24 12:30,54655,54694,54694,54635,98749
2025-11-24 12:35,54560,54660,54694,54555,103998
2025-11-24 12:40,54545,54560,54575,54491,189676
2025-11-24 12:45,54615,54540,54630,54525,66896
2025-11-24 12:50,54486,54610,54620,54456,120878
2025-11-24 12:55,54515,54486,54545,54486,31292
2025-11-24 13:00,54491,54515,54570,54471,86315
2025-11-24 13:05,54356,54491,54520,54351,149214
2025-11-24 13:10,54381,54351,54411,54322,121107
2025-11-24 13:15,54232,54386,54386,54212,127662
2025-11-24 13:20,54152,54237,54237,54133,110653
2025-11-24 13:25,54078,54157,54182,54078,99298
2025-11-24 13:30,54197,54078,54197,54053,97770
2025-11-24 13:35,54068,54197,54277,54033,133664
2025-11-24 13:40,54192,54058,54197,54033,150984
2025-11-24 13:45,54147,54192,54202,54118,66830
2025-11-24 13:50,54103,54147,54172,54073,87756
2025-11-24 13:55,54143,54103,54182,54093,103031
2025-11-24 14:00,53854,54143,54143,53834,196983
2025-11-24 14:05,54008,53849,54028,53829,112515
2025-11-24 14:10,54197,53998,54202,53978,115901
2025-11-24 14:15,54192,54202,54252,54187,163949
2025-11-24 14:20,54302,54192,54312,54187,142980
2025-11-24 14:25,54292,54307,54326,54232,143085
2025-11-24 14:30,54307,54287,54322,54257,100517
2025-11-24 14:35,54242,54302,54317,54212,101038
2025-11-24 14:40,54212,54252,54267,54138,122398
2025-11-24 14:45,54232,54207,54267,54174,165670
2025-11-24 14:50,54212,54232,54257,54177,150328
2025-11-24 14:55,54282,54222,54326,54222,151240
2025-11-24 15:00,54143,54277,54287,54143,95757
2025-11-24 15:05,54147,54140,54222,54133,185752
2025-11-24 15:10,54182,54152,54202,54138,90790
2025-11-24 15:15,54078,54182,54197,54053,158365
2025-11-24 15:20,54093,54073,54128,54073,117239
2025-11-25 9:00,55366,55440,55500,55321,399821
2025-11-25 9:05,55346,55356,55614,55251,933737
2025-11-25 9:10,55048,55346,55371,55003,364813
2025-11-25 9:15,54978,55053,55241,54958,367383
2025-11-25 9:20,54993,54973,55048,54893,243989
2025-11-25 9:25,54898,54983,54998,54854,243080
2025-11-25 9:30,54849,54898,54933,54759,186175
2025-11-25 9:35,55015,54849,55028,54769,166532
2025-11-25 9:40,54898,55008,55057,54814,259210
2025-11-25 9:45,54968,54903,55038,54888,231624
2025-11-25 9:50,54968,54963,55057,54913,188103
2025-11-25 9:55,55067,54968,55077,54958,106393
2025-11-25 10:00,55072,55067,55147,55048,173008
2025-11-25 10:05,54849,55062,55062,54849,194942
2025-11-25 10:10,54799,54859,54908,54779,180393
2025-11-25 10:15,54849,54809,54859,54749,168433
2025-11-25 10:20,54854,54849,54859,54685,205287
2025-11-25 10:25,54839,54849,54898,54794,91644
2025-11-25 10:30,54829,54839,54839,54749,68227
2025-11-25 10:35,54824,54829,54869,54749,82426
2025-11-25 10:40,54799,54824,54844,54729,94405
2025-11-25 10:45,54655,54789,54799,54640,102449
2025-11-25 10:50,54625,54655,54665,54590,119948
2025-11-25 10:55,54689,54625,54689,54590,59837
2025-11-25 11:00,54565,54694,54729,54565,195648
2025-11-25 11:05,54625,54565,54685,54560,151330
2025-11-25 11:10,54670,54620,54675,54530,175574
2025-11-25 11:15,54675,54670,54699,54630,102033
2025-11-25 11:20,54675,54670,54779,54660,116986
2025-11-25 11:25,54545,54670,54675,54535,95254
2025-11-25 11:30,54491,54545,54550,54481,149265
2025-11-25 11:35,54650,54491,54655,54476,116795
2025-11-25 11:40,54685,54645,54694,54605,47044
2025-11-25 11:45,54769,54685,54839,54655,234023
2025-11-25 11:50,54685,54769,54784,54660,84491
2025-11-25 11:55,54784,54685,54784,54655,66156
2025-11-25 12:00,54804,54779,54839,54739,114569
2025-11-25 12:05,54839,54804,54854,54784,86835
2025-11-25 12:10,54913,54839,54918,54814,182503
2025-11-25 12:15,54804,54913,54913,54779,127237
2025-11-25 12:20,54774,54799,54809,54749,137513
2025-11-25 12:25,54630,54769,54779,54620,120382
2025-11-25 12:30,54570,54630,54630,54555,138320
2025-11-25 12:35,54441,54565,54575,54406,251702
2025-11-25 12:40,54341,54431,54441,54331,119185
2025-11-25 12:45,54317,54341,54371,54277,145057
2025-11-25 12:50,54227,54312,54312,54207,88237
2025-11-25 12:55,54143,54217,54217,54068,135934
2025-11-25 13:00,53988,54138,54143,53939,149309
2025-11-25 13:05,53993,53993,54063,53978,128209
2025-11-25 13:10,54013,53998,54113,53988,118944
2025-11-25 13:15,54147,54018,54147,54015,108872
2025-11-25 13:20,54088,54147,54212,54068,250295
2025-11-25 13:25,54157,54088,54162,54003,94282
2025-11-25 13:30,54098,54162,54187,54078,89022
2025-11-25 13:35,54222,54093,54237,54073,65384
2025-11-25 13:40,54212,54217,54267,54187,88393
2025-11-25 13:45,54222,54207,54282,54197,58603
2025-11-25 13:50,54252,54222,54262,54217,45772
2025-11-25 13:55,54262,54252,54326,54247,93000
2025-11-25 14:00,54232,54267,54272,54192,111629
2025-11-25 14:05,54222,54232,54307,54202,115506
2025-11-25 14:10,54317,54222,54317,54207,95908
2025-11-25 14:15,54348,54317,54421,54292,143737
2025-11-25 14:20,54376,54351,54396,54317,52838
2025-11-25 14:25,54177,54376,54381,54172,131590
2025-11-25 14:30,54292,54177,54297,54172,86243
2025-11-25 14:35,54386,54292,54386,54262,113132
2025-11-25 14:40,54356,54386,54411,54343,78753
2025-11-25 14:45,54416,54356,54416,54331,83675
2025-11-25 14:50,54386,54411,54436,54361,46126
2025-11-25 14:55,54371,54376,54416,54341,61713
2025-11-25 15:00,54386,54368,54421,54322,61639
2025-11-25 15:05,54431,54386,54471,54371,60961
2025-11-25 15:10,54426,54431,54441,54386,80458
2025-11-25 15:15,54396,54421,54441,54381,94049
2025-11-25 15:20,54336,54396,54396,54317,66336
2025-11-26 9:00,54699,54779,54809,54699,193373
2025-11-26 9:05,54520,54699,54729,54436,401844
2025-11-26 9:10,54605,54530,54605,54421,288702
2025-11-26 9:15,54729,54605,54739,54570,499554
2025-11-26 9:20,54779,54739,54829,54724,227760
2025-11-26 9:25,54799,54779,54864,54749,374835
2025-11-26 9:30,54799,54794,54864,54704,181233
2025-11-26 9:35,54714,54789,54794,54689,137957
2025-11-26 9:40,54739,54719,54749,54610,138931
2025-11-26 9:45,54799,54744,54854,54689,174228
2025-11-26 9:50,54903,54789,54908,54704,455633
2025-11-26 9:55,54769,54903,54968,54769,249338
2025-11-26 10:00,54854,54764,54873,54764,153185
2025-11-26 10:05,54928,54854,54963,54824,134465
2025-11-26 10:10,54978,54918,54993,54880,138280
2025-11-26 10:15,55028,54978,55048,54973,138719
2025-11-26 10:20,55092,55028,55127,55018,392913
2025-11-26 10:25,55152,55092,55187,55087,196659
2025-11-26 10:30,55276,55152,55291,55147,324688
2025-11-26 10:35,55321,55276,55331,55207,196531
2025-11-26 10:40,55356,55321,55371,55301,149135
2025-11-26 10:45,55396,55356,55416,55291,172459
2025-11-26 10:50,55416,55396,55425,55336,80696
2025-11-26 10:55,55391,55416,55455,55376,90363
2025-11-26 11:00,55371,55386,55440,55346,133448
2025-11-26 11:05,55396,55381,55406,55306,158197
2025-11-26 11:10,55391,55396,55406,55331,83480
2025-11-26 11:15,55386,55381,55396,55361,42143
2025-11-26 11:20,55281,55391,55396,55281,88375
2025-11-26 11:25,55341,55281,55341,55261,100803
2025-11-26 11:30,55281,55331,55356,55281,51513
2025-11-26 11:35,55172,55286,55296,55167,82548
2025-11-26 11:40,55286,55167,55291,55162,79740
2025-11-26 11:45,55286,55286,55296,55241,18320
2025-11-26 11:50,55256,55286,55291,55202,30945
2025-11-26 11:55,55316,55256,55341,55251,72872
2025-11-26 12:00,55276,55321,55321,55256,25849
2025-11-26 12:05,55306,55286,55336,55286,36641
2025-11-26 12:10,55351,55301,55371,55301,73265
2025-11-26 12:15,55356,55356,55396,55331,72965
2025-11-26 12:20,55381,55356,55411,55341,54250
2025-11-26 12:25,55381,55386,55386,55346,47306
2025-11-26 12:30,55490,55391,55495,55391,156043
2025-11-26 12:35,55510,55495,55545,55490,63027
2025-11-26 12:40,55490,55505,55540,55490,48408
2025-11-26 12:45,55520,55495,55520,55465,117715
2025-11-26 12:50,55515,55525,55575,55515,177354
2025-11-26 12:55,55470,55525,55535,55470,39690
2025-11-26 13:00,55460,55470,55495,55440,33692
2025-11-26 13:05,55475,55455,55495,55440,43980
2025-11-26 13:10,55420,55475,55480,55411,60855
2025-11-26 13:15,55420,55420,55450,55420,26933
2025-11-26 13:20,55470,55425,55485,55406,58551
2025-11-26 13:25,55430,55465,55490,55396,38232
2025-11-26 13:30,55406,55425,55430,55381,36124
2025-11-26 13:35,55425,55396,55440,55396,65651
2025-11-26 13:40,55411,55420,55440,55411,20799
2025-11-26 13:45,55396,55411,55416,55371,42936
2025-11-26 13:50,55450,55396,55465,55386,57717
2025-11-26 13:55,55450,55445,55480,55440,102699
2025-11-26 14:00,55445,55450,55455,55391,33617
2025-11-26 14:05,55465,55440,55475,55425,67628
2025-11-26 14:10,55570,55465,55575,55460,159090
2025-11-26 14:15,55575,55565,55595,55560,62020
2025-11-26 14:20,55674,55570,55674,55555,161739
2025-11-26 14:25,55676,55679,55709,55669,175585
2025-11-26 14:30,55716,55674,55744,55669,148311
2025-11-26 14:35,55694,55714,55734,55679,86180
2025-11-26 14:40,55704,55699,55714,55649,94148
2025-11-26 14:45,55734,55704,55754,55699,63602
2025-11-26 14:50,55684,55729,55729,55669,75880
2025-11-26 14:55,55704,55684,55734,55674,53227
2025-11-26 15:00,55724,55709,55769,55704,103595
2025-11-26 15:05,55694,55724,55729,55634,127777
2025-11-26 15:10,55714,55694,55714,55669,67709
2025-11-26 15:15,55699,55714,55734,55679,113627
2025-11-26 15:20,55709,55699,55719,55684,92521
2025-11-27 9:00,56345,56281,56360,56271,163608
2025-11-27 9:05,56455,56355,56579,56211,530908
2025-11-27 9:10,56380,56460,56480,56266,280891
2025-11-27 9:15,56609,56375,56609,56340,253417
2025-11-27 9:20,56654,56609,56674,56569,154755
2025-11-27 9:25,56569,56659,56659,56524,196872
2025-11-27 9:30,56753,56574,56753,56539,239984
2025-11-27 9:35,56574,56753,56763,56549,227143
2025-11-27 9:40,56529,56579,56579,56455,150397
2025-11-27 9:45,56534,56534,56594,56500,159054
2025-11-27 9:50,56594,56531,56614,56465,133304
2025-11-27 9:55,56733,56599,56738,56589,141158
2025-11-27 10:00,56748,56738,56778,56713,127153
2025-11-27 10:05,56798,56758,56838,56758,125962
2025-11-27 10:10,56743,56798,56833,56718,125894
2025-11-27 10:15,56773,56733,56808,56728,63183
2025-11-27 10:20,56748,56773,56783,56713,95330
2025-11-27 10:25,56788,56743,56798,56733,61561
2025-11-27 10:30,56723,56788,56798,56708,68158
2025-11-27 10:35,56634,56723,56723,56604,109620
2025-11-27 10:40,56599,56634,56634,56554,69031
2025-11-27 10:45,56589,56594,56659,56574,55538
2025-11-27 10:50,56579,56589,56599,56509,117334
2025-11-27 10:55,56649,56574,56679,56509,110480
2025-11-27 11:00,56549,56649,56649,56544,56169
2025-11-27 11:05,56569,56554,56634,56544,38219
2025-11-27 11:10,56410,56564,56579,56395,230401
2025-11-27 11:15,56490,56405,56495,56380,159138
2025-11-27 11:20,56559,56490,56579,56475,71924
2025-11-27 11:25,56614,56559,56619,56539,64447
2025-11-27 11:30,56594,56609,56634,56589,29697
2025-11-27 11:35,56485,56594,56609,56472,40266
2025-11-27 11:40,56415,56485,56505,56415,68748
2025-11-27 11:45,56330,56410,56420,56306,106162
2025-11-27 11:50,56326,56330,56350,56271,123263
2025-11-27 11:55,56271,56316,56316,56231,205487
2025-11-27 12:00,56221,56271,56326,56211,173992
2025-11-27 12:05,56161,56221,56221,56117,208258
2025-11-27 12:10,56127,56161,56168,56037,179870
2025-11-27 12:15,56137,56122,56161,56087,97457
2025-11-27 12:20,56146,56142,56231,56132,193309
2025-11-27 12:25,56191,56146,56226,56137,68934
2025-11-27 12:30,56047,56191,56201,56042,111980
2025-11-27 12:35,56097,56047,56132,56047,72308
2025-11-27 12:40,56132,56102,56166,56062,90914
2025-11-27 12:45,56132,56132,56176,56112,50576
2025-11-27 12:50,56117,56146,56151,56072,47716
2025-11-27 12:55,56067,56117,56137,56057,38854
2025-11-27 13:00,56171,56067,56176,56062,56528
2025-11-27 13:05,56151,56171,56171,56097,44051
2025-11-27 13:10,56037,56151,56161,56027,90352
2025-11-27 13:15,56007,56027,56042,55963,106766
2025-11-27 13:20,55963,56012,56032,55908,74392
2025-11-27 13:25,56077,55958,56092,55948,116035
2025-11-27 13:30,56107,56077,56117,56042,72824
2025-11-27 13:35,56166,56107,56166,56057,56538
2025-11-27 13:40,56226,56166,56261,56151,158161
2025-11-27 13:45,56137,56226,56236,56132,50000
2025-11-27 13:50,56181,56132,56221,56132,77041
2025-11-27 13:55,56156,56181,56181,56127,17172
2025-11-27 14:00,56161,56156,56181,56112,48685
2025-11-27 14:05,56127,56171,56211,56122,55232
2025-11-27 14:10,56072,56137,56137,56012,118682
2025-11-27 14:15,56112,56067,56127,56042,51039
2025-11-27 14:20,56146,56122,56186,56117,93388
2025-11-27 14:25,56166,56146,56191,56132,55835
2025-11-27 14:30,56171,56171,56181,56132,32890
2025-11-27 14:35,56191,56171,56226,56146,48942
2025-11-27 14:40,56256,56191,56261,56191,51459
2025-11-27 14:45,56181,56256,56261,56176,32707
2025-11-27 14:50,56137,56171,56181,56112,48158
2025-11-27 14:55,56112,56137,56142,56067,42407
2025-11-27 15:00,56191,56112,56211,56112,75543
2025-11-27 15:05,56176,56186,56191,56137,56359
2025-11-27 15:10,56137,56176,56196,56137,117887
2025-11-27 15:15,56124,56142,56166,56122,121089
2025-11-27 15:20,56137,56124,56151,56107,136380
2025-11-28 9:00,56236,56430,56430,56236,118047
2025-11-28 9:05,55898,56236,56321,55823,412283
2025-11-28 9:10,55873,55903,55967,55729,447811
2025-11-28 9:15,55734,55873,55933,55709,180692
2025-11-28 9:20,55908,55739,55913,55724,163981
2025-11-28 9:25,55783,55913,55963,55739,156297
2025-11-28 9:30,55719,55788,55813,55694,310278
2025-11-28 9:35,55754,55714,55808,55679,170060
2025-11-28 9:40,55639,55754,55754,55634,191331
2025-11-28 9:45,55729,55634,55754,55629,276646
2025-11-28 9:50,55734,55729,55838,55694,234192
2025-11-28 9:55,55749,55734,55833,55699,122724
2025-11-28 10:00,55614,55744,55754,55614,182348
2025-11-28 10:05,55540,55614,55619,55505,157958
2025-11-28 10:10,55545,55545,55560,55495,147020
2025-11-28 10:15,55644,55545,55644,55475,215792
2025-11-28 10:20,55674,55634,55704,55604,95005
2025-11-28 10:25,55664,55669,55759,55629,139740
2025-11-28 10:30,55649,55659,55694,55624,64557
2025-11-28 10:35,55580,55649,55699,55580,81799
2025-11-28 10:40,55590,55585,55634,55560,81363
2025-11-28 10:45,55629,55590,55654,55545,121642
2025-11-28 10:50,55734,55624,55774,55619,185602
2025-11-28 10:55,55808,55734,55843,55724,171426
2025-11-28 11:00,55749,55808,55828,55719,102472
2025-11-28 11:05,55729,55749,55749,55674,70221
2025-11-28 11:10,55714,55724,55729,55659,54726
2025-11-28 11:15,55679,55709,55709,55639,37544
2025-11-28 11:20,55669,55679,55714,55659,22181
2025-11-28 11:25,55704,55664,55709,55659,37309
2025-11-28 11:30,55619,55704,55704,55604,127677
2025-11-28 11:35,55560,55619,55644,55545,122356
2025-11-28 11:40,55560,55555,55599,55515,85167
2025-11-28 11:45,55580,55560,55590,55530,17773
2025-11-28 11:50,55585,55585,55604,55585,29474
2025-11-28 11:55,55570,55585,55604,55545,36665
2025-11-28 12:00,55619,55570,55629,55560,86317
2025-11-28 12:05,55575,55619,55624,55565,69808
2025-11-28 12:10,55614,55575,55629,55575,47717
2025-11-28 12:15,55585,55609,55619,55570,26518
2025-11-28 12:20,55570,55580,55585,55540,83452
2025-11-28 12:25,55510,55570,55580,55510,69439
2025-11-28 12:30,55515,55510,55522,55490,61471
2025-11-28 12:35,55545,55515,55565,55485,34666
2025-11-28 12:40,55490,55545,55555,55480,65054
2025-11-28 12:45,55425,55495,55500,55411,114414
2025-11-28 12:50,55396,55425,55435,55376,62792
2025-11-28 12:55,55391,55396,55416,55381,43917
2025-11-28 13:00,55465,55391,55475,55386,34093
2025-11-28 13:05,55470,55465,55490,55450,51858
2025-11-28 13:10,55500,55465,55525,55460,91689
2025-11-28 13:15,55425,55495,55510,55411,70410
2025-11-28 13:20,55336,55425,55440,55336,156763
2025-11-28 13:25,55346,55336,55371,55326,41144
2025-11-28 13:30,55356,55341,55371,55341,55165
2025-11-28 13:35,55381,55351,55386,55331,32501
2025-11-28 13:40,55411,55376,55425,55366,30260
2025-11-28 13:45,55455,55406,55455,55396,66739
2025-11-28 13:50,55420,55455,55475,55411,41079
2025-11-28 13:55,55411,55416,55435,55391,48796
2025-11-28 14:00,55391,55411,55430,55386,53115
2025-11-28 14:05,55420,55386,55450,55366,68904
2025-11-28 14:10,55440,55425,55445,55411,55966
2025-11-28 14:15,55445,55440,55485,55435,114933
2025-11-28 14:20,55396,55445,55455,55396,56911
2025-11-28 14:25,55356,55401,55416,55346,77419
2025-11-28 14:30,55376,55356,55411,55351,123356
2025-11-28 14:35,55391,55376,55401,55356,41286
2025-11-28 14:40,55376,55391,55401,55371,22870
2025-11-28 14:45,55376,55376,55391,55346,67760
2025-11-28 14:50,55356,55376,55381,55326,64730
2025-11-28 14:55,55346,55356,55371,55341,59910
2025-11-28 15:00,55356,55346,55366,55316,65621
2025-11-28 15:05,55271,55356,55361,55256,110556
2025-11-28 15:10,55276,55271,55291,55256,70811
2025-11-28 15:15,55346,55273,55356,55251,198375
2025-11-28 15:20,55346,55341,55356,55301,206908
2025-12-01 9:00,56042,55903,56077,55898,191279
2025-12-01 9:05,55739,56042,56117,55714,369436
2025-12-01 9:10,55565,55749,55833,55510,241889
2025-12-01 9:15,55465,55565,55575,55416,241688
2025-12-01 9:20,55356,55465,55510,55351,141579
2025-12-01 9:25,55107,55351,55361,55077,180456
2025-12-01 9:30,55361,55107,55371,55082,130962
2025-12-01 9:35,55490,55356,55500,55331,252742
2025-12-01 9:40,55376,55485,55500,55341,96525
2025-12-01 9:45,55192,55371,55371,55157,122483
2025-12-01 9:50,55008,55192,55217,54948,299708
2025-12-01 9:55,54789,54993,55077,54784,158503
2025-12-01 10:00,54819,54789,54938,54774,174848
2025-12-01 10:05,55137,54819,55137,54819,125813
2025-12-01 10:10,54993,55134,55142,54913,77728
2025-12-01 10:15,54913,54988,55033,54859,86217
2025-12-01 10:20,55122,54918,55137,54888,82073
2025-12-01 10:25,55167,55122,55207,55097,142458
2025-12-01 10:30,55152,55172,55261,55152,50907
2025-12-01 10:35,55162,55147,55261,55112,50431
2025-12-01 10:40,55296,55167,55296,55152,59491
2025-12-01 10:45,55430,55296,55430,55256,127415
2025-12-01 10:50,55460,55430,55460,55356,78436
2025-12-01 10:55,55460,55460,55505,55411,84076
2025-12-01 11:00,55570,55465,55595,55460,138851
2025-12-01 11:05,55545,55570,55634,55535,120732
2025-12-01 11:10,55495,55545,55590,55465,83432
2025-12-01 11:15,55401,55490,55540,55391,57481
2025-12-01 11:20,55301,55401,55401,55246,43894
2025-12-01 11:25,55301,55301,55346,55276,69079
2025-12-01 11:30,55301,55301,55331,55266,21513
2025-12-01 11:35,55381,55301,55430,55296,94377
2025-12-01 11:40,55232,55386,55386,55192,74829
2025-12-01 11:45,55202,55227,55306,55197,30432
2025-12-01 11:50,55177,55207,55241,55157,31170
2025-12-01 11:55,55246,55172,55246,55132,37933
2025-12-01 12:00,55286,55236,55336,55222,86979
2025-12-01 12:05,55271,55296,55316,55236,32749
2025-12-01 12:10,55232,55271,55346,55222,58465
2025-12-01 12:15,55271,55232,55276,55187,33064
2025-12-01 12:20,55336,55271,55381,55241,55952
2025-12-01 12:25,55296,55331,55366,55296,23809
2025-12-01 12:30,55236,55291,55296,55217,22959
2025-12-01 12:35,55232,55241,55261,55202,21235
2025-12-01 12:40,55271,55232,55276,55219,19618
2025-12-01 12:45,55331,55276,55351,55276,44573
2025-12-01 12:50,55425,55331,55435,55326,82130
2025-12-01 12:55,55440,55430,55480,55411,105833
2025-12-01 13:00,55450,55435,55500,55411,68757
2025-12-01 13:05,55391,55450,55505,55391,85832
2025-12-01 13:10,55435,55391,55485,55391,68542
2025-12-01 13:15,55416,55440,55455,55381,76759
2025-12-01 13:20,55455,55416,55505,55416,60358
2025-12-01 13:25,55500,55450,55510,55440,79585
2025-12-01 13:30,55445,55495,55525,55425,85209
2025-12-01 13:35,55435,55445,55470,55420,53950
2025-12-01 13:40,55465,55430,55490,55386,73473
2025-12-01 13:45,55425,55465,55490,55416,46230
2025-12-01 13:50,55425,55435,55450,55386,82405
2025-12-01 13:55,55356,55430,55445,55356,88006
2025-12-01 14:00,55331,55366,55386,55326,83346
2025-12-01 14:05,55366,55331,55406,55326,69557
2025-12-01 14:10,55197,55371,55371,55192,160115
2025-12-01 14:15,55152,55202,55222,55087,133879
2025-12-01 14:20,55038,55149,55152,54993,135564
2025-12-01 14:25,55053,55038,55097,54998,112362
2025-12-01 14:30,55117,55053,55127,55048,47712
2025-12-01 14:35,55172,55112,55212,55112,68396
2025-12-01 14:40,55127,55172,55172,55107,72865
2025-12-01 14:45,55207,55127,55217,55117,44779
2025-12-01 14:50,55197,55202,55207,55162,63769
2025-12-01 14:55,55177,55197,55222,55172,82835
2025-12-01 15:00,55261,55182,55271,55177,76876
2025-12-01 15:05,55182,55261,55271,55177,68448
2025-12-01 15:10,55217,55182,55227,55167,143654
2025-12-01 15:15,55241,55212,55246,55212,50402
2025-12-01 15:20,55256,55241,55281,55227,56910
2025-12-02 9:00,55560,55619,55619,55540,110788
2025-12-02 9:05,55714,55555,55888,55525,687231
2025-12-02 9:10,55848,55719,56002,55714,294765
2025-12-02 9:15,55967,55858,55987,55828,208670
2025-12-02 9:20,55908,55967,56047,55878,170707
2025-12-02 9:25,55982,55908,56012,55893,120376
2025-12-02 9:30,56112,55987,56127,55967,115204
2025-12-02 9:35,56132,56112,56142,56067,88530
2025-12-02 9:40,56102,56127,56151,56067,90880
2025-12-02 9:45,56077,56092,56166,56077,81923
2025-12-02 9:50,56022,56072,56097,55982,139408
2025-12-02 9:55,56072,56022,56072,55972,113019
2025-12-02 10:00,56201,56062,56236,56057,231706
2025-12-02 10:05,56256,56196,56291,56196,92734
2025-12-02 10:10,56151,56256,56291,56151,83357
2025-12-02 10:15,56201,56156,56201,56137,58736
2025-12-02 10:20,56286,56201,56286,56191,103259
2025-12-02 10:25,56211,56281,56301,56206,78943
2025-12-02 10:30,56201,56211,56271,56191,67077
2025-12-02 10:35,56166,56191,56241,56156,59957
2025-12-02 10:40,56206,56166,56236,56161,39987
2025-12-02 10:45,56196,56206,56241,56156,43199
2025-12-02 10:50,56171,56196,56216,56137,55132
2025-12-02 10:55,56261,56171,56261,56166,82983
2025-12-02 11:00,56206,56246,56276,56201,52381
2025-12-02 11:05,56216,56206,56231,56151,46219
2025-12-02 11:10,56231,56216,56241,56156,94063
2025-12-02 11:15,56301,56231,56316,56221,196434
2025-12-02 11:20,56360,56301,56365,56296,178857
2025-12-02 11:25,56286,56355,56370,56281,38451
2025-12-02 11:30,56266,56286,56316,56266,28347
2025-12-02 11:35,56335,56271,56340,56256,53258
2025-12-02 11:40,56340,56335,56365,56311,26632
2025-12-02 11:45,56365,56340,56375,56335,38145
2025-12-02 11:50,56390,56365,56390,56355,153021
2025-12-02 11:55,56390,56390,56395,56355,79948
2025-12-02 12:00,56395,56390,56405,56365,99801
2025-12-02 12:05,56405,56400,56435,56385,114378
2025-12-02 12:10,56400,56405,56407,56370,124064
2025-12-02 12:15,56390,56400,56400,56370,43630
2025-12-02 12:20,56410,56390,56417,56360,61853
2025-12-02 12:25,56316,56405,56405,56316,98776
2025-12-02 12:30,56206,56330,56330,56206,273443
2025-12-02 12:35,56151,56201,56236,56132,360786
2025-12-02 12:40,56176,56151,56186,56092,173180
2025-12-02 12:45,56271,56181,56301,56171,128807
2025-12-02 12:50,56330,56276,56335,56271,96511
2025-12-02 12:55,56415,56326,56420,56301,82720
2025-12-02 13:00,56395,56420,56440,56380,89129
2025-12-02 13:05,56450,56390,56450,56385,99254
2025-12-02 13:10,56465,56455,56470,56435,106092
2025-12-02 13:15,56395,56460,56475,56395,131550
2025-12-02 13:20,56460,56400,56465,56395,78601
2025-12-02 13:25,56480,56460,56490,56440,87448
2025-12-02 13:30,56480,56490,56490,56460,25053
2025-12-02 13:35,56475,56480,56485,56455,93468
2025-12-02 13:40,56465,56475,56495,56460,29634
2025-12-02 13:45,56450,56475,56485,56435,61052
2025-12-02 13:50,56440,56450,56460,56415,20372
2025-12-02 13:55,56430,56445,56445,56400,39411
2025-12-02 14:00,56395,56425,56430,56345,115594
2025-12-02 14:05,56380,56390,56440,56375,85632
2025-12-02 14:10,56395,56375,56415,56360,111699
2025-12-02 14:15,56400,56390,56405,56370,73523
2025-12-02 14:20,56385,56400,56405,56355,72099
2025-12-02 14:25,56345,56380,56400,56345,75213
2025-12-02 14:30,56306,56350,56370,56276,59557
2025-12-02 14:35,56296,56306,56316,56261,88357
2025-12-02 14:40,56291,56301,56330,56256,215059
2025-12-02 14:45,56321,56296,56321,56281,69398
2025-12-02 14:50,56311,56316,56326,56291,40161
2025-12-02 14:55,56296,56316,56330,56286,49466
2025-12-02 15:00,56311,56296,56365,56296,60126
2025-12-02 15:05,56330,56311,56360,56291,46355
2025-12-02 15:10,56321,56330,56350,56311,47838
2025-12-02 15:15,56291,56326,56330,56291,43445
2025-12-02 15:20,56311,56291,56321,56271,121932
2025-12-03 9:00,56793,56584,56818,56584,173574
2025-12-03 9:05,56505,56798,57076,56475,836342
2025-12-03 9:10,56519,56500,56639,56445,164658
2025-12-03 9:15,56514,56519,56614,56435,116919
2025-12-03 9:20,56465,56514,56549,56420,135185
2025-12-03 9:25,56326,56465,56485,56286,176447
2025-12-03 9:30,56529,56340,56534,56321,156612
2025-12-03 9:35,56589,56529,56599,56470,132106
2025-12-03 9:40,56691,56589,56713,56559,129516
2025-12-03 9:45,56803,56691,56813,56689,136404
2025-12-03 9:50,56897,56803,56917,56793,178691
2025-12-03 9:55,56942,56897,56982,56887,113192
2025-12-03 10:00,56947,56937,56997,56863,238607
2025-12-03 10:05,56987,56952,57012,56927,138139
2025-12-03 10:10,57146,56992,57191,56982,633617
2025-12-03 10:15,57096,57146,57201,57086,174885
2025-12-03 10:20,57136,57096,57151,56997,307093
2025-12-03 10:25,57056,57136,57151,57037,136721
2025-12-03 10:30,57131,57066,57141,57032,158508
2025-12-03 10:35,57226,57131,57265,57106,220409
2025-12-03 10:40,57196,57231,57231,57166,84304
2025-12-03 10:45,57221,57196,57265,57166,90486
2025-12-03 10:50,57245,57221,57295,57216,150120
2025-12-03 10:55,57250,57245,57270,57206,97729
2025-12-03 11:00,57176,57252,57265,57166,89974
2025-12-03 11:05,57061,57171,57186,57056,126634
2025-12-03 11:10,57141,57066,57201,57061,121139
2025-12-03 11:15,57146,57141,57196,57121,40285
2025-12-03 11:20,57116,57151,57171,57116,55073
2025-12-03 11:25,57111,57116,57126,57071,108431
2025-12-03 11:30,57116,57111,57176,57111,66906
2025-12-03 11:35,57076,57116,57116,57042,71319
2025-12-03 11:40,57002,57076,57076,56992,90498
2025-12-03 11:45,57042,56997,57042,56952,77535
2025-12-03 11:50,57022,57037,57056,56997,45193
2025-12-03 11:55,57042,57022,57052,56992,48959
2025-12-03 12:00,57007,57042,57052,56997,41705
2025-12-03 12:05,56937,57002,57052,56897,154702
2025-12-03 12:10,56912,56937,56937,56848,145149
2025-12-03 12:15,56972,56912,56982,56897,70890
2025-12-03 12:20,57032,56972,57042,56957,107896
2025-12-03 12:25,57027,57032,57042,56977,64237
2025-12-03 12:30,57061,57027,57076,57002,62236
2025-12-03 12:35,57126,57061,57141,57052,106999
2025-12-03 12:40,57126,57123,57151,57111,39221
2025-12-03 12:45,57201,57126,57236,57116,122169
2025-12-03 12:50,57265,57206,57280,57201,146425
2025-12-03 12:55,57250,57265,57285,57236,110538
2025-12-03 13:00,57206,57245,57250,57201,43567
2025-12-03 13:05,57176,57206,57206,57151,83428
2025-12-03 13:10,57176,57176,57196,57148,62350
2025-12-03 13:15,57186,57176,57206,57176,64054
2025-12-03 13:20,57196,57191,57216,57181,56422
2025-12-03 13:25,57101,57196,57206,57076,74386
2025-12-03 13:30,57121,57101,57156,57081,87904
2025-12-03 13:35,57136,57121,57136,57086,47403
2025-12-03 13:40,57186,57141,57191,57131,62436
2025-12-03 13:45,57171,57181,57250,57161,85440
2025-12-03 13:50,57151,57176,57186,57106,35711
2025-12-03 13:55,57111,57156,57181,57106,51182
2025-12-03 14:00,57126,57106,57138,57101,45396
2025-12-03 14:05,57161,57116,57181,57111,35731
2025-12-03 14:10,57181,57161,57196,57116,82826
2025-12-03 14:15,57196,57186,57211,57176,69330
2025-12-03 14:20,57171,57196,57211,57171,41859
2025-12-03 14:25,57181,57171,57206,57151,74387
2025-12-03 14:30,57226,57186,57240,57176,108234
2025-12-03 14:35,57181,57226,57231,57181,32888
2025-12-03 14:40,57151,57186,57191,57136,67319
2025-12-03 14:45,57121,57151,57151,57101,48329
2025-12-03 14:50,57086,57121,57126,57061,87598
2025-12-03 14:55,57071,57086,57111,57042,136894
2025-12-03 15:00,57061,57071,57106,57052,75598
2025-12-03 15:05,57042,57061,57086,56997,89481
2025-12-03 15:10,57022,57042,57066,57022,47377
2025-12-03 15:15,57027,57027,57052,56992,68167
2025-12-03 15:20,57027,57027,57047,57007,80835
2025-12-04 9:00,56574,56693,56693,56569,89863
2025-12-04 9:05,56659,56569,56808,56539,797308
2025-12-04 9:10,56549,56659,56684,56475,219814
2025-12-04 9:15,56490,56539,56539,56440,173777
2025-12-04 9:20,56529,56490,56574,56425,188989
2025-12-04 9:25,56574,56529,56599,56470,135478
2025-12-04 9:30,56485,56574,56599,56420,211746
2025-12-04 9:35,56480,56490,56514,56375,148484
2025-12-04 9:40,56420,56475,56534,56410,102361
2025-12-04 9:45,56440,56420,56505,56410,100097
2025-12-04 9:50,56335,56440,56440,56306,157772
2025-12-04 9:55,56370,56335,56375,56296,97812
2025-12-04 10:00,56375,56380,56420,56360,104455
2025-12-04 10:05,56405,56375,56440,56375,78275
2025-12-04 10:10,56435,56400,56445,56306,101296
2025-12-04 10:15,56340,56435,56440,56278,153675
2025-12-04 10:20,56380,56335,56410,56326,121117
2025-12-04 10:25,56380,56380,56405,56340,68025
2025-12-04 10:30,56475,56380,56490,56330,125110
2025-12-04 10:35,56505,56475,56539,56420,89765
2025-12-04 10:40,56589,56509,56604,56475,232466
2025-12-04 10:45,56544,56589,56629,56529,94717
2025-12-04 10:50,56480,56544,56549,56435,75610
2025-12-04 10:55,56340,56485,56490,56340,87201
2025-12-04 11:00,56291,56345,56385,56271,127853
2025-12-04 11:05,56271,56296,56311,56261,86795
2025-12-04 11:10,56181,56261,56291,56166,217313
2025-12-04 11:15,56161,56176,56201,56132,129600
2025-12-04 11:20,56166,56161,56206,56161,84562
2025-12-04 11:25,56241,56166,56246,56161,44631
2025-12-04 11:30,56266,56246,56286,56236,60764
2025-12-04 11:35,56246,56266,56291,56236,44217
2025-12-04 11:40,56231,56241,56276,56221,36725
2025-12-04 11:45,56246,56231,56271,56226,29258
2025-12-04 11:50,56296,56251,56301,56206,68776
2025-12-04 11:55,56385,56306,56390,56298,70795
2025-12-04 12:00,56316,56390,56440,56311,100518
2025-12-04 12:05,56390,56311,56390,56271,59118
2025-12-04 12:10,56375,56390,56430,56355,69870
2025-12-04 12:15,56365,56370,56380,56335,55049
2025-12-04 12:20,56360,56360,56370,56326,49577
2025-12-04 12:25,56306,56360,56365,56301,43269
2025-12-04 12:30,56296,56306,56330,56281,33285
2025-12-04 12:35,56296,56301,56311,56256,41766
2025-12-04 12:40,56365,56296,56385,56281,44263
2025-12-04 12:45,56395,56365,56395,56355,46162
2025-12-04 12:50,56400,56390,56410,56355,31410
2025-12-04 12:55,56365,56400,56405,56335,67439
2025-12-04 13:00,56415,56365,56445,56365,71234
2025-12-04 13:05,56519,56420,56524,56410,123051
2025-12-04 13:10,56519,56524,56564,56495,88679
2025-12-04 13:15,56524,56524,56544,56509,70972
2025-12-04 13:20,56514,56519,56554,56500,60661
2025-12-04 13:25,56500,56509,56529,56460,69526
2025-12-04 13:30,56564,56495,56584,56485,164653
2025-12-04 13:35,56559,56559,56594,56549,284353
2025-12-04 13:40,56594,56559,56599,56509,84164
2025-12-04 13:45,56584,56594,56624,56574,72720
2025-12-04 13:50,56574,56584,56604,56559,54787
2025-12-04 13:55,56614,56574,56644,56564,93317
2025-12-04 14:00,56589,56619,56644,56589,60984
2025-12-04 14:05,56574,56589,56624,56559,138287
2025-12-04 14:10,56549,56569,56574,56514,94911
2025-12-04 14:15,56639,56544,56649,56529,114285
2025-12-04 14:20,56599,56634,56639,56589,58519
2025-12-04 14:25,56599,56594,56624,56564,63822
2025-12-04 14:30,56559,56599,56614,56554,43598
2025-12-04 14:35,56564,56559,56609,56554,157671
2025-12-04 14:40,56559,56564,56579,56524,31385
2025-12-04 14:45,56559,56559,56569,56529,39371
2025-12-04 14:50,56524,56564,56564,56505,91875
2025-12-04 14:55,56609,56524,56624,56509,107077
2025-12-04 15:00,56669,56609,56679,56604,102267
2025-12-04 15:05,56693,56669,56708,56649,83178
2025-12-04 15:10,56738,56698,56758,56698,64908
2025-12-04 15:15,56763,56743,56773,56733,80491
2025-12-04 15:20,56823,56763,56823,56758,72093
2025-12-05 9:00,56778,56703,56848,56669,159137
2025-12-05 9:05,56609,56788,56793,56584,383295
2025-12-05 9:10,56753,56599,56803,56455,523713
2025-12-05 9:15,56634,56743,56843,56624,263688
2025-12-05 9:20,56609,56634,56693,56524,294419
2025-12-05 9:25,56684,56599,56693,56569,214557
2025-12-05 9:30,56708,56684,56773,56604,209505
2025-12-05 9:35,56964,56713,56972,56708,363761
2025-12-05 9:40,56803,56967,56987,56763,191101
2025-12-05 9:45,56808,56803,56897,56748,88968
2025-12-05 9:50,56798,56808,56922,56773,67591
2025-12-05 9:55,56897,56798,56932,56798,74422
2025-12-05 10:00,57106,56897,57111,56882,343085
2025-12-05 10:05,57166,57106,57186,57034,170820
2025-12-05 10:10,57280,57166,57300,57156,182056
2025-12-05 10:15,57385,57280,57415,57236,197504
2025-12-05 10:20,57300,57380,57405,57275,238237
2025-12-05 10:25,57320,57310,57375,57265,152489
2025-12-05 10:30,57365,57320,57400,57285,169066
2025-12-05 10:35,57300,57365,57400,57250,163238
2025-12-05 10:40,57355,57310,57385,57300,140252
2025-12-05 10:45,57300,57360,57365,57280,119152
2025-12-05 10:50,57285,57295,57345,57260,63683
2025-12-05 10:55,57196,57295,57295,57181,90331
2025-12-05 11:00,57270,57196,57270,57136,117910
2025-12-05 11:05,57196,57265,57315,57191,116934
2025-12-05 11:10,57161,57201,57216,57156,128509
2025-12-05 11:15,57221,57156,57255,57146,281395
2025-12-05 11:20,57231,57221,57265,57191,37144
2025-12-05 11:25,57260,57226,57280,57201,57250
2025-12-05 11:30,57275,57255,57325,57250,95747
2025-12-05 11:35,57275,57275,57295,57240,36573
2025-12-05 11:40,57300,57275,57330,57265,66299
2025-12-05 11:45,57305,57300,57325,57275,65758
2025-12-05 11:50,57320,57305,57335,57255,77755
2025-12-05 11:55,57325,57320,57380,57300,79472
2025-12-05 12:00,57370,57325,57415,57320,116293
2025-12-05 12:05,57320,57370,57380,57315,39736
2025-12-05 12:10,57325,57315,57345,57295,42894
2025-12-05 12:15,57325,57320,57355,57285,48814
2025-12-05 12:20,57410,57325,57415,57320,205664
2025-12-05 12:25,57380,57410,57424,57370,116608
2025-12-05 12:30,57439,57380,57439,57380,95403
2025-12-05 12:35,57426,57439,57444,57395,85468
2025-12-05 12:40,57449,57424,57454,57400,106790
2025-12-05 12:45,57444,57454,57459,57415,68810
2025-12-05 12:50,57479,57444,57484,57434,167601
2025-12-05 12:55,57519,57479,57534,57474,112689
2025-12-05 13:00,57529,57519,57544,57494,132617
2025-12-05 13:05,57534,57524,57564,57514,89475
2025-12-05 13:10,57474,57534,57544,57474,77143
2025-12-05 13:15,57449,57484,57504,57439,67670
2025-12-05 13:20,57419,57449,57454,57390,113070
2025-12-05 13:25,57410,57415,57454,57395,49920
2025-12-05 13:30,57429,57410,57449,57410,40707
2025-12-05 13:35,57429,57424,57449,57405,52410
2025-12-05 13:40,57405,57429,57434,57400,119243
2025-12-05 13:45,57385,57400,57419,57385,77030
2025-12-05 13:50,57415,57385,57424,57380,36876
2025-12-05 13:55,57486,57410,57489,57405,113584
2025-12-05 14:00,57464,57486,57499,57439,75640
2025-12-05 14:05,57514,57464,57529,57464,196961
2025-12-05 14:10,57529,57514,57549,57499,126056
2025-12-05 14:15,57569,57524,57574,57524,120820
2025-12-05 14:20,57618,57569,57623,57559,209688
2025-12-05 14:25,57599,57618,57633,57579,135421
2025-12-05 14:30,57648,57594,57658,57594,108434
2025-12-05 14:35,57678,57653,57703,57643,207924
2025-12-05 14:40,57743,57678,57753,57678,103366
2025-12-05 14:45,57792,57743,57802,57733,142812
2025-12-05 14:50,57807,57792,57837,57783,282039
2025-12-05 14:55,57817,57807,57832,57787,115121
2025-12-05 15:00,57834,57817,57862,57807,113298
2025-12-05 15:05,57887,57834,57892,57817,104018
2025-12-05 15:10,57882,57882,57917,57872,168769
2025-12-05 15:15,57872,57882,57912,57862,106210
2025-12-05 15:20,57892,57872,57912,57867,137685
2025-12-08 9:00,58041,58136,58141,58041,162001
2025-12-08 9:05,57733,58036,58056,57713,709954
2025-12-08 9:10,57778,57733,57797,57599,322088
2025-12-08 9:15,57718,57783,57807,57623,213285
2025-12-08 9:20,57773,57728,57773,57623,113123
2025-12-08 9:25,57827,57768,57837,57723,131151
2025-12-08 9:30,57733,57827,57842,57703,115846
2025-12-08 9:35,57743,57733,57758,57683,106377
2025-12-08 9:40,57703,57748,57787,57688,83690
2025-12-08 9:45,57643,57708,57708,57599,174525
2025-12-08 9:50,57897,57648,57932,57623,181778
2025-12-08 9:55,57792,57897,57976,57792,154296
2025-12-08 10:00,57897,57792,57897,57758,75082
2025-12-08 10:05,57927,57892,58021,57882,151143
2025-12-08 10:10,58026,57927,58031,57922,85204
2025-12-08 10:15,57986,58021,58066,57932,89076
2025-12-08 10:20,57927,57976,58001,57887,61215
2025-12-08 10:25,57907,57922,57942,57817,110263
2025-12-08 10:30,57912,57912,57966,57859,63598
2025-12-08 10:35,57986,57912,58001,57877,119329
2025-12-08 10:40,58096,57986,58096,57986,178038
2025-12-08 10:45,58031,58096,58096,57962,85173
2025-12-08 10:50,58046,58026,58061,57981,56896
2025-12-08 10:55,57952,58041,58046,57947,88284
2025-12-08 11:00,57867,57947,57981,57857,103543
2025-12-08 11:05,57797,57867,57902,57797,100534
2025-12-08 11:10,57892,57807,57892,57797,73473
2025-12-08 11:15,57852,57892,57922,57832,59461
2025-12-08 11:20,57867,57852,57897,57842,21661
2025-12-08 11:25,57981,57867,57996,57867,73620
2025-12-08 11:30,58011,57981,58026,57971,60781
2025-12-08 11:35,58046,58006,58066,58001,87482
2025-12-08 11:40,58081,58051,58101,58051,71780
2025-12-08 11:45,58123,58076,58160,58076,80527
2025-12-08 11:50,58160,58126,58190,58121,76487
2025-12-08 11:55,58131,58165,58170,58111,36812
2025-12-08 12:00,58165,58126,58200,58126,106760
2025-12-08 12:05,58136,58165,58190,58126,53762
2025-12-08 12:10,58086,58131,58141,58071,64677
2025-12-08 12:15,58056,58086,58096,58051,42172
2025-12-08 12:20,58071,58051,58106,58036,106808
2025-12-08 12:25,58056,58066,58106,58051,43782
2025-12-08 12:30,58091,58061,58116,58061,53600
2025-12-08 12:35,58071,58091,58101,58061,35537
2025-12-08 12:40,58081,58071,58101,58046,58997
2025-12-08 12:45,58041,58081,58121,58036,50064
2025-12-08 12:50,58136,58046,58146,58041,101354
2025-12-08 12:55,58150,58141,58180,58126,92612
2025-12-08 13:00,58136,58146,58165,58126,39172
2025-12-08 13:05,58066,58126,58155,58051,50061
2025-12-08 13:10,58121,58066,58131,58061,72399
2025-12-08 13:15,58185,58131,58205,58106,169809
2025-12-08 13:20,58285,58190,58295,58185,125374
2025-12-08 13:25,58339,58287,58344,58280,93503
2025-12-08 13:30,58419,58339,58424,58329,91720
2025-12-08 13:35,58484,58419,58509,58419,180312
2025-12-08 13:40,58513,58479,58538,58454,111863
2025-12-08 13:45,58464,58513,58513,58449,58052
2025-12-08 13:50,58469,58469,58509,58444,68290
2025-12-08 13:55,58424,58469,58479,58414,63092
2025-12-08 14:00,58414,58421,58449,58414,66941
2025-12-08 14:05,58434,58419,58444,58394,89976
2025-12-08 14:10,58469,58439,58476,58414,104432
2025-12-08 14:15,58429,58464,58489,58419,67817
2025-12-08 14:20,58359,58434,58439,58354,69899
2025-12-08 14:25,58429,58356,58434,58349,75703
2025-12-08 14:30,58459,58429,58489,58409,104434
2025-12-08 14:35,58434,58459,58474,58394,49198
2025-12-08 14:40,58409,58444,58464,58379,70463
2025-12-08 14:45,58399,58409,58439,58379,71441
2025-12-08 14:50,58424,58409,58444,58394,51302
2025-12-08 14:55,58434,58424,58464,58394,62947
2025-12-08 15:00,58459,58434,58489,58429,66530
2025-12-08 15:05,58454,58469,58474,58399,106366
2025-12-08 15:10,58548,58454,58553,58449,225506
2025-12-08 15:15,58618,58543,58623,58533,207837
2025-12-08 15:20,58697,58618,58702,58613,169410
2025-12-09 9:00,58439,58449,58479,58394,74691
2025-12-09 9:05,58523,58449,58678,58329,369770
2025-12-09 9:10,58697,58528,58727,58449,259629
2025-12-09 9:15,58533,58697,58722,58489,171569
2025-12-09 9:20,58464,58528,58528,58434,184207
2025-12-09 9:25,58419,58474,58504,58409,146008
2025-12-09 9:30,58379,58429,58429,58329,154406
2025-12-09 9:35,58449,58379,58449,58344,105531
2025-12-09 9:40,58568,58449,58598,58429,146855
2025-12-09 9:45,58359,58568,58598,58349,113004
2025-12-09 9:50,58424,58369,58434,58320,136490
2025-12-09 9:55,58354,58419,58444,58329,100686
2025-12-09 10:00,58339,58354,58404,58295,96140
2025-12-09 10:05,58310,58334,58369,58270,115216
2025-12-09 10:10,58295,58315,58369,58280,73913
2025-12-09 10:15,58379,58290,58409,58285,103982
2025-12-09 10:20,58315,58374,58379,58290,75217
2025-12-09 10:25,58364,58320,58409,58310,78373
2025-12-09 10:30,58419,58364,58459,58364,97634
2025-12-09 10:35,58489,58424,58494,58419,92212
2025-12-09 10:40,58374,58489,58489,58320,88380
2025-12-09 10:45,58424,58374,58434,58344,81872
2025-12-09 10:50,58394,58429,58459,58384,48425
2025-12-09 10:55,58339,58399,58444,58325,50675
2025-12-09 11:00,58280,58339,58369,58265,126559
2025-12-09 11:05,58379,58275,58414,58250,115093
2025-12-09 11:10,58339,58384,58399,58329,62995
2025-12-09 11:15,58320,58334,58349,58265,58390
2025-12-09 11:20,58310,58320,58369,58300,37817
2025-12-09 11:25,58315,58315,58359,58300,31567
2025-12-09 11:30,58325,58315,58349,58300,24029
2025-12-09 11:35,58300,58320,58325,58300,22255
2025-12-09 11:40,58225,58295,58315,58220,90212
2025-12-09 11:45,58280,58220,58285,58215,44423
2025-12-09 11:50,58250,58280,58315,58240,37467
2025-12-09 11:55,58235,58255,58275,58225,28089
2025-12-09 12:00,58195,58230,58235,58190,54344
2025-12-09 12:05,58260,58185,58270,58180,50999
2025-12-09 12:10,58220,58265,58290,58215,39070
2025-12-09 12:15,58255,58225,58255,58215,21028
2025-12-09 12:20,58190,58255,58265,58185,30295
2025-12-09 12:25,58175,58185,58195,58146,62936
2025-12-09 12:30,58195,58170,58215,58146,35175
2025-12-09 12:35,58190,58190,58215,58175,26317
2025-12-09 12:40,58215,58185,58215,58160,29454
2025-12-09 12:45,58200,58215,58235,58195,47431
2025-12-09 12:50,58230,58205,58265,58205,29506
2025-12-09 12:55,58265,58230,58325,58225,94915
2025-12-09 13:00,58339,58280,58349,58265,70309
2025-12-09 13:05,58300,58334,58359,58285,47703
2025-12-09 13:10,58369,58310,58394,58300,88627
2025-12-09 13:15,58339,58369,58404,58334,60586
2025-12-09 13:20,58424,58339,58449,58339,77669
2025-12-09 13:25,58434,58424,58459,58414,37855
2025-12-09 13:30,58414,58429,58444,58384,44442
2025-12-09 13:35,58384,58424,58434,58384,111070
2025-12-09 13:40,58439,58389,58439,58344,69552
2025-12-09 13:45,58454,58439,58484,58434,82586
2025-12-09 13:50,58419,58451,58454,58404,43963
2025-12-09 13:55,58429,58414,58429,58379,25793
2025-12-09 14:00,58389,58429,58439,58369,38629
2025-12-09 14:05,58349,58389,58419,58339,48748
2025-12-09 14:10,58339,58369,58374,58325,25825
2025-12-09 14:15,58369,58339,58389,58329,41357
2025-12-09 14:20,58344,58369,58404,58344,27704
2025-12-09 14:25,58419,58344,58429,58344,30296
2025-12-09 14:30,58434,58414,58439,58399,36805
2025-12-09 14:35,58404,58434,58434,58389,60113
2025-12-09 14:40,58409,58409,58429,58404,104835
2025-12-09 14:45,58419,58409,58424,58384,264147
2025-12-09 14:50,58459,58424,58469,58404,289097
2025-12-09 14:55,58553,58459,58573,58444,313172
2025-12-09 15:00,58523,58553,58593,58509,325988
2025-12-09 15:05,58518,58528,58548,58489,303828
2025-12-09 15:10,58494,58518,58548,58484,339963
2025-12-09 15:15,58469,58489,58504,58439,334583
2025-12-09 15:20,58394,58469,58479,58384,167937
2025-12-10 9:00,58618,58528,58678,58528,99826
2025-12-10 9:05,58847,58628,58986,58603,519787
2025-12-10 9:10,58837,58857,58986,58822,283035
2025-12-10 9:15,58683,58847,58872,58633,358212
2025-12-10 9:20,58663,58688,58707,58578,103827
2025-12-10 9:25,58608,58658,58678,58563,99006
2025-12-10 9:30,58782,58608,58797,58608,131681
2025-12-10 9:35,58608,58782,58802,58593,156758
2025-12-10 9:40,58613,58608,58643,58555,101801
2025-12-10 9:45,58499,58603,58608,58479,130749
2025-12-10 9:50,58494,58494,58509,58434,125345
2025-12-10 9:55,58399,58509,58509,58389,126153
2025-12-10 10:00,58315,58394,58419,58305,130952
2025-12-10 10:05,58325,58310,58409,58300,94707
2025-12-10 10:10,58344,58327,58384,58300,70878
2025-12-10 10:15,58349,58344,58394,58310,64306
2025-12-10 10:20,58419,58349,58424,58344,69868
2025-12-10 10:25,58364,58414,58424,58344,67872
2025-12-10 10:30,58409,58369,58444,58344,71077
2025-12-10 10:35,58459,58404,58459,58364,52289
2025-12-10 10:40,58399,58459,58494,58394,79824
2025-12-10 10:45,58325,58399,58404,58280,119271
2025-12-10 10:50,58334,58320,58394,58315,54193
2025-12-10 10:55,58260,58334,58349,58255,67091
2025-12-10 11:00,58305,58260,58305,58245,62759
2025-12-10 11:05,58359,58300,58369,58280,39873
2025-12-10 11:10,58464,58359,58474,58349,97293
2025-12-10 11:15,58479,58469,58513,58414,72858
2025-12-10 11:20,58504,58481,58518,58474,62523
2025-12-10 11:25,58573,58494,58588,58494,119977
2025-12-10 11:30,58523,58568,58568,58509,73008
2025-12-10 11:35,58528,58523,58563,58518,65425
2025-12-10 11:40,58479,58523,58528,58469,41582
2025-12-10 11:45,58459,58479,58494,58454,37380
2025-12-10 11:50,58538,58464,58558,58464,48259
2025-12-10 11:55,58553,58538,58583,58528,56505
2025-12-10 12:00,58663,58553,58668,58533,104600
2025-12-10 12:05,58683,58663,58702,58638,95637
2025-12-10 12:10,58732,58678,58732,58663,59138
2025-12-10 12:15,58638,58727,58747,58633,66794
2025-12-10 12:20,58663,58643,58678,58618,30478
2025-12-10 12:25,58688,58663,58697,58663,44039
2025-12-10 12:30,58663,58693,58693,58643,20904
2025-12-10 12:35,58712,58658,58727,58658,41318
2025-12-10 12:40,58727,58712,58737,58707,62899
2025-12-10 12:45,58688,58737,58737,58668,17150
2025-12-10 12:50,58752,58683,58782,58678,97976
2025-12-10 12:55,58737,58752,58757,58727,30681
2025-12-10 13:00,58772,58742,58787,58732,72454
2025-12-10 13:05,58762,58767,58787,58732,61766
2025-12-10 13:10,58767,58762,58802,58747,53703
2025-12-10 13:15,58742,58767,58777,58727,31291
2025-12-10 13:20,58668,58737,58742,58663,42335
2025-12-10 13:25,58683,58668,58707,58663,29242
2025-12-10 13:30,58693,58678,58697,58643,43766
2025-12-10 13:35,58668,58690,58717,58663,41554
2025-12-10 13:40,58623,58670,58683,58598,66465
2025-12-10 13:45,58548,58618,58628,58533,58444
2025-12-10 13:50,58558,58543,58598,58533,75791
2025-12-10 13:55,58613,58558,58618,58548,78500
2025-12-10 14:00,58543,58608,58613,58533,93581
2025-12-10 14:05,58528,58543,58558,58494,131340
2025-12-10 14:10,58484,58523,58533,58484,151506
2025-12-10 14:15,58484,58479,58489,58446,108105
2025-12-10 14:20,58479,58484,58499,58434,118165
2025-12-10 14:25,58374,58479,58484,58364,149420
2025-12-10 14:30,58384,58389,58434,58349,116643
2025-12-10 14:35,58374,58384,58459,58374,170342
2025-12-10 14:40,58339,58374,58374,58310,222093
2025-12-10 14:45,58364,58339,58374,58305,130137
2025-12-10 14:50,58305,58364,58374,58300,124856
2025-12-10 14:55,58275,58300,58310,58250,171299
2025-12-10 15:00,58250,58275,58285,58215,164841
2025-12-10 15:05,58310,58245,58310,58230,114714
2025-12-10 15:10,58374,58305,58399,58295,124793
2025-12-10 15:15,58399,58369,58419,58364,102862
2025-12-10 15:20,58364,58399,58409,58364,83757
2025-12-11 9:00,58643,58707,58707,58603,123749
2025-12-11 9:05,58767,58633,58906,58603,352229
2025-12-11 9:10,58847,58777,58847,58683,194295
2025-12-11 9:15,58921,58847,58976,58817,212591
2025-12-11 9:20,58896,58911,58956,58867,137198
2025-12-11 9:25,58956,58891,58971,58886,109024
2025-12-11 9:30,58847,58966,58986,58832,167884
2025-12-11 9:35,58807,58847,58876,58782,94487
2025-12-11 9:40,58807,58802,58847,58767,55486
2025-12-11 9:45,58787,58807,58827,58777,30154
2025-12-11 9:50,58702,58782,58797,58697,77178
2025-12-11 9:55,58797,58707,58797,58683,102171
2025-12-11 10:00,58742,58792,58802,58712,89635
2025-12-11 10:05,58707,58727,58747,58683,63257
2025-12-11 10:10,58782,58707,58797,58707,74316
2025-12-11 10:15,58876,58782,58876,58772,79374
2025-12-11 10:20,58807,58876,58886,58787,59619
2025-12-11 10:25,58742,58807,58822,58732,47383
2025-12-11 10:30,58762,58747,58777,58727,44847
2025-12-11 10:35,58857,58757,58857,58737,68398
2025-12-11 10:40,58852,58857,58876,58812,69159
2025-12-11 10:45,58837,58852,58872,58827,47577
2025-12-11 10:50,58747,58837,58842,58727,74222
2025-12-11 10:55,58737,58752,58767,58707,41007
2025-12-11 11:00,58688,58742,58747,58648,101544
2025-12-11 11:05,58593,58688,58697,58583,83028
2025-12-11 11:10,58583,58588,58613,58518,84936
2025-12-11 11:15,58563,58578,58583,58523,54779
2025-12-11 11:20,58543,58573,58573,58494,59512
2025-12-11 11:25,58558,58543,58568,58504,41805
2025-12-11 11:30,58499,58568,58573,58469,85412
2025-12-11 11:35,58429,58509,58513,58399,91152
2025-12-11 11:40,58344,58419,58424,58339,114410
2025-12-11 11:45,58325,58349,58384,58325,49875
2025-12-11 11:50,58245,58334,58334,58215,86564
2025-12-11 11:55,58190,58250,58270,58180,73555
2025-12-11 12:00,58101,58185,58200,58041,156359
2025-12-11 12:05,57981,58106,58111,57932,179859
2025-12-11 12:10,57927,57981,58041,57882,168507
2025-12-11 12:15,57952,57927,57962,57862,75893
2025-12-11 12:20,57991,57952,58041,57952,109085
2025-12-11 12:25,58091,57986,58096,57962,94223
2025-12-11 12:30,58006,58096,58096,58006,65641
2025-12-11 12:35,57877,58016,58016,57872,102293
2025-12-11 12:40,57957,57882,57991,57882,62998
2025-12-11 12:45,58056,57957,58076,57952,46761
2025-12-11 12:50,58165,58051,58170,58046,76230
2025-12-11 12:55,58141,58160,58190,58101,85095
2025-12-11 13:00,58160,58141,58185,58126,76238
2025-12-11 13:05,58126,58150,58160,58081,67380
2025-12-11 13:10,58235,58126,58240,58121,59077
2025-12-11 13:15,58230,58235,58300,58230,98612
2025-12-11 13:20,58250,58225,58300,58210,70482
2025-12-11 13:25,58255,58250,58285,58225,41318
2025-12-11 13:30,58325,58260,58325,58250,66428
2025-12-11 13:35,58270,58320,58354,58265,74021
2025-12-11 13:40,58339,58280,58339,58260,60301
2025-12-11 13:45,58320,58334,58339,58300,30162
2025-12-11 13:50,58315,58315,58339,58290,43141
2025-12-11 13:55,58185,58315,58320,58185,69426
2025-12-11 14:00,58160,58185,58195,58121,62298
2025-12-11 14:05,58131,58165,58205,58131,39197
2025-12-11 14:10,58141,58131,58190,58121,33613
2025-12-11 14:15,58200,58136,58200,58131,29986
2025-12-11 14:20,58205,58195,58225,58170,64675
2025-12-11 14:25,58175,58200,58205,58155,50575
2025-12-11 14:30,58136,58180,58190,58091,112394
2025-12-11 14:35,58126,58141,58146,58101,30994
2025-12-11 14:40,58235,58121,58235,58106,123406
2025-12-11 14:45,58205,58240,58245,58185,68610
2025-12-11 14:50,58190,58205,58205,58141,51590
2025-12-11 14:55,58071,58200,58210,58066,103763
2025-12-11 15:00,58076,58066,58096,58051,50673
2025-12-11 15:05,57986,58076,58096,57981,78280
2025-12-11 15:10,57927,57986,57986,57912,106494
2025-12-11 15:15,57947,57922,57962,57907,128903
2025-12-11 15:20,57917,57947,57962,57912,67633
2025-12-12 9:00,58051,58170,58170,57962,99949
2025-12-12 9:05,58076,58051,58141,57927,161931
2025-12-12 9:10,58101,58081,58225,58041,133211
2025-12-12 9:15,58190,58096,58245,58091,140349
2025-12-12 9:20,58250,58185,58250,58066,192209
2025-12-12 9:25,58359,58250,58364,58185,125298
2025-12-12 9:30,58444,58361,58489,58339,127808
2025-12-12 9:35,58509,58449,58643,58414,197166
2025-12-12 9:40,58523,58499,58548,58454,79202
2025-12-12 9:45,58513,58523,58533,58454,123728
2025-12-12 9:50,58533,58513,58578,58504,163799
2025-12-12 9:55,58459,58528,58548,58459,152898
2025-12-12 10:00,58504,58469,58543,58454,148171
2025-12-12 10:05,58528,58499,58548,58469,132193
2025-12-12 10:10,58404,58523,58533,58394,168395
2025-12-12 10:15,58444,58404,58518,58394,200555
2025-12-12 10:20,58474,58444,58504,58414,154335
2025-12-12 10:25,58523,58474,58553,58444,104973
2025-12-12 10:30,58633,58523,58638,58494,176701
2025-12-12 10:35,58623,58638,58638,58558,131236
2025-12-12 10:40,58643,58628,58658,58603,69102
2025-12-12 10:45,58643,58643,58658,58583,49964
2025-12-12 10:50,58598,58643,58643,58573,65953
2025-12-12 10:55,58673,58598,58678,58563,100859
2025-12-12 11:00,58737,58673,58742,58653,126107
2025-12-12 11:05,58712,58742,58762,58712,46763
2025-12-12 11:10,58688,58712,58722,58678,21598
2025-12-12 11:15,58673,58683,58727,58663,59889
2025-12-12 11:20,58613,58678,58683,58583,46749
2025-12-12 11:25,58553,58613,58613,58474,135344
2025-12-12 11:30,58558,58553,58568,58494,63965
2025-12-12 11:35,58499,58558,58583,58484,41198
2025-12-12 11:40,58528,58499,58563,58499,19109
2025-12-12 11:45,58518,58533,58558,58509,29008
2025-12-12 11:50,58459,58513,58538,58454,36473
2025-12-12 11:55,58414,58464,58484,58409,59040
2025-12-12 12:00,58439,58419,58469,58414,62884
2025-12-12 12:05,58320,58459,58464,58320,79313
2025-12-12 12:10,58320,58329,58359,58315,33968
2025-12-12 12:15,58265,58320,58325,58260,37942
2025-12-12 12:20,58255,58260,58265,58180,91024
2025-12-12 12:25,58275,58255,58280,58230,31979
2025-12-12 12:30,58220,58275,58280,58210,45455
2025-12-12 12:35,58230,58220,58280,58200,57993
2025-12-12 12:40,58240,58230,58265,58190,52543
2025-12-12 12:45,58315,58240,58349,58240,58819
2025-12-12 12:50,58305,58310,58339,58290,118112
2025-12-12 12:55,58225,58302,58302,58225,60644
2025-12-12 13:00,58160,58230,58250,58160,93832
2025-12-12 13:05,58245,58165,58260,58165,63587
2025-12-12 13:10,58282,58250,58290,58235,83624
2025-12-12 13:15,58250,58285,58290,58195,43750
2025-12-12 13:20,58220,58255,58280,58195,43321
2025-12-12 13:25,58250,58225,58250,58195,35531
2025-12-12 13:30,58280,58255,58295,58250,55692
2025-12-12 13:35,58384,58280,58389,58270,77073
2025-12-12 13:40,58334,58384,58389,58320,37851
2025-12-12 13:45,58399,58339,58409,58315,67569
2025-12-12 13:50,58439,58404,58459,58399,121676
2025-12-12 13:55,58429,58439,58459,58419,35676
2025-12-12 14:00,58424,58429,58434,58384,60858
2025-12-12 14:05,58504,58419,58509,58419,129157
2025-12-12 14:10,58509,58504,58513,58459,92859
2025-12-12 14:15,58528,58504,58533,58484,73420
2025-12-12 14:20,58509,58528,58543,58499,58761
2025-12-12 14:25,58509,58513,58518,58459,67325
2025-12-12 14:30,58499,58513,58540,58484,55702
2025-12-12 14:35,58533,58504,58538,58494,45647
2025-12-12 14:40,58548,58538,58563,58523,59775
2025-12-12 14:45,58568,58548,58588,58528,120162
2025-12-12 14:50,58528,58568,58583,58513,93218
2025-12-12 14:55,58509,58538,58538,58479,62650
2025-12-12 15:00,58543,58504,58543,58484,61811
2025-12-12 15:05,58538,58543,58568,58528,38750
2025-12-12 15:10,58633,58533,58640,58533,85515
2025-12-12 15:15,58658,58633,58658,58593,102530
2025-12-12 15:20,58678,58658,58683,58643,88318
2025-12-15 9:00,57201,57250,57250,57136,148089
2025-12-15 9:05,57240,57181,57310,57032,357727
2025-12-15 9:10,57196,57240,57275,57166,180292
2025-12-15 9:15,57285,57201,57320,57161,165354
2025-12-15 9:20,57216,57285,57325,57131,185682
2025-12-15 9:25,57136,57226,57226,57126,121358
2025-12-15 9:30,57265,57146,57265,57106,115337
2025-12-15 9:35,57375,57265,57380,57245,149623
2025-12-15 9:40,57295,57375,57415,57260,120929
2025-12-15 9:45,57479,57285,57484,57250,97156
2025-12-15 9:50,57584,57474,57594,57459,110837
2025-12-15 9:55,57579,57584,57643,57554,104829
2025-12-15 10:00,57549,57574,57574,57474,134516
2025-12-15 10:05,57489,57544,57549,57444,94613
2025-12-15 10:10,57489,57479,57529,57464,113676
2025-12-15 10:15,57519,57489,57524,57449,105592
2025-12-15 10:20,57549,57524,57569,57454,102814
2025-12-15 10:25,57539,57549,57564,57484,80691
2025-12-15 10:30,57554,57539,57559,57499,33359
2025-12-15 10:35,57564,57544,57628,57499,119845
2025-12-15 10:40,57479,57564,57579,57474,73555
2025-12-15 10:45,57454,57474,57484,57395,93150
2025-12-15 10:50,57444,57454,57454,57380,47393
2025-12-15 10:55,57584,57449,57589,57439,60145
2025-12-15 11:00,57559,57584,57589,57534,34343
2025-12-15 11:05,57594,57554,57599,57544,53096
2025-12-15 11:10,57579,57589,57633,57569,63263
2025-12-15 11:15,57549,57579,57599,57539,47868
2025-12-15 11:20,57554,57549,57599,57524,46639
2025-12-15 11:25,57618,57559,57618,57494,64857
2025-12-15 11:30,57698,57613,57703,57594,129415
2025-12-15 11:35,57748,57693,57807,57693,75138
2025-12-15 11:40,57718,57743,57753,57678,72734
2025-12-15 11:45,57693,57718,57738,57673,36759
2025-12-15 11:50,57668,57693,57703,57643,48181
2025-12-15 11:55,57608,57673,57688,57603,27057
2025-12-15 12:00,57613,57613,57638,57569,27548
2025-12-15 12:05,57519,57608,57628,57514,46309
2025-12-15 12:10,57365,57519,57534,57360,172802
2025-12-15 12:15,57305,57360,57395,57295,82262
2025-12-15 12:20,57390,57300,57400,57265,96093
2025-12-15 12:25,57370,57390,57400,57340,71208
2025-12-15 12:30,57385,57370,57410,57355,53794
2025-12-15 12:35,57424,57390,57429,57370,33897
2025-12-15 12:40,57400,57424,57439,57390,21950
2025-12-15 12:45,57429,57400,57444,57380,31192
2025-12-15 12:50,57429,57434,57484,57410,32112
2025-12-15 12:55,57424,57424,57449,57410,21951
2025-12-15 13:00,57446,57429,57464,57415,12386
2025-12-15 13:05,57539,57446,57559,57434,73272
2025-12-15 13:10,57509,57536,57559,57489,53193
2025-12-15 13:15,57400,57514,57514,57390,91393
2025-12-15 13:20,57360,57405,57419,57340,83322
2025-12-15 13:25,57405,57355,57415,57350,34379
2025-12-15 13:30,57449,57410,57479,57385,46278
2025-12-15 13:35,57449,57454,57509,57434,32209
2025-12-15 13:40,57544,57449,57564,57449,53946
2025-12-15 13:45,57628,57539,57643,57539,94186
2025-12-15 13:50,57673,57633,57678,57628,76289
2025-12-15 13:55,57728,57663,57743,57663,97221
2025-12-15 14:00,57738,57723,57778,57718,78046
2025-12-15 14:05,57723,57753,57768,57688,36184
2025-12-15 14:10,57658,57723,57723,57658,33465
2025-12-15 14:15,57663,57668,57683,57643,21446
2025-12-15 14:20,57618,57663,57688,57618,61208
2025-12-15 14:25,57628,57618,57653,57613,27857
2025-12-15 14:30,57633,57633,57658,57628,29753
2025-12-15 14:35,57673,57628,57673,57589,45002
2025-12-15 14:40,57653,57673,57683,57633,33182
2025-12-15 14:45,57613,57663,57663,57589,73467
2025-12-15 14:50,57603,57618,57648,57594,48574
2025-12-15 14:55,57638,57603,57653,57603,154839
2025-12-15 15:00,57633,57638,57698,57633,198645
2025-12-15 15:05,57514,57633,57638,57509,234249
2025-12-15 15:10,57459,57514,57539,57434,216463
2025-12-15 15:15,57424,57459,57469,57415,206114
2025-12-15 15:20,57444,57424,57449,57410,98893
2025-12-16 9:00,57355,57260,57424,57260,107067
2025-12-16 9:05,57265,57360,57454,57265,241227
2025-12-16 9:10,56927,57275,57280,56887,198051
2025-12-16 9:15,56828,56922,57047,56820,250463
2025-12-16 9:20,57032,56828,57042,56788,185694
2025-12-16 9:25,56987,57037,57126,56977,148367
2025-12-16 9:30,57091,56987,57116,56977,132829
2025-12-16 9:35,56977,57091,57141,56917,193200
2025-12-16 9:40,56897,56962,56977,56833,155420
2025-12-16 9:45,56912,56902,56947,56848,130300
2025-12-16 9:50,56912,56907,56947,56838,158179
2025-12-16 9:55,56828,56922,56952,56778,192022
2025-12-16 10:00,56723,56828,56828,56703,296311
2025-12-16 10:05,56718,56713,56818,56698,122292
2025-12-16 10:10,56748,56718,56758,56684,173592
2025-12-16 10:15,56629,56748,56758,56579,199991
2025-12-16 10:20,56639,56629,56689,56589,61807
2025-12-16 10:25,56659,56629,56723,56629,124277
2025-12-16 10:30,56614,56659,56659,56589,102193
2025-12-16 10:35,56360,56614,56713,56360,275760
2025-12-16 10:40,56420,56360,56430,56345,132378
2025-12-16 10:45,56360,56420,56450,56350,149296
2025-12-16 10:50,56410,56355,56410,56286,128664
2025-12-16 10:55,56415,56405,56470,56345,96398
2025-12-16 11:00,56340,56405,56455,56335,62772
2025-12-16 11:05,56311,56335,56350,56261,125365
2025-12-16 11:10,56415,56311,56425,56306,57463
2025-12-16 11:15,56380,56415,56450,56370,41132
2025-12-16 11:20,56360,56380,56380,56316,49305
2025-12-16 11:25,56326,56365,56380,56286,51173
2025-12-16 11:30,56360,56326,56430,56326,74681
2025-12-16 11:35,56296,56355,56375,56281,39536
2025-12-16 11:40,56261,56306,56311,56236,101518
2025-12-16 11:45,56311,56271,56335,56256,31364
2025-12-16 11:50,56385,56316,56385,56306,44943
2025-12-16 11:55,56345,56385,56405,56321,55821
2025-12-16 12:00,56276,56345,56345,56276,37443
2025-12-16 12:05,56350,56286,56380,56266,40958
2025-12-16 12:10,56321,56350,56400,56296,118346
2025-12-16 12:15,56380,56321,56400,56281,43612
2025-12-16 12:20,56370,56380,56385,56345,42201
2025-12-16 12:25,56330,56365,56375,56321,31824
2025-12-16 12:30,56271,56330,56335,56256,105877
2025-12-16 12:35,56241,56266,56271,56181,159120
2025-12-16 12:40,56281,56241,56291,56226,68895
2025-12-16 12:45,56296,56276,56335,56251,71015
2025-12-16 12:50,56385,56301,56390,56286,114298
2025-12-16 12:55,56514,56395,56559,56395,162399
2025-12-16 13:00,56460,56509,56519,56445,95423
2025-12-16 13:05,56301,56460,56470,56296,101470
2025-12-16 13:10,56296,56301,56326,56223,120021
2025-12-16 13:15,56311,56301,56380,56281,96564
2025-12-16 13:20,56345,56311,56370,56311,58865
2025-12-16 13:25,56430,56340,56460,56321,136667
2025-12-16 13:30,56425,56430,56445,56360,60421
2025-12-16 13:35,56420,56425,56440,56395,19692
2025-12-16 13:40,56539,56425,56554,56425,102583
2025-12-16 13:45,56485,56539,56551,56455,67873
2025-12-16 13:50,56465,56475,56500,56440,42812
2025-12-16 13:55,56470,56470,56480,56430,50423
2025-12-16 14:00,56455,56470,56485,56420,31170
2025-12-16 14:05,56420,56455,56470,56390,38572
2025-12-16 14:10,56380,56420,56435,56365,42816
2025-12-16 14:15,56440,56385,56440,56370,38496
2025-12-16 14:20,56450,56440,56480,56420,52154
2025-12-16 14:25,56400,56455,56455,56390,37558
2025-12-16 14:30,56321,56400,56430,56311,47671
2025-12-16 14:35,56306,56316,56340,56296,52613
2025-12-16 14:40,56321,56306,56335,56281,113435
2025-12-16 14:45,56321,56326,56345,56281,105555
2025-12-16 14:50,56261,56321,56340,56251,89012
2025-12-16 14:55,56231,56256,56266,56216,69412
2025-12-16 15:00,56156,56226,56226,56142,212656
2025-12-16 15:05,56087,56156,56161,56067,152620
2025-12-16 15:10,56102,56084,56117,56052,93357
2025-12-16 15:15,56127,56102,56132,56067,90449
2025-12-16 15:20,56097,56127,56146,56092,194069
2025-12-17 9:00,56281,56321,56340,56251,134350
2025-12-17 9:05,56057,56271,56345,56027,337653
2025-12-17 9:10,56321,56057,56360,56022,486390
2025-12-17 9:15,56301,56313,56410,56241,215499
2025-12-17 9:20,56345,56291,56480,56291,175992
2025-12-17 9:25,56400,56350,56420,56196,167233
2025-12-17 9:30,56395,56405,56450,56256,163719
2025-12-17 9:35,56330,56390,56420,56296,114235
2025-12-17 9:40,56375,56335,56390,56301,103012
2025-12-17 9:45,56405,56370,56445,56330,156849
2025-12-17 9:50,56326,56410,56460,56296,217994
2025-12-17 9:55,56216,56326,56385,56216,128602
2025-12-17 10:00,56321,56216,56321,56176,132782
2025-12-17 10:05,56490,56321,56500,56311,223005
2025-12-17 10:10,56514,56490,56529,56430,123979
2025-12-17 10:15,56470,56509,56559,56455,137850
2025-12-17 10:20,56534,56462,56544,56445,127399
2025-12-17 10:25,56629,56539,56629,56529,145453
2025-12-17 10:30,56599,56624,56639,56519,151764
2025-12-17 10:35,56609,56609,56644,56549,127510
2025-12-17 10:40,56549,56609,56614,56475,164723
2025-12-17 10:45,56654,56544,56679,56544,173039
2025-12-17 10:50,56564,56649,56679,56539,117028
2025-12-17 10:55,56514,56559,56579,56455,55253
2025-12-17 11:00,56574,56519,56604,56514,87973
2025-12-17 11:05,56589,56574,56624,56534,44734
2025-12-17 11:10,56579,56589,56599,56509,41849
2025-12-17 11:15,56599,56584,56684,56584,138517
2025-12-17 11:20,56574,56604,56604,56529,49453
2025-12-17 11:25,56514,56569,56589,56485,73436
2025-12-17 11:30,56644,56514,56644,56509,52378
2025-12-17 11:35,56574,56644,56659,56539,46908
2025-12-17 11:40,56669,56574,56684,56569,103978
2025-12-17 11:45,56684,56669,56693,56634,71838
2025-12-17 11:50,56728,56679,56733,56669,60381
2025-12-17 11:55,56639,56728,56728,56629,35045
2025-12-17 12:00,56649,56634,56679,56609,30740
2025-12-17 12:05,56629,56659,56684,56614,13676
2025-12-17 12:10,56674,56629,56684,56609,29028
2025-12-17 12:15,56629,56674,56674,56599,16321
2025-12-17 12:20,56619,56639,56639,56554,33722
2025-12-17 12:25,56574,56619,56634,56524,30494
2025-12-17 12:30,56554,56579,56614,56549,22618
2025-12-17 12:35,56619,56559,56649,56549,29596
2025-12-17 12:40,56713,56619,56713,56619,60944
2025-12-17 12:45,56654,56703,56718,56639,39422
2025-12-17 12:50,56713,56659,56743,56659,78923
2025-12-17 12:55,56684,56718,56733,56664,41171
2025-12-17 13:00,56684,56693,56708,56669,9314
2025-12-17 13:05,56783,56689,56783,56684,69470
2025-12-17 13:10,56833,56783,56848,56773,100613
2025-12-17 13:15,56803,56838,56848,56778,37435
2025-12-17 13:20,56773,56808,56833,56773,63483
2025-12-17 13:25,56773,56775,56810,56758,28256
2025-12-17 13:30,56748,56773,56793,56738,45393
2025-12-17 13:35,56669,56748,56778,56664,74101
2025-12-17 13:40,56559,56674,56674,56559,86324
2025-12-17 13:45,56485,56559,56574,56470,148325
2025-12-17 13:50,56534,56485,56564,56475,73849
2025-12-17 13:55,56534,56539,56574,56519,66325
2025-12-17 14:00,56420,56534,56569,56415,85612
2025-12-17 14:05,56544,56440,56574,56415,87665
2025-12-17 14:10,56554,56539,56574,56514,44491
2025-12-17 14:15,56485,56544,56569,56485,21917
2025-12-17 14:20,56480,56480,56529,56450,48569
2025-12-17 14:25,56485,56485,56529,56470,19184
2025-12-17 14:30,56574,56490,56579,56475,48266
2025-12-17 14:35,56619,56579,56654,56574,89751
2025-12-17 14:40,56723,56619,56743,56609,116684
2025-12-17 14:45,56803,56723,56838,56703,122220
2025-12-17 14:50,56873,56803,56887,56803,170639
2025-12-17 14:55,56972,56873,56972,56843,126265
2025-12-17 15:00,56982,56967,57017,56962,124604
2025-12-17 15:05,57081,56992,57081,56962,134970
2025-12-17 15:10,57136,57076,57136,57042,125421
2025-12-17 15:15,57181,57136,57186,57101,132887
2025-12-17 15:20,57181,57186,57196,57161,168317
2025-12-18 9:00,56281,56266,56306,56196,155786
2025-12-18 9:05,56365,56286,56480,56112,213446
2025-12-18 9:10,56360,56370,56624,56281,223900
2025-12-18 9:15,56480,56370,56549,56370,217831
2025-12-18 9:20,56544,56475,56753,56465,262964
2025-12-18 9:25,56743,56549,56743,56519,225210
2025-12-18 9:30,56728,56748,56763,56594,170702
2025-12-18 9:35,56728,56738,56813,56708,157806
2025-12-18 9:40,56689,56728,56788,56649,66373
2025-12-18 9:45,56674,56684,56733,56609,106324
2025-12-18 9:50,56853,56664,56863,56659,146362
2025-12-18 9:55,56907,56858,56917,56798,91901
2025-12-18 10:00,56718,56902,56927,56708,112192
2025-12-18 10:05,56639,56718,56748,56569,142387
2025-12-18 10:10,56524,56639,56698,56524,174899
2025-12-18 10:15,56440,56529,56534,56425,175915
2025-12-18 10:20,56415,56440,56460,56375,176765
2025-12-18 10:25,56380,56415,56539,56380,195151
2025-12-18 10:30,56470,56395,56509,56365,118902
2025-12-18 10:35,56440,56460,56514,56380,165558
2025-12-18 10:40,56485,56445,56500,56405,100114
2025-12-18 10:45,56495,56495,56534,56455,90178
2025-12-18 10:50,56554,56495,56589,56490,110983
2025-12-18 10:55,56534,56554,56559,56445,85487
2025-12-18 11:00,56559,56529,56599,56490,102075
2025-12-18 11:05,56564,56564,56594,56495,110595
2025-12-18 11:10,56609,56569,56619,56544,96955
2025-12-18 11:15,56564,56604,56684,56519,124632
2025-12-18 11:20,56733,56569,56748,56569,156171
2025-12-18 11:25,56524,56738,56738,56524,95203
2025-12-18 11:30,56669,56529,56674,56524,78431
2025-12-18 11:35,56659,56654,56669,56594,63620
2025-12-18 11:40,56514,56659,56659,56514,95336
2025-12-18 11:45,56470,56519,56534,56435,127420
2025-12-18 11:50,56435,56470,56534,56420,91045
2025-12-18 11:55,56495,56440,56519,56430,65187
2025-12-18 12:00,56390,56490,56495,56375,96729
2025-12-18 12:05,56286,56390,56395,56261,156297
2025-12-18 12:10,56340,56291,56350,56246,107526
2025-12-18 12:15,56221,56340,56340,56216,150727
2025-12-18 12:20,56161,56221,56233,56156,171153
2025-12-18 12:25,56146,56161,56166,56117,127813
2025-12-18 12:30,56142,56146,56171,56092,164273
2025-12-18 12:35,56151,56146,56216,56122,151366
2025-12-18 12:40,56151,56161,56186,56137,132056
2025-12-18 12:45,56112,56146,56181,56052,172340
2025-12-18 12:50,56142,56107,56142,56077,86306
2025-12-18 12:55,56146,56137,56181,56122,108484
2025-12-18 13:00,56117,56146,56156,56057,101085
2025-12-18 13:05,56181,56117,56241,56107,113145
2025-12-18 13:10,56191,56181,56231,56176,85460
2025-12-18 13:15,56221,56201,56221,56161,106653
2025-12-18 13:20,56236,56216,56261,56186,121117
2025-12-18 13:25,56306,56236,56335,56231,109326
2025-12-18 13:30,56365,56306,56375,56286,120145
2025-12-18 13:35,56420,56365,56435,56360,101647
2025-12-18 13:40,56435,56420,56435,56355,117103
2025-12-18 13:45,56529,56435,56539,56415,176133
2025-12-18 13:50,56529,56534,56559,56509,98755
2025-12-18 13:55,56505,56529,56554,56505,66664
2025-12-18 14:00,56505,56505,56514,56460,118806
2025-12-18 14:05,56604,56509,56619,56509,268640
2025-12-18 14:10,56604,56604,56624,56574,116614
2025-12-18 14:15,56591,56609,56614,56564,90581
2025-12-18 14:20,56594,56591,56624,56579,105284
2025-12-18 14:25,56574,56594,56619,56569,71623
2025-12-18 14:30,56718,56579,56723,56539,206363
2025-12-18 14:35,56728,56723,56758,56713,64738
2025-12-18 14:40,56743,56725,56748,56669,80023
2025-12-18 14:45,56644,56743,56748,56639,74893
2025-12-18 14:50,56684,56644,56698,56639,43705
2025-12-18 14:55,56664,56684,56684,56654,48585
2025-12-18 15:00,56738,56664,56738,56664,81488
2025-12-18 15:05,56629,56738,56753,56629,112215
2025-12-18 15:10,56674,56639,56708,56634,100486
2025-12-18 15:15,56509,56674,56674,56505,124479
2025-12-18 15:20,56534,56509,56544,56495,70232
2025-12-19 9:00,57380,57340,57410,57340,191039
2025-12-19 9:05,57002,57385,57395,57002,473122
2025-12-19 9:10,56897,57002,57066,56877,140760
2025-12-19 9:15,56897,56887,56972,56843,140400
2025-12-19 9:20,56798,56907,56937,56745,170353
2025-12-19 9:25,56783,56793,56873,56758,87692
2025-12-19 9:30,56892,56778,56917,56773,124762
2025-12-19 9:35,56748,56892,56927,56738,120294
2025-12-19 9:40,56743,56758,56882,56723,117516
2025-12-19 9:45,56743,56743,56808,56718,84323
2025-12-19 9:50,56654,56753,56778,56614,114618
2025-12-19 9:55,56743,56654,56798,56639,139384
2025-12-19 10:00,56698,56733,56793,56689,127507
2025-12-19 10:05,56594,56693,56698,56589,113732
2025-12-19 10:10,56644,56594,56689,56594,45250
2025-12-19 10:15,56599,56644,56644,56544,122228
2025-12-19 10:20,56604,56594,56689,56559,82957
2025-12-19 10:25,56579,56604,56624,56544,58126
2025-12-19 10:30,56594,56574,56614,56529,52042
2025-12-19 10:35,56649,56589,56679,56559,70098
2025-12-19 10:40,56763,56649,56798,56614,120017
2025-12-19 10:45,56718,56763,56773,56689,58130
2025-12-19 10:50,56743,56718,56783,56684,45122
2025-12-19 10:55,56738,56743,56793,56723,48862
2025-12-19 11:00,56703,56733,56773,56689,46737
2025-12-19 11:05,56674,56708,56778,56654,59196
2025-12-19 11:10,56833,56679,56838,56674,93268
2025-12-19 11:15,56887,56833,56902,56833,87091
2025-12-19 11:20,56853,56887,56937,56818,67488
2025-12-19 11:25,56882,56848,56887,56818,40320
2025-12-19 11:30,56788,56887,56887,56778,36034
2025-12-19 11:35,56713,56783,56823,56713,53691
2025-12-19 11:40,56778,56708,56813,56689,58686
2025-12-19 11:45,56728,56773,56803,56728,19418
2025-12-19 11:50,56708,56733,56753,56708,27059
2025-12-19 11:55,56738,56703,56768,56698,32179
2025-12-19 12:00,56743,56743,56793,56713,28234
2025-12-19 12:05,56778,56748,56778,56718,27668
2025-12-19 12:10,56813,56778,56853,56758,118477
2025-12-19 12:15,56863,56813,56892,56803,78989
2025-12-19 12:20,56743,56863,56882,56723,91394
2025-12-19 12:25,57002,56743,57007,56743,190019
2025-12-19 12:30,57047,57007,57131,57007,305608
2025-12-19 12:35,56877,57052,57071,56863,144118
2025-12-19 12:40,56868,56887,56892,56823,85430
2025-12-19 12:45,56897,56873,56952,56868,98084
2025-12-19 12:50,56942,56897,56967,56892,69299
2025-12-19 12:55,57071,56957,57096,56957,142380
2025-12-19 13:00,57022,57071,57081,56992,117197
2025-12-19 13:05,57091,57022,57096,57012,98841
2025-12-19 13:10,57096,57086,57131,57071,102332
2025-12-19 13:15,57091,57086,57126,57061,56851
2025-12-19 13:20,57101,57091,57126,57081,50903
2025-12-19 13:25,57032,57101,57101,57022,83111
2025-12-19 13:30,56972,57027,57027,56937,88619
2025-12-19 13:35,56962,56982,56992,56947,57661
2025-12-19 13:40,56962,56957,56962,56877,85852
2025-12-19 13:45,56927,56962,56962,56877,34399
2025-12-19 13:50,57002,56917,57022,56907,65768
2025-12-19 13:55,56932,57002,57007,56927,35863
2025-12-19 14:00,56942,56932,56977,56912,47062
2025-12-19 14:05,56863,56947,56967,56858,68283
2025-12-19 14:10,56942,56868,56957,56863,80652
2025-12-19 14:15,56987,56937,56987,56917,48874
2025-12-19 14:20,57081,56977,57081,56977,138845
2025-12-19 14:25,57076,57081,57116,57056,206354
2025-12-19 14:30,57081,57086,57101,57027,58977
2025-12-19 14:35,57037,57076,57086,57032,29845
2025-12-19 14:40,57101,57037,57111,57017,124788
2025-12-19 14:45,57037,57101,57101,57022,34905
2025-12-19 14:50,56972,57042,57052,56957,52004
2025-12-19 14:55,56962,56967,57007,56947,65779
2025-12-19 15:00,56897,56962,56977,56877,87687
2025-12-19 15:05,56838,56902,56902,56788,95761
2025-12-19 15:10,56858,56838,56873,56813,49844
2025-12-19 15:15,56858,56858,56882,56833,117853
2025-12-19 15:20,56907,56853,56922,56848,98158
2025-12-22 9:00,57971,58021,58041,57897,227485
2025-12-22 9:05,57897,57981,58041,57817,432284
2025-12-22 9:10,57867,57907,57981,57822,307667
2025-12-22 9:15,57857,57882,57962,57822,183083
2025-12-22 9:20,57882,57872,57942,57807,227834
2025-12-22 9:25,57966,57882,57981,57832,173897
2025-12-22 9:30,58016,57966,58046,57962,220235
2025-12-22 9:35,58131,58016,58141,58006,184517
2025-12-22 9:40,58011,58136,58141,58001,77578
2025-12-22 9:45,58036,58011,58051,57981,99080
2025-12-22 9:50,58046,58036,58051,57996,56219
2025-12-22 9:55,57971,58046,58061,57962,63718
2025-12-22 10:00,57976,57966,58001,57924,71464
2025-12-22 10:05,57976,57976,58056,57937,101913
2025-12-22 10:10,57827,57971,57991,57827,93207
2025-12-22 10:15,57887,57827,57892,57773,131237
2025-12-22 10:20,57897,57882,57932,57872,117586
2025-12-22 10:25,57857,57897,57922,57852,41564
2025-12-22 10:30,57912,57857,57922,57852,115480
2025-12-22 10:35,57867,57902,57922,57857,46780
2025-12-22 10:40,57877,57867,57897,57842,59631
2025-12-22 10:45,57887,57882,57892,57822,91653
2025-12-22 10:50,57867,57887,57952,57862,95256
2025-12-22 10:55,57857,57867,57867,57812,120237
2025-12-22 11:00,57962,57857,57976,57857,84341
2025-12-22 11:05,58026,57976,58056,57976,147164
2025-12-22 11:10,57996,58026,58046,57981,45260
2025-12-22 11:15,57922,57996,58006,57897,65845
2025-12-22 11:20,57902,57927,57937,57882,34607
2025-12-22 11:25,57902,57892,57942,57892,33201
2025-12-22 11:30,57947,57897,57952,57887,39003
2025-12-22 11:35,58001,57942,58036,57937,78425
2025-12-22 11:40,57962,58006,58026,57947,57586
2025-12-22 11:45,57976,57962,58006,57942,29470
2025-12-22 11:50,58016,57981,58031,57976,29481
2025-12-22 11:55,57991,58016,58026,57986,20310
2025-12-22 12:00,57986,57996,58011,57976,32875
2025-12-22 12:05,58001,57986,58036,57976,55365
2025-12-22 12:10,57986,57996,58031,57986,30999
2025-12-22 12:15,57966,57991,58011,57942,66879
2025-12-22 12:20,57932,57957,57991,57922,48355
2025-12-22 12:25,57922,57932,57947,57902,36346
2025-12-22 12:30,57847,57912,57912,57842,93519
2025-12-22 12:35,57867,57852,57892,57832,54654
2025-12-22 12:40,57862,57867,57892,57847,47204
2025-12-22 12:45,57902,57867,57912,57842,46401
2025-12-22 12:50,57912,57902,57937,57897,58970
2025-12-22 12:55,57887,57917,57932,57867,29706
2025-12-22 13:00,57917,57887,57917,57847,47598
2025-12-22 13:05,57837,57912,57912,57817,62422
2025-12-22 13:10,57852,57847,57872,57822,40824
2025-12-22 13:15,57857,57857,57867,57837,31523
2025-12-22 13:20,57852,57862,57877,57842,59256
2025-12-22 13:25,57887,57857,57897,57847,46123
2025-12-22 13:30,57887,57887,57892,57847,76480
2025-12-22 13:35,57872,57887,57902,57862,31390
2025-12-22 13:40,57882,57872,57902,57872,35345
2025-12-22 13:45,57847,57887,57897,57837,86299
2025-12-22 13:50,57872,57852,57882,57827,75675
2025-12-22 13:55,57912,57877,57937,57872,88624
2025-12-22 14:00,57907,57912,57922,57872,40532
2025-12-22 14:05,57947,57912,57957,57902,70913
2025-12-22 14:10,57932,57944,57971,57912,69687
2025-12-22 14:15,57897,57932,57937,57882,22266
2025-12-22 14:20,57937,57897,57952,57887,45971
2025-12-22 14:25,57912,57942,57947,57897,57958
2025-12-22 14:30,57922,57912,57947,57912,105476
2025-12-22 14:35,57932,57922,57962,57922,97971
2025-12-22 14:40,57932,57932,57952,57917,57578
2025-12-22 14:45,57897,57932,57947,57892,88363
2025-12-22 14:50,57937,57897,57942,57857,137352
2025-12-22 14:55,58026,57942,58043,57942,190930
2025-12-22 15:00,58066,58026,58086,58021,176455
2025-12-22 15:05,58121,58066,58150,58066,155969
2025-12-22 15:10,58136,58121,58160,58106,145862
2025-12-22 15:15,58111,58136,58146,58096,77650
2025-12-22 15:20,58106,58111,58116,58071,88073
2025-12-23 9:00,58394,58394,58449,58379,146558
2025-12-23 9:05,58329,58399,58523,58280,410681
2025-12-23 9:10,58409,58325,58484,58280,278159
2025-12-23 9:15,58509,58419,58538,58389,130551
2025-12-23 9:20,58568,58513,58583,58474,150819
2025-12-23 9:25,58702,58568,58727,58548,191259
2025-12-23 9:30,58613,58702,58742,58598,154894
2025-12-23 9:35,58722,58613,58737,58608,111445
2025-12-23 9:40,58697,58722,58762,58653,123462
2025-12-23 9:45,58603,58697,58702,58568,177571
2025-12-23 9:50,58648,58598,58668,58593,110112
2025-12-23 9:55,58593,58648,58658,58588,65361
2025-12-23 10:00,58523,58588,58593,58454,165352
2025-12-23 10:05,58618,58518,58648,58494,103441
2025-12-23 10:10,58598,58623,58702,58593,177969
2025-12-23 10:15,58583,58598,58628,58553,110348
2025-12-23 10:20,58563,58588,58598,58543,150932
2025-12-23 10:25,58523,58558,58563,58499,63904
2025-12-23 10:30,58548,58523,58558,58509,56859
2025-12-23 10:35,58509,58553,58598,58479,101197
2025-12-23 10:40,58583,58509,58588,58489,72660
2025-12-23 10:45,58558,58588,58628,58558,97599
2025-12-23 10:50,58518,58558,58568,58504,49248
2025-12-23 10:55,58533,58513,58548,58504,46667
2025-12-23 11:00,58494,58528,58538,58489,49451
2025-12-23 11:05,58504,58494,58518,58449,73521
2025-12-23 11:10,58558,58504,58558,58499,72168
2025-12-23 11:15,58588,58553,58588,58523,69110
2025-12-23 11:20,58558,58583,58593,58538,45623
2025-12-23 11:25,58513,58563,58588,58513,53968
2025-12-23 11:30,58509,58513,58513,58469,93630
2025-12-23 11:35,58464,58509,58523,58444,62460
2025-12-23 11:40,58404,58459,58464,58369,125450
2025-12-23 11:45,58404,58404,58429,58389,122744
2025-12-23 11:50,58434,58404,58439,58389,210246
2025-12-23 11:55,58419,58434,58444,58399,49888
2025-12-23 12:00,58434,58419,58444,58394,34432
2025-12-23 12:05,58414,58429,58439,58414,68267
2025-12-23 12:10,58434,58419,58434,58399,81779
2025-12-23 12:15,58429,58434,58454,58404,35814
2025-12-23 12:20,58429,58429,58474,58414,55788
2025-12-23 12:25,58454,58424,58469,58424,29307
2025-12-23 12:30,58419,58454,58459,58399,38850
2025-12-23 12:35,58325,58419,58424,58320,91131
2025-12-23 12:40,58310,58325,58329,58270,142667
2025-12-23 12:45,58300,58305,58315,58275,56205
2025-12-23 12:50,58270,58300,58310,58260,58402
2025-12-23 12:55,58275,58270,58320,58265,50113
2025-12-23 13:00,58310,58280,58310,58270,43267
2025-12-23 13:05,58295,58305,58305,58265,60599
2025-12-23 13:10,58310,58290,58322,58270,67090
2025-12-23 13:15,58364,58305,58369,58305,92866
2025-12-23 13:20,58424,58359,58434,58354,82801
2025-12-23 13:25,58499,58429,58518,58414,155990
2025-12-23 13:30,58494,58504,58528,58484,94870
2025-12-23 13:35,58454,58489,58504,58444,94091
2025-12-23 13:40,58484,58449,58499,58434,100503
2025-12-23 13:45,58474,58486,58489,58464,70387
2025-12-23 13:50,58444,58474,58474,58424,80123
2025-12-23 13:55,58444,58454,58476,58434,97322
2025-12-23 14:00,58484,58439,58489,58439,60412
2025-12-23 14:05,58449,58486,58513,58449,70027
2025-12-23 14:10,58369,58454,58454,58364,108380
2025-12-23 14:15,58369,58364,58384,58325,81599
2025-12-23 14:20,58429,58369,58434,58359,66266
2025-12-23 14:25,58384,58429,58434,58379,44044
2025-12-23 14:30,58429,58379,58464,58374,43399
2025-12-23 14:35,58384,58429,58434,58384,108610
2025-12-23 14:40,58379,58384,58409,58374,95129
2025-12-23 14:45,58359,58379,58384,58349,192737
2025-12-23 14:50,58379,58359,58399,58349,66947
2025-12-23 14:55,58359,58379,58384,58349,87328
2025-12-23 15:00,58379,58364,58389,58354,151251
2025-12-23 15:05,58310,58379,58389,58310,111533
2025-12-23 15:10,58240,58310,58339,58240,113463
2025-12-23 15:15,58250,58245,58275,58220,89033
2025-12-23 15:20,58305,58245,58310,58240,137195
2025-12-24 9:00,58548,58598,58618,58518,80099
2025-12-24 9:05,58479,58548,58595,58414,277165
2025-12-24 9:10,58593,58479,58618,58474,202685
2025-12-24 9:15,58583,58583,58628,58523,181476
2025-12-24 9:20,58603,58588,58613,58489,145589
2025-12-24 9:25,58583,58603,58628,58553,175060
2025-12-24 9:30,58553,58588,58613,58533,84674
2025-12-24 9:35,58573,58553,58593,58518,121576
2025-12-24 9:40,58638,58578,58653,58573,224430
2025-12-24 9:45,58598,58643,58653,58598,107704
2025-12-24 9:50,58623,58603,58658,58593,92272
2025-12-24 9:55,58558,58623,58628,58548,103978
2025-12-24 10:00,58499,58558,58568,58484,129827
2025-12-24 10:05,58464,58504,58504,58409,172524
2025-12-24 10:10,58499,58464,58509,58449,121915
2025-12-24 10:15,58538,58509,58563,58499,133190
2025-12-24 10:20,58608,58538,58618,58533,127840
2025-12-24 10:25,58608,58608,58628,58568,98342
2025-12-24 10:30,58558,58608,58618,58548,98832
2025-12-24 10:35,58573,58558,58573,58518,76874
2025-12-24 10:40,58499,58573,58598,58494,91058
2025-12-24 10:45,58543,58499,58543,58489,89554
2025-12-24 10:50,58553,58543,58558,58489,128360
2025-12-24 10:55,58538,58553,58558,58494,108553
2025-12-24 11:00,58543,58538,58553,58513,74794
2025-12-24 11:05,58568,58543,58573,58533,78898
2025-12-24 11:10,58533,58563,58568,58528,65092
2025-12-24 11:15,58553,58533,58568,58513,56005
2025-12-24 11:20,58558,58553,58568,58518,65705
2025-12-24 11:25,58523,58558,58573,58513,72184
2025-12-24 11:30,58533,58528,58533,58509,61698
2025-12-24 11:35,58484,58533,58538,58484,73387
2025-12-24 11:40,58459,58494,58513,58459,88473
2025-12-24 11:45,58499,58464,58513,58459,66487
2025-12-24 11:50,58494,58499,58499,58454,68070
2025-12-24 11:55,58479,58494,58509,58474,53897
2025-12-24 12:00,58484,58479,58509,58464,58432
2025-12-24 12:05,58464,58484,58484,58449,86352
2025-12-24 12:10,58429,58459,58479,58419,207097
2025-12-24 12:15,58494,58429,58499,58419,67248
2025-12-24 12:20,58499,58496,58509,58474,61313
2025-12-24 12:25,58523,58499,58543,58499,134485
2025-12-24 12:30,58513,58528,58528,58494,79891
2025-12-24 12:35,58513,58509,58538,58499,71439
2025-12-24 12:40,58533,58509,58533,58489,94552
2025-12-24 12:45,58499,58533,58538,58494,56576
2025-12-24 12:50,58518,58509,58528,58489,68495
2025-12-24 12:55,58489,58518,58528,58479,66040
2025-12-24 13:00,58484,58494,58499,58469,60544
2025-12-24 13:05,58489,58484,58513,58479,103787
2025-12-24 13:10,58494,58489,58513,58474,86860
2025-12-24 13:15,58484,58499,58499,58476,125970
2025-12-24 13:20,58474,58479,58484,58459,144364
2025-12-24 13:25,58459,58469,58484,58449,153684
2025-12-24 13:30,58474,58459,58484,58434,68331
2025-12-24 13:35,58459,58474,58474,58444,75468
2025-12-24 13:40,58414,58459,58459,58409,168959
2025-12-24 13:45,58399,58414,58429,58384,80297
2025-12-24 13:50,58369,58394,58399,58349,118447
2025-12-24 13:55,58320,58364,58369,58315,135865
2025-12-24 14:00,58320,58320,58325,58290,184808
2025-12-24 14:05,58325,58320,58354,58315,115294
2025-12-24 14:10,58320,58325,58329,58300,102592
2025-12-24 14:15,58329,58320,58349,58310,68285
2025-12-24 14:20,58300,58334,58349,58300,72042
2025-12-24 14:25,58310,58305,58320,58275,87058
2025-12-24 14:30,58329,58310,58334,58300,66995
2025-12-24 14:35,58354,58325,58379,58325,89955
2025-12-24 14:40,58369,58354,58379,58349,53095
2025-12-24 14:45,58359,58369,58399,58349,158465
2025-12-24 14:50,58384,58364,58394,58349,60757
2025-12-24 14:55,58354,58389,58389,58349,41497
2025-12-24 15:00,58320,58354,58369,58305,52120
2025-12-24 15:05,58339,58310,58351,58285,71261
2025-12-24 15:10,58320,58339,58349,58315,37421
2025-12-24 15:15,58329,58315,58339,58290,560209
2025-12-24 15:20,58315,58334,58344,58280,867439
2025-12-26 9:00,58518,58528,58558,58494,121234
2025-12-26 9:05,58767,58523,58767,58518,407402
2025-12-26 9:10,58638,58762,58822,58628,181919
2025-12-26 9:15,58727,58633,58757,58560,186656
2025-12-26 9:20,58767,58727,58792,58697,223160
2025-12-26 9:25,58911,58762,58916,58762,282411
2025-12-26 9:30,58906,58911,58936,58876,138594
2025-12-26 9:35,58916,58906,58931,58876,153408
2025-12-26 9:40,58911,58916,58926,58896,61175
2025-12-26 9:45,58847,58911,58911,58812,119538
2025-12-26 9:50,58901,58847,58901,58842,100631
2025-12-26 9:55,58916,58901,58936,58886,87324
2025-12-26 10:00,58852,58926,58956,58847,155995
2025-12-26 10:05,58901,58872,58916,58857,37719
2025-12-26 10:10,58857,58906,58911,58842,76029
2025-12-26 10:15,58832,58852,58872,58787,86623
2025-12-26 10:20,58891,58832,58891,58827,107374
2025-12-26 10:25,58876,58886,58906,58852,63330
2025-12-26 10:30,58951,58876,58951,58872,101524
2025-12-26 10:35,59011,58936,59021,58936,154821
2025-12-26 10:40,59011,59011,59041,58991,93695
2025-12-26 10:45,58916,59006,59006,58906,84929
2025-12-26 10:50,58911,58916,58946,58881,100133
2025-12-26 10:55,58921,58916,58926,58891,54831
2025-12-26 11:00,58976,58921,58981,58921,79394
2025-12-26 11:05,58996,58976,59036,58971,88741
2025-12-26 11:10,58981,58996,59046,58966,97491
2025-12-26 11:15,58991,58986,59006,58956,55847
2025-12-26 11:20,58991,58991,59026,58986,45170
2025-12-26 11:25,59041,58991,59046,58986,96567
2025-12-26 11:30,59016,59041,59046,59006,58631
2025-12-26 11:35,59016,59016,59026,58971,68419
2025-12-26 11:40,59070,59021,59075,59011,154489
2025-12-26 11:45,59051,59075,59080,59041,54304
2025-12-26 11:50,59041,59056,59090,59031,143873
2025-12-26 11:55,59065,59041,59075,59031,107743
2025-12-26 12:00,59060,59065,59065,59041,45933
2025-12-26 12:05,59011,59060,59070,59006,51314
2025-12-26 12:10,59011,59016,59021,58991,52762
2025-12-26 12:15,59006,59016,59036,59006,36814
2025-12-26 12:20,58991,59011,59016,58966,63684
2025-12-26 12:25,59001,58991,59001,58951,56663
2025-12-26 12:30,59006,58998,59011,58966,52258
2025-12-26 12:35,59011,59006,59016,58971,97316
2025-12-26 12:40,58976,59011,59016,58976,40243
2025-12-26 12:45,58961,58981,58981,58941,54062
2025-12-26 12:50,58872,58956,58961,58872,97385
2025-12-26 12:55,58852,58876,58876,58817,117341
2025-12-26 13:00,58822,58847,58852,58807,84649
2025-12-26 13:05,58767,58822,58832,58762,148643
2025-12-26 13:10,58782,58767,58822,58737,128819
2025-12-26 13:15,58772,58784,58787,58737,62064
2025-12-26 13:20,58747,58782,58792,58742,56335
2025-12-26 13:25,58782,58747,58782,58732,51341
2025-12-26 13:30,58797,58772,58817,58762,71273
2025-12-26 13:35,58772,58797,58802,58762,38438
2025-12-26 13:40,58747,58777,58787,58747,40203
2025-12-26 13:45,58742,58747,58762,58727,87732
2025-12-26 13:50,58762,58737,58762,58732,39576
2025-12-26 13:55,58737,58767,58787,58737,41760
2025-12-26 14:00,58747,58742,58777,58737,33814
2025-12-26 14:05,58797,58752,58812,58747,83230
2025-12-26 14:10,58812,58797,58817,58787,68749
2025-12-26 14:15,58777,58807,58812,58762,68310
2025-12-26 14:20,58772,58777,58797,58767,68696
2025-12-26 14:25,58742,58767,58777,58732,65786
2025-12-26 14:30,58787,58747,58787,58727,78194
2025-12-26 14:35,58812,58787,58812,58767,64796
2025-12-26 14:40,58822,58812,58832,58797,111504
2025-12-26 14:45,58767,58822,58827,58762,100171
2025-12-26 14:50,58802,58772,58807,58757,157318
2025-12-26 14:55,58777,58797,58802,58762,137428
2025-12-26 15:00,58752,58777,58787,58732,129164
2025-12-26 15:05,58712,58747,58757,58702,135847
2025-12-26 15:10,58658,58712,58717,58638,193408
2025-12-26 15:15,58717,58653,58722,58628,118667
2025-12-26 15:20,58742,58717,58752,58707,115757
2025-12-29 9:00,59359,59314,59448,59304,405255
2025-12-29 9:05,59558,59359,59593,59344,1037464
2025-12-29 9:10,59742,59548,59752,59538,691889
2025-12-29 9:15,59757,59747,59767,59662,298200
2025-12-29 9:20,59866,59752,59876,59717,525616
2025-12-29 9:25,59886,59866,59906,59851,177637
2025-12-29 9:30,59856,59886,59891,59796,150166
2025-12-29 9:35,59841,59856,59871,59821,76623
2025-12-29 9:40,59861,59836,59881,59816,135424
2025-12-29 9:45,59951,59861,59961,59851,255814
2025-12-29 9:50,59985,59961,60015,59951,299308
2025-12-29 9:55,59990,59990,60010,59975,111011
2025-12-29 10:00,60110,59995,60120,59990,197856
2025-12-29 10:05,60130,60100,60149,60085,295749
2025-12-29 10:10,60174,60135,60179,60120,303449
2025-12-29 10:15,60174,60164,60199,60154,200854
2025-12-29 10:20,60115,60169,60184,60100,185538
2025-12-29 10:25,60020,60115,60115,60010,78026
2025-12-29 10:30,60080,60020,60080,59966,105078
2025-12-29 10:35,60169,60080,60169,60050,149229
2025-12-29 10:40,60130,60164,60169,60065,62036
2025-12-29 10:45,60125,60130,60169,60100,66006
2025-12-29 10:50,60115,60125,60164,60100,65279
2025-12-29 10:55,60105,60115,60130,60095,50865
2025-12-29 11:00,60077,60110,60120,60055,65550
2025-12-29 11:05,60005,60080,60110,59990,102996
2025-12-29 11:10,59970,60000,60015,59961,68181
2025-12-29 11:15,59896,59970,59970,59891,79050
2025-12-29 11:20,59891,59896,59921,59851,98793
2025-12-29 11:25,59951,59891,59985,59886,231975
2025-12-29 11:30,59980,59951,59985,59926,87750
2025-12-29 11:35,60010,59975,60015,59946,98787
2025-12-29 11:40,60050,60010,60065,59970,105033
2025-12-29 11:45,60125,60050,60159,60035,112026
2025-12-29 11:50,60194,60125,60199,60120,204600
2025-12-29 11:55,60149,60194,60199,60145,155323
2025-12-29 12:00,60095,60154,60154,60070,180444
2025-12-29 12:05,60070,60095,60100,60065,85069
2025-12-29 12:10,60095,60075,60095,60050,39724
2025-12-29 12:15,60075,60095,60100,60055,86020
2025-12-29 12:20,60030,60070,60100,60025,57451
2025-12-29 12:25,59995,60025,60040,59990,128731
2025-12-29 12:30,60045,59995,60050,59970,88730
2025-12-29 12:35,60130,60050,60149,60030,102006
2025-12-29 12:40,60169,60135,60194,60130,102016
2025-12-29 12:45,60154,60174,60179,60145,66127
2025-12-29 12:50,60164,60154,60174,60140,46813
2025-12-29 12:55,60194,60159,60209,60149,87533
2025-12-29 13:00,60174,60189,60189,60149,53234
2025-12-29 13:05,60319,60184,60319,60174,279840
2025-12-29 13:10,60348,60319,60358,60299,162816
2025-12-29 13:15,60333,60343,60353,60314,76752
2025-12-29 13:20,60368,60324,60368,60314,142129
2025-12-29 13:25,60403,60368,60418,60363,168476
2025-12-29 13:30,60378,60403,60413,60343,117498
2025-12-29 13:35,60353,60378,60393,60338,70167
2025-12-29 13:40,60358,60353,60368,60343,74222
2025-12-29 13:45,60333,60363,60373,60324,105658
2025-12-29 13:50,60398,60333,60403,60329,105153
2025-12-29 13:55,60343,60393,60398,60333,71264
2025-12-29 14:00,60274,60333,60343,60254,73406
2025-12-29 14:05,60274,60279,60309,60249,66665
2025-12-29 14:10,60269,60284,60289,60249,62702
2025-12-29 14:15,60274,60269,60284,60249,42784
2025-12-29 14:20,60209,60274,60294,60204,123391
2025-12-29 14:25,60229,60214,60239,60209,124224
2025-12-29 14:30,60234,60229,60249,60199,69346
2025-12-29 14:35,60194,60234,60254,60194,75423
2025-12-29 14:40,60249,60199,60264,60199,86484
2025-12-29 14:45,60214,60249,60249,60209,52092
2025-12-29 14:50,60164,60214,60229,60164,106554
2025-12-29 14:55,60125,60169,60179,60110,158234
2025-12-29 15:00,60065,60125,60154,60055,116189
2025-12-29 15:05,60105,60070,60135,60070,74713
2025-12-29 15:10,60219,60105,60219,60095,125044
2025-12-29 15:15,60299,60219,60304,60204,134750
2025-12-29 15:20,60343,60299,60353,60289,150820
2025-12-30 9:00,60040,60125,60125,60000,74630
2025-12-30 9:05,60304,60040,60348,60040,379355
2025-12-30 9:10,60304,60299,60358,60249,253951
2025-12-30 9:15,60433,60299,60493,60264,410841
2025-12-30 9:20,60458,60443,60483,60378,243543
2025-12-30 9:25,60567,60468,60587,60438,291381
2025-12-30 9:30,60527,60567,60567,60493,123577
2025-12-30 9:35,60582,60527,60592,60503,206868
2025-12-30 9:40,60602,60582,60652,60582,213482
2025-12-30 9:45,60692,60602,60716,60577,374470
2025-12-30 9:50,60662,60692,60716,60612,104369
2025-12-30 9:55,60632,60662,60726,60617,118045
2025-12-30 10:00,60557,60632,60642,60542,103336
2025-12-30 10:05,60642,60557,60647,60552,61736
2025-12-30 10:10,60662,60642,60692,60632,113445
2025-12-30 10:15,60706,60662,60726,60657,85800
2025-12-30 10:20,60731,60711,60741,60682,84664
2025-12-30 10:25,60677,60726,60731,60667,90334
2025-12-30 10:30,60761,60669,60801,60667,185482
2025-12-30 10:35,60741,60756,60786,60701,67807
2025-12-30 10:40,60711,60741,60761,60696,69457
2025-12-30 10:45,60716,60711,60751,60682,62727
2025-12-30 10:50,60652,60721,60726,60637,62896
2025-12-30 10:55,60652,60657,60677,60612,75757
2025-12-30 11:00,60711,60647,60736,60637,81889
2025-12-30 11:05,60657,60711,60741,60637,87641
2025-12-30 11:10,60652,60652,60701,60632,47604
2025-12-30 11:15,60617,60652,60662,60602,69025
2025-12-30 11:20,60582,60612,60617,60567,82737
2025-12-30 11:25,60552,60582,60592,60542,50971
2025-12-30 11:30,60587,60557,60622,60552,68119
2025-12-30 11:35,60587,60587,60622,60582,45889
2025-12-30 11:40,60513,60587,60592,60513,64570
2025-12-30 11:45,60488,60522,60542,60478,57112
2025-12-30 11:50,60557,60488,60562,60458,61663
2025-12-30 11:55,60527,60557,60592,60517,53248
2025-12-30 12:00,60607,60527,60627,60513,65079
2025-12-30 12:05,60562,60612,60617,60562,35446
2025-12-30 12:10,60587,60562,60602,60557,39325
2025-12-30 12:15,60642,60587,60657,60582,63118
2025-12-30 12:20,60662,60642,60662,60607,47633
2025-12-30 12:25,60657,60662,60687,60657,69924
2025-12-30 12:30,60696,60657,60706,60657,71220
2025-12-30 12:35,60696,60706,60736,60692,62790
2025-12-30 12:40,60682,60696,60726,60677,59352
2025-12-30 12:45,60692,60687,60701,60677,42547
2025-12-30 12:50,60682,60687,60706,60662,31380
2025-12-30 12:55,60672,60682,60692,60662,52850
2025-12-30 13:00,60672,60672,60701,60657,46528
2025-12-30 13:05,60706,60667,60706,60667,40777
2025-12-30 13:10,60701,60701,60716,60687,45686
2025-12-30 13:15,60726,60701,60756,60701,82329
2025-12-30 13:20,60721,60726,60736,60701,38695
2025-12-30 13:25,60701,60721,60736,60682,60627
2025-12-30 13:30,60716,60701,60731,60692,46653
2025-12-30 13:35,60721,60721,60736,60716,37930
2025-12-30 13:40,60731,60726,60751,60716,66850
2025-12-30 13:45,60711,60726,60726,60672,52338
2025-12-30 13:50,60647,60711,60711,60637,48136
2025-12-30 13:55,60687,60647,60687,60602,92143
2025-12-30 14:00,60672,60687,60706,60647,100255
2025-12-30 14:05,60682,60667,60701,60662,61244
2025-12-30 14:10,60687,60687,60692,60657,24625
2025-12-30 14:15,60726,60687,60741,60672,121669
2025-12-30 14:20,60696,60731,60736,60692,23266
2025-12-30 14:25,60677,60701,60711,60672,49493
2025-12-30 14:30,60657,60682,60696,60647,41675
2025-12-30 14:35,60542,60652,60657,60537,101934
2025-12-30 14:40,60587,60537,60597,60537,62387
2025-12-30 14:45,60567,60587,60607,60547,93085
2025-12-30 14:50,60592,60567,60597,60557,138146
2025-12-30 14:55,60572,60592,60612,60572,62390
2025-12-30 15:00,60542,60582,60592,60532,61260
2025-12-30 15:05,60493,60547,60567,60468,83342
2025-12-30 15:10,60443,60498,60498,60428,120933
2025-12-30 15:15,60547,60438,60562,60438,106945
2025-12-30 15:20,60552,60549,60567,60542,62628
2026-01-05 9:00,63690,63501,63765,63501,429772
2026-01-05 9:05,64237,63685,64252,63665,690158
2026-01-05 9:10,63934,64232,64297,63924,604482
2026-01-05 9:15,64118,63944,64133,63655,383325
2026-01-05 9:20,64157,64123,64197,64103,483331
2026-01-05 9:25,64197,64172,64242,64048,293405
2026-01-05 9:30,64202,64202,64262,64128,281748
2026-01-05 9:35,63834,64217,64222,63730,475072
2026-01-05 9:40,63894,63846,63998,63685,223618
2026-01-05 9:45,63735,63894,63904,63615,213439
2026-01-05 9:50,63809,63735,63879,63710,194554
2026-01-05 9:55,63695,63814,63849,63680,129519
2026-01-05 10:00,63914,63710,63934,63645,139257
2026-01-05 10:05,63859,63909,64023,63839,163409
2026-01-05 10:10,63789,63849,63909,63760,135514
2026-01-05 10:15,63720,63785,63799,63700,110126
2026-01-05 10:20,63755,63715,63849,63700,78497
2026-01-05 10:25,63904,63750,63934,63735,114228
2026-01-05 10:30,63998,63904,63998,63819,74693
2026-01-05 10:35,63973,63988,64068,63959,95421
2026-01-05 10:40,64098,63973,64108,63969,95082
2026-01-05 10:45,64128,64108,64157,64053,84139
2026-01-05 10:50,64108,64138,64162,64093,157452
2026-01-05 10:55,64192,64108,64202,64083,112632
2026-01-05 11:00,64262,64192,64272,64138,94322
2026-01-05 11:05,64148,64257,64277,64148,76015
2026-01-05 11:10,64197,64153,64237,64128,92235
2026-01-05 11:15,64282,64197,64297,64197,78520
2026-01-05 11:20,64252,64282,64287,64197,73812
2026-01-05 11:25,64222,64252,64262,64167,57531
2026-01-05 11:30,64227,64217,64232,64177,33236
2026-01-05 11:35,64242,64227,64297,64177,103175
2026-01-05 11:40,64371,64247,64381,64212,109616
2026-01-05 11:45,64396,64361,64426,64336,59222
2026-01-05 11:50,64491,64396,64506,64396,78379
2026-01-05 11:55,64491,64486,64511,64426,53356
2026-01-05 12:00,64441,64496,64525,64411,76589
2026-01-05 12:05,64486,64441,64501,64441,51366
2026-01-05 12:10,64456,64481,64486,64426,53477
2026-01-05 12:15,64476,64456,64481,64401,54062
2026-01-05 12:20,64496,64476,64516,64441,65946
2026-01-05 12:25,64451,64496,64506,64421,58603
2026-01-05 12:30,64530,64456,64540,64441,83095
2026-01-05 12:35,64501,64530,64540,64461,67406
2026-01-05 12:40,64426,64501,64560,64421,130578
2026-01-05 12:45,64346,64426,64436,64302,78838
2026-01-05 12:50,64336,64346,64376,64302,61186
2026-01-05 12:55,64317,64327,64332,64197,106441
2026-01-05 13:00,64346,64317,64376,64307,50937
2026-01-05 13:05,64292,64346,64391,64257,85725
2026-01-05 13:10,64341,64292,64366,64262,92422
2026-01-05 13:15,64540,64346,64545,64336,116741
2026-01-05 13:20,64580,64545,64615,64516,114416
2026-01-05 13:25,64391,64575,64575,64381,137193
2026-01-05 13:30,64461,64391,64471,64356,122765
2026-01-05 13:35,64590,64461,64595,64431,94617
2026-01-05 13:40,64560,64590,64610,64540,63184
2026-01-05 13:45,64645,64555,64685,64540,127480
2026-01-05 13:50,64635,64650,64695,64615,104252
2026-01-05 13:55,64680,64635,64690,64635,55313
2026-01-05 14:00,64615,64680,64690,64575,83957
2026-01-05 14:05,64695,64605,64734,64595,89126
2026-01-05 14:10,64665,64695,64709,64640,59183
2026-01-05 14:15,64695,64670,64699,64660,43777
2026-01-05 14:20,64645,64699,64724,64645,63745
2026-01-05 14:25,64670,64652,64675,64615,54039
2026-01-05 14:30,64630,64675,64709,64620,64479
2026-01-05 14:35,64600,64625,64660,64585,43264
2026-01-05 14:40,64645,64600,64655,64585,67316
2026-01-05 14:45,64704,64645,64754,64645,182082
2026-01-05 14:50,64640,64704,64704,64595,140254
2026-01-05 14:55,64615,64645,64665,64525,166405
2026-01-05 15:00,64585,64615,64615,64545,98664
2026-01-05 15:05,64605,64580,64635,64540,121474
2026-01-05 15:10,64665,64605,64680,64605,118893
2026-01-05 15:15,64709,64660,64724,64640,250240
2026-01-05 15:20,64764,64714,64764,64695,250661
2026-01-06 9:00,64381,64491,64491,64292,111752
2026-01-06 9:05,64361,64391,64625,64302,454942
2026-01-06 9:10,64227,64366,64431,64207,294500
2026-01-06 9:15,63969,64222,64257,63954,243516
2026-01-06 9:20,63924,63959,63969,63725,397083
2026-01-06 9:25,63894,63924,63988,63844,262455
2026-01-06 9:30,64078,63899,64113,63859,158245
2026-01-06 9:35,64187,64078,64202,64073,257015
2026-01-06 9:40,64108,64177,64247,64083,210762
2026-01-06 9:45,64202,64108,64217,64048,151884
2026-01-06 9:50,64083,64202,64202,64078,155312
2026-01-06 9:55,63939,64083,64083,63929,117735
2026-01-06 10:00,63874,63949,63988,63849,129992
2026-01-06 10:05,63884,63874,63988,63854,83487
2026-01-06 10:10,63909,63889,63919,63780,195708
2026-01-06 10:15,63964,63914,64003,63904,109855
2026-01-06 10:20,64162,63964,64187,63949,169475
2026-01-06 10:25,64401,64157,64421,64153,389441
2026-01-06 10:30,64426,64401,64446,64356,218109
2026-01-06 10:35,64461,64426,64511,64401,143586
2026-01-06 10:40,64585,64461,64595,64411,116861
2026-01-06 10:45,64466,64585,64600,64446,144021
2026-01-06 10:50,64501,64476,64535,64441,102309
2026-01-06 10:55,64501,64501,64590,64486,90437
2026-01-06 11:00,64610,64511,64665,64501,181485
2026-01-06 11:05,64550,64605,64630,64540,83888
2026-01-06 11:10,64446,64560,64580,64436,100272
2026-01-06 11:15,64401,64446,64486,64341,91332
2026-01-06 11:20,64386,64406,64471,64376,60358
2026-01-06 11:25,64416,64386,64431,64376,25120
2026-01-06 11:30,64446,64416,64466,64396,73193
2026-01-06 11:35,64416,64441,64446,64351,57160
2026-01-06 11:40,64545,64416,64555,64416,107344
2026-01-06 11:45,64550,64545,64570,64511,69507
2026-01-06 11:50,64655,64545,64660,64520,103154
2026-01-06 11:55,64665,64655,64719,64655,101750
2026-01-06 12:00,64764,64680,64769,64655,119404
2026-01-06 12:05,64854,64769,64879,64749,121127
2026-01-06 12:10,64829,64859,64898,64809,351375
2026-01-06 12:15,64769,64829,64869,64759,137064
2026-01-06 12:20,64655,64769,64779,64630,103187
2026-01-06 12:25,64600,64655,64655,64570,109909
2026-01-06 12:30,64714,64600,64729,64595,112182
2026-01-06 12:35,64719,64724,64744,64615,106579
2026-01-06 12:40,64729,64719,64794,64680,119218
2026-01-06 12:45,64774,64719,64789,64719,97916
2026-01-06 12:50,64724,64771,64789,64665,135103
2026-01-06 12:55,64789,64724,64789,64704,154910
2026-01-06 13:00,64804,64789,64809,64744,165923
2026-01-06 13:05,64844,64804,64859,64754,151854
2026-01-06 13:10,64819,64844,64876,64799,143199
2026-01-06 13:15,64799,64814,64834,64769,94957
2026-01-06 13:20,64824,64799,64854,64794,123008
2026-01-06 13:25,64903,64824,64903,64824,163710
2026-01-06 13:30,65137,64903,65142,64883,324651
2026-01-06 13:35,65336,65142,65346,65137,278062
2026-01-06 13:40,65361,65333,65455,65237,354665
2026-01-06 13:45,65580,65361,65580,65242,289446
2026-01-06 13:50,65510,65575,65600,65440,256315
2026-01-06 13:55,65445,65500,65545,65401,198135
2026-01-06 14:00,65500,65445,65580,65401,227503
2026-01-06 14:05,65246,65490,65500,65242,271777
2026-01-06 14:10,65465,65246,65475,65237,198759
2026-01-06 14:15,65614,65465,65649,65450,239283
2026-01-06 14:20,65629,65614,65749,65600,233684
2026-01-06 14:25,65500,65624,65639,65480,158395
2026-01-06 14:30,65525,65495,65570,65490,314639
2026-01-06 14:35,65575,65525,65659,65520,314071
2026-01-06 14:40,65585,65575,65639,65500,293894
2026-01-06 14:45,65495,65575,65585,65480,288119
2026-01-06 14:50,65490,65485,65525,65411,249269
2026-01-06 14:55,65674,65490,65689,65450,164428
2026-01-06 15:00,65709,65674,65724,65634,165804
2026-01-06 15:05,65759,65709,65803,65664,234915
2026-01-06 15:10,65853,65764,65858,65729,172785
2026-01-06 15:15,65795,65853,65863,65784,138126
2026-01-06 15:20,65789,65793,65813,65729,187628
2026-01-07 9:00,66604,66654,66718,66539,246942
2026-01-07 9:05,67131,66609,67196,66594,973830
2026-01-07 9:10,67265,67136,67454,67136,510603
2026-01-07 9:15,67236,67265,67335,67012,459583
2026-01-07 9:20,67017,67231,67241,67007,291703
2026-01-07 9:25,66529,67017,67017,66515,405379
2026-01-07 9:30,66515,66529,66634,66340,401112
2026-01-07 9:35,66385,66515,66549,66326,148967
2026-01-07 9:40,66256,66395,66395,66122,192484
2026-01-07 9:45,66445,66241,66450,66132,223204
2026-01-07 9:50,66624,66445,66624,66440,239635
2026-01-07 9:55,66460,66624,66654,66450,167205
2026-01-07 10:00,66505,66450,66554,66331,261937
2026-01-07 10:05,66445,66510,66674,66390,332795
2026-01-07 10:10,66609,66455,66624,66400,130122
2026-01-07 10:15,66604,66609,66699,66539,145936
2026-01-07 10:20,66639,66599,66689,66529,142088
2026-01-07 10:25,66664,66639,66694,66510,239871
2026-01-07 10:30,66713,66664,66738,66539,165261
2026-01-07 10:35,66818,66703,66823,66674,178393
2026-01-07 10:40,66708,66818,66833,66703,113627
2026-01-07 10:45,66370,66718,66743,66350,307521
2026-01-07 10:50,66614,66370,66624,66355,108963
2026-01-07 10:55,66549,66614,66624,66480,107858
2026-01-07 11:00,66524,66544,66609,66445,187312
2026-01-07 11:05,66838,66519,66853,66445,234438
2026-01-07 11:10,66763,66848,66873,66723,107041
2026-01-07 11:15,66833,66763,66858,66743,80262
2026-01-07 11:20,66922,66833,66947,66833,108727
2026-01-07 11:25,66887,66917,66962,66853,98333
2026-01-07 11:30,66848,66887,66907,66813,114179
2026-01-07 11:35,66788,66848,66848,66738,100665
2026-01-07 11:40,66773,66790,66833,66753,73090
2026-01-07 11:45,66753,66773,66813,66684,72263
2026-01-07 11:50,66897,66753,66922,66743,111056
2026-01-07 11:55,66868,66907,66917,66843,88029
2026-01-07 12:00,67037,66878,67037,66873,160182
2026-01-07 12:05,66902,67032,67032,66873,105488
2026-01-07 12:10,66947,66902,66982,66878,115454
2026-01-07 12:15,66982,66942,67027,66878,133082
2026-01-07 12:20,66972,66977,67012,66912,113675
2026-01-07 12:25,67007,66967,67032,66932,57005
2026-01-07 12:30,66982,67007,67057,66967,82933
2026-01-07 12:35,66728,66987,66997,66728,117143
2026-01-07 12:40,66624,66728,66748,66594,120106
2026-01-07 12:45,66629,66624,66703,66614,110131
2026-01-07 12:50,66490,66629,66708,66425,188777
2026-01-07 12:55,66231,66485,66510,66231,180291
2026-01-07 13:00,65898,66236,66261,65858,332917
2026-01-07 13:05,65853,65898,66037,65739,304139
2026-01-07 13:10,65898,65843,65918,65510,272933
2026-01-07 13:15,65719,65893,65908,65694,179040
2026-01-07 13:20,65580,65714,65774,65565,173706
2026-01-07 13:25,65724,65580,65729,65396,280458
2026-01-07 13:30,65580,65724,65744,65465,128835
2026-01-07 13:35,65774,65575,65848,65555,126535
2026-01-07 13:40,65818,65764,65863,65669,86056
2026-01-07 13:45,65893,65818,65908,65759,201482
2026-01-07 13:50,65948,65893,66002,65823,133013
2026-01-07 13:55,65893,65948,65958,65818,136404
2026-01-07 14:00,65739,65888,65903,65719,130561
2026-01-07 14:05,65803,65734,65903,65714,113465
2026-01-07 14:10,65987,65789,65997,65789,79472
2026-01-07 14:15,65973,65982,66062,65948,109364
2026-01-07 14:20,66007,65973,66097,65953,121068
2026-01-07 14:25,66082,66012,66092,65948,183980
2026-01-07 14:30,66107,66097,66132,66042,62633
2026-01-07 14:35,66067,66117,66191,65992,107268
2026-01-07 14:40,66072,66067,66142,66032,55479
2026-01-07 14:45,65973,66067,66102,65973,138092
2026-01-07 14:50,65858,65973,65973,65823,165194
2026-01-07 14:55,65898,65853,65968,65774,118532
2026-01-07 15:00,65973,65898,66037,65848,109739
2026-01-07 15:05,66042,65973,66082,65968,60730
2026-01-07 15:10,66216,66042,66231,66007,143512
2026-01-07 15:15,66286,66211,66301,66201,197005
2026-01-07 15:20,66345,66286,66350,66251,169713
2026-01-08 9:00,66082,65908,66092,65873,85181
2026-01-08 9:05,66156,66087,66281,65977,317557
2026-01-08 9:10,66152,66166,66276,66077,258122
2026-01-08 9:15,66420,66147,66490,66147,282121
2026-01-08 9:20,66415,66415,66500,66331,166521
2026-01-08 9:25,66321,66405,66415,66296,162877
2026-01-08 9:30,66241,66331,66385,66137,159856
2026-01-08 9:35,66634,66241,66634,66216,180940
2026-01-08 9:40,66808,66634,66902,66604,160938
2026-01-08 9:45,66927,66808,66977,66783,194428
2026-01-08 9:50,67037,66937,67052,66883,263930
2026-01-08 9:55,67181,67037,67226,67027,295889
2026-01-08 10:00,67275,67196,67290,67096,285049
2026-01-08 10:05,67380,67280,67434,67241,217685
2026-01-08 10:10,67365,67390,67425,67171,189889
2026-01-08 10:15,67250,67360,67370,67176,144508
2026-01-08 10:20,67549,67250,67554,67246,191690
2026-01-08 10:25,67549,67549,67594,67469,218093
2026-01-08 10:30,67494,67549,67638,67425,358040
2026-01-08 10:35,67365,67494,67529,67360,176827
2026-01-08 10:40,67579,67365,67579,67305,188302
2026-01-08 10:45,67554,67579,67594,67499,93792
2026-01-08 10:50,67574,67554,67623,67499,100449
2026-01-08 10:55,67504,67569,67599,67484,114376
2026-01-08 11:00,67390,67494,67529,67370,97409
2026-01-08 11:05,67355,67390,67410,67171,157005
2026-01-08 11:10,67246,67360,67434,67236,111975
2026-01-08 11:15,67131,67241,67270,67111,145911
2026-01-08 11:20,67161,67131,67290,67131,120246
2026-01-08 11:25,67265,67171,67295,67156,82766
2026-01-08 11:30,67285,67265,67325,67191,85667
2026-01-08 11:35,67236,67285,67315,67186,89150
2026-01-08 11:40,66992,67241,67265,66977,142023
2026-01-08 11:45,66967,66992,67071,66912,93487
2026-01-08 11:50,66962,66967,67017,66917,57448
2026-01-08 11:55,66858,66957,66982,66728,162918
2026-01-08 12:00,66853,66838,66942,66768,96599
2026-01-08 12:05,66843,66848,66897,66783,95753
2026-01-08 12:10,66987,66838,67042,66823,183942
2026-01-08 12:15,67071,67007,67111,66987,92144
2026-01-08 12:20,66793,67062,67076,66778,98908
2026-01-08 12:25,66858,66793,66858,66733,124555
2026-01-08 12:30,66783,66863,66887,66753,43690
2026-01-08 12:35,66723,66783,66823,66708,132840
2026-01-08 12:40,66664,66713,66763,66634,134077
2026-01-08 12:45,66664,66669,66798,66654,60498
2026-01-08 12:50,66768,66664,66773,66656,64944
2026-01-08 12:55,66878,66778,66917,66718,70961
2026-01-08 13:00,66858,66873,66892,66733,60216
2026-01-08 13:05,66947,66858,66952,66818,52786
2026-01-08 13:10,66773,66947,66967,66743,50665
2026-01-08 13:15,66853,66778,66863,66669,56457
2026-01-08 13:20,66868,66848,66932,66808,52618
2026-01-08 13:25,66858,66863,66932,66783,42132
2026-01-08 13:30,66863,66858,66883,66818,34350
2026-01-08 13:35,66659,66858,66878,66659,60840
2026-01-08 13:40,66803,66659,66833,66584,168053
2026-01-08 13:45,66833,66803,66833,66783,43530
2026-01-08 13:50,67022,66838,67027,66838,73019
2026-01-08 13:55,67086,67022,67106,66977,68467
2026-01-08 14:00,67181,67091,67181,67037,60589
2026-01-08 14:05,67335,67176,67350,67146,162527
2026-01-08 14:10,67191,67335,67350,67171,71828
2026-01-08 14:15,67260,67191,67272,67186,54656
2026-01-08 14:20,67236,67260,67320,67191,66840
2026-01-08 14:25,67176,67241,67250,67146,65712
2026-01-08 14:30,67111,67176,67196,67071,71378
2026-01-08 14:35,66972,67101,67111,66927,109880
2026-01-08 14:40,67002,66972,67076,66967,97501
2026-01-08 14:45,66897,66997,67007,66803,137794
2026-01-08 14:50,66813,66897,66907,66768,98186
2026-01-08 14:55,66574,66813,66828,66554,189036
2026-01-08 15:00,66544,66579,66609,66445,257589
2026-01-08 15:05,66291,66539,66544,66281,282279
2026-01-08 15:10,66410,66291,66475,66291,173262
2026-01-08 15:15,66251,66415,66465,66246,191580
2026-01-08 15:20,66171,66246,66246,66142,219984
2026-01-09 9:00,66132,65973,66152,65833,101889
2026-01-09 9:05,66027,66117,66236,65878,308205
2026-01-09 9:10,65769,66027,66206,65749,219767
2026-01-09 9:15,65943,65774,65973,65769,131120
2026-01-09 9:20,65704,65938,65977,65674,175396
2026-01-09 9:25,65585,65704,65724,65450,275167
2026-01-09 9:30,65818,65580,65843,65530,288714
2026-01-09 9:35,66047,65818,66057,65803,217135
2026-01-09 9:40,66047,66047,66112,65943,127086
2026-01-09 9:45,66092,66042,66161,65987,124164
2026-01-09 9:50,66186,66087,66186,65982,130406
2026-01-09 9:55,66156,66186,66211,66102,108519
2026-01-09 10:00,66166,66147,66256,66082,129878
2026-01-09 10:05,66042,66171,66196,65987,114362
2026-01-09 10:10,65868,66052,66117,65843,134764
2026-01-09 10:15,65868,65868,65878,65774,105915
2026-01-09 10:20,65769,65868,65868,65669,126968
2026-01-09 10:25,65868,65769,65898,65739,198540
2026-01-09 10:30,65878,65868,66022,65828,147188
2026-01-09 10:35,65833,65868,65903,65803,99349
2026-01-09 10:40,65903,65833,65938,65789,74375
2026-01-09 10:45,66082,65918,66137,65863,100251
2026-01-09 10:50,66196,66077,66206,66032,82027
2026-01-09 10:55,66375,66201,66400,66171,98183
2026-01-09 11:00,66380,66380,66420,66311,183427
2026-01-09 11:05,66405,66385,66440,66360,111306
2026-01-09 11:10,66400,66405,66450,66336,70611
2026-01-09 11:15,66420,66400,66465,66375,71290
2026-01-09 11:20,66574,66420,66609,66400,132577
2026-01-09 11:25,66559,66579,66609,66515,64091
2026-01-09 11:30,66614,66559,66669,66544,76644
2026-01-09 11:35,66748,66614,66748,66604,58978
2026-01-09 11:40,66544,66743,66743,66534,98475
2026-01-09 11:45,66768,66539,66778,66524,155223
2026-01-09 11:50,66733,66768,66793,66718,48784
2026-01-09 11:55,66703,66728,66753,66679,36166
2026-01-09 12:00,66868,66703,66868,66703,50768
2026-01-09 12:05,66778,66863,66868,66723,61014
2026-01-09 12:10,66873,66783,66883,66773,83108
2026-01-09 12:15,66848,66863,66907,66818,53301
2026-01-09 12:20,66977,66848,67002,66848,72207
2026-01-09 12:25,66878,66972,67027,66843,77434
2026-01-09 12:30,66863,66883,66912,66823,55057
2026-01-09 12:35,66848,66858,66873,66738,72265
2026-01-09 12:40,66873,66858,66892,66813,47124
2026-01-09 12:45,66838,66868,66907,66838,41803
2026-01-09 12:50,66689,66833,66838,66684,66165
2026-01-09 12:55,66833,66703,66853,66669,52551
2026-01-09 13:00,66853,66848,66897,66778,57391
2026-01-09 13:05,66843,66853,66887,66758,50421
2026-01-09 13:10,66788,66843,66883,66788,72340
2026-01-09 13:15,66833,66783,66887,66783,27669
2026-01-09 13:20,66828,66833,66863,66803,33721
2026-01-09 13:25,66793,66813,66823,66718,71308
2026-01-09 13:30,66788,66793,66808,66733,34285
2026-01-09 13:35,66922,66783,66952,66783,120925
2026-01-09 13:40,66892,66927,66932,66873,67098
2026-01-09 13:45,66753,66892,66897,66723,99179
2026-01-09 13:50,66594,66743,66743,66534,144346
2026-01-09 13:55,66674,66594,66778,66584,173872
2026-01-09 14:00,66763,66679,66773,66674,81072
2026-01-09 14:05,66718,66763,66813,66669,149540
2026-01-09 14:10,66708,66718,66808,66684,51578
2026-01-09 14:15,66624,66713,66733,66614,66669
2026-01-09 14:20,66674,66629,66708,66564,71012
2026-01-09 14:25,66733,66679,66743,66634,59185
2026-01-09 14:30,66669,66733,66743,66669,87769
2026-01-09 14:35,66574,66669,66684,66559,319309
2026-01-09 14:40,66694,66574,66694,66505,404222
2026-01-09 14:45,66599,66691,66703,66564,319911
2026-01-09 14:50,66594,66599,66614,66544,311473
2026-01-09 14:55,66713,66599,66713,66549,429279
2026-01-09 15:00,66892,66708,66892,66708,474474
2026-01-09 15:05,66813,66892,66902,66783,246440
2026-01-09 15:10,66753,66813,66813,66708,190958
2026-01-09 15:15,66773,66758,66803,66733,102440
2026-01-09 15:20,66758,66773,66803,66743,109460
2026-01-12 9:00,67613,67663,67673,67559,115108
2026-01-12 9:05,67365,67594,67822,67350,496682
2026-01-12 9:10,67320,67355,67539,67290,238874
2026-01-12 9:15,67196,67330,67380,67126,269732
2026-01-12 9:20,67196,67196,67330,67156,171304
2026-01-12 9:25,67166,67201,67236,67066,163174
2026-01-12 9:30,67211,67151,67236,67047,179731
2026-01-12 9:35,67385,67206,67429,67201,209891
2026-01-12 9:40,67206,67380,67420,67081,181989
2026-01-12 9:45,67300,67206,67395,67166,128993
2026-01-12 9:50,67360,67305,67415,67275,79143
2026-01-12 9:55,67529,67365,67539,67310,169206
2026-01-12 10:00,67514,67529,67549,67479,121138
2026-01-12 10:05,67539,67524,67549,67360,167459
2026-01-12 10:10,67599,67529,67618,67454,109501
2026-01-12 10:15,67658,67594,67688,67574,160633
2026-01-12 10:20,67594,67663,67678,67569,137259
2026-01-12 10:25,67380,67599,67628,67365,189367
2026-01-12 10:30,67549,67375,67584,67300,191420
2026-01-12 10:35,67594,67544,67618,67504,159189
2026-01-12 10:40,67633,67594,67718,67574,151247
2026-01-12 10:45,67648,67638,67668,67549,121660
2026-01-12 10:50,67539,67648,67658,67499,93375
2026-01-12 10:55,67594,67539,67599,67484,137260
2026-01-12 11:00,67524,67589,67643,67459,185591
2026-01-12 11:05,67623,67519,67628,67420,184025
2026-01-12 11:10,67623,67623,67658,67579,94419
2026-01-12 11:15,67633,67628,67733,67594,113082
2026-01-12 11:20,67604,67628,67658,67579,123015
2026-01-12 11:25,67544,67599,67653,67484,90155
2026-01-12 11:30,67579,67549,67584,67434,97820
2026-01-12 11:35,67628,67574,67658,67564,74446
2026-01-12 11:40,67653,67628,67683,67623,90131
2026-01-12 11:45,67613,67658,67658,67564,41971
2026-01-12 11:50,67773,67609,67773,67584,105852
2026-01-12 11:55,67658,67773,67788,67604,73751
2026-01-12 12:00,67554,67658,67683,67544,111745
2026-01-12 12:05,67534,67554,67579,67469,158603
2026-01-12 12:10,67405,67539,67549,67400,130321
2026-01-12 12:15,67420,67405,67449,67310,141646
2026-01-12 12:20,67519,67425,67539,67410,140196
2026-01-12 12:25,67479,67519,67569,67479,78813
2026-01-12 12:30,67569,67484,67569,67459,65434
2026-01-12 12:35,67469,67569,67579,67444,87846
2026-01-12 12:40,67499,67469,67549,67410,168708
2026-01-12 12:45,67549,67494,67579,67474,104130
2026-01-12 12:50,67300,67549,67549,67295,159513
2026-01-12 12:55,67370,67310,67370,67216,142835
2026-01-12 13:00,67330,67360,67395,67290,109726
2026-01-12 13:05,67236,67320,67355,67216,85752
2026-01-12 13:10,67300,67231,67305,67166,125019
2026-01-12 13:15,67216,67295,67295,67151,80963
2026-01-12 13:20,67246,67216,67330,67191,84365
2026-01-12 13:25,67171,67231,67270,67156,67469
2026-01-12 13:30,67211,67171,67250,67146,152920
2026-01-12 13:35,67221,67201,67290,67156,95045
2026-01-12 13:40,67146,67216,67246,67146,80255
2026-01-12 13:45,67151,67161,67231,67126,79959
2026-01-12 13:50,67196,67151,67221,67146,153448
2026-01-12 13:55,67186,67191,67226,67071,181006
2026-01-12 14:00,67265,67186,67300,67186,147109
2026-01-12 14:05,67265,67270,67370,67241,79619
2026-01-12 14:10,67305,67257,67320,67216,44339
2026-01-12 14:15,67161,67300,67320,67161,71885
2026-01-12 14:20,67146,67161,67196,67121,68592
2026-01-12 14:25,66962,67146,67166,66957,158225
2026-01-12 14:30,66927,66967,66997,66912,166436
2026-01-12 14:35,66883,66927,67032,66868,157788
2026-01-12 14:40,66788,66897,66912,66783,215790
2026-01-12 14:45,66599,66788,66808,66594,337545
2026-01-12 14:50,66733,66599,66733,66445,362800
2026-01-12 14:55,66828,66733,66853,66669,277896
2026-01-12 15:00,66957,66823,66982,66813,268848
2026-01-12 15:05,67052,66952,67062,66902,154951
2026-01-12 15:10,67191,67052,67191,67032,186404
2026-01-12 15:15,67211,67191,67236,67156,236770
2026-01-12 15:20,67201,67201,67270,67196,166117
2026-01-13 9:00,67658,67778,67842,67584,156271
2026-01-13 9:05,67589,67648,67773,67484,323022
2026-01-13 9:10,67633,67589,67802,67539,331097
2026-01-13 9:15,67668,67638,67688,67504,254916
2026-01-13 9:20,67658,67688,67827,67564,281321
2026-01-13 9:25,67738,67658,67827,67594,235492
2026-01-13 9:30,67857,67748,67912,67718,234030
2026-01-13 9:35,67812,67857,67917,67733,161957
2026-01-13 9:40,67847,67807,67917,67763,125335
2026-01-13 9:45,67952,67862,67962,67817,148518
2026-01-13 9:50,68036,67952,68046,67867,227297
2026-01-13 9:55,67842,68031,68051,67837,145986
2026-01-13 10:00,67827,67857,67897,67797,125914
2026-01-13 10:05,67867,67827,67877,67673,194848
2026-01-13 10:10,68001,67872,68056,67837,138759
2026-01-13 10:15,67882,68001,68016,67852,123005
2026-01-13 10:20,67907,67882,67986,67837,110608
2026-01-13 10:25,67867,67907,67942,67842,106015
2026-01-13 10:30,67822,67872,67872,67778,124786
2026-01-13 10:35,67685,67822,67857,67653,168543
2026-01-13 10:40,67609,67688,67703,67569,210465
2026-01-13 10:45,67549,67609,67628,67494,225589
2026-01-13 10:50,67594,67549,67604,67464,115986
2026-01-13 10:55,67489,67594,67613,67436,105669
2026-01-13 11:00,67569,67489,67584,67400,113484
2026-01-13 11:05,67519,67569,67579,67434,115060
2026-01-13 11:10,67499,67514,67569,67449,147390
2026-01-13 11:15,67524,67494,67544,67454,64207
2026-01-13 11:20,67400,67519,67564,67370,219146
2026-01-13 11:25,67439,67400,67514,67330,111071
2026-01-13 11:30,67429,67439,67474,67385,68963
2026-01-13 11:35,67400,67429,67444,67355,54243
2026-01-13 11:40,67514,67400,67544,67360,89001
2026-01-13 11:45,67464,67514,67519,67444,74343
2026-01-13 11:50,67400,67464,67514,67390,59858
2026-01-13 11:55,67325,67405,67410,67315,111670
2026-01-13 12:00,67444,67325,67504,67320,54949
2026-01-13 12:05,67454,67454,67509,67420,36260
2026-01-13 12:10,67604,67444,67618,67439,121220
2026-01-13 12:15,67633,67604,67653,67589,88579
2026-01-13 12:20,67559,67628,67628,67479,82052
2026-01-13 12:25,67554,67564,67633,67534,56463
2026-01-13 12:30,67673,67549,67673,67549,84372
2026-01-13 12:35,67579,67678,67678,67564,102816
2026-01-13 12:40,67479,67576,67576,67474,95780
2026-01-13 12:45,67464,67479,67529,67439,64383
2026-01-13 12:50,67499,67464,67514,67454,45053
2026-01-13 12:55,67479,67499,67524,67434,54888
2026-01-13 13:00,67484,67479,67529,67479,79142
2026-01-13 13:05,67544,67479,67559,67429,109811
2026-01-13 13:10,67484,67549,67569,67479,106557
2026-01-13 13:15,67444,67494,67539,67410,91771
2026-01-13 13:20,67534,67444,67589,67439,85597
2026-01-13 13:25,67539,67544,67559,67509,35512
2026-01-13 13:30,67494,67539,67554,67484,58100
2026-01-13 13:35,67514,67484,67524,67459,103137
2026-01-13 13:40,67529,67514,67554,67484,44187
2026-01-13 13:45,67400,67529,67539,67395,100552
2026-01-13 13:50,67648,67400,67653,67390,309776
2026-01-13 13:55,67723,67633,67723,67559,132090
2026-01-13 14:00,67668,67718,67748,67638,83563
2026-01-13 14:05,67688,67668,67768,67643,80013
2026-01-13 14:10,67748,67693,67778,67673,72093
2026-01-13 14:15,67788,67748,67827,67703,117764
2026-01-13 14:20,67887,67788,67887,67763,111388
2026-01-13 14:25,67897,67887,67947,67877,125625
2026-01-13 14:30,67991,67902,67991,67892,83983
2026-01-13 14:35,67957,67991,68016,67937,105035
2026-01-13 14:40,68031,67957,68041,67877,137555
2026-01-13 14:45,68101,68036,68121,68001,140596
2026-01-13 14:50,68121,68091,68151,68071,143214
2026-01-13 14:55,68076,68126,68146,68061,99593
2026-01-13 15:00,68011,68071,68126,68001,115898
2026-01-13 15:05,68086,68011,68091,68006,152537
2026-01-13 15:10,68056,68081,68086,68026,99669
2026-01-13 15:15,68041,68056,68091,68036,92707
2026-01-13 15:20,68036,68041,68071,68031,158463
2026-01-14 9:00,67867,67952,67952,67817,120975
2026-01-14 9:05,68076,67867,68315,67837,395305
2026-01-14 9:10,67882,68076,68131,67827,298547
2026-01-14 9:15,68160,67882,68175,67877,193892
2026-01-14 9:20,68151,68151,68225,68011,215678
2026-01-14 9:25,68245,68156,68325,68146,180223
2026-01-14 9:30,68240,68245,68330,68210,224311
2026-01-14 9:35,68315,68240,68335,68165,179405
2026-01-14 9:40,68285,68310,68354,68220,128280
2026-01-14 9:45,68374,68275,68384,68245,173315
2026-01-14 9:50,68479,68374,68528,68354,344061
2026-01-14 9:55,68454,68479,68514,68419,124607
2026-01-14 10:00,68419,68459,68476,68379,140405
2026-01-14 10:05,68379,68419,68449,68320,144511
2026-01-14 10:10,68464,68379,68469,68344,82604
2026-01-14 10:15,68369,68464,68474,68354,79028
2026-01-14 10:20,68389,68369,68419,68315,112680
2026-01-14 10:25,68349,68389,68399,68305,108910
2026-01-14 10:30,68439,68354,68454,68335,89134
2026-01-14 10:35,68330,68439,68449,68320,99568
2026-01-14 10:40,68170,68335,68394,68131,207498
2026-01-14 10:45,68016,68160,68180,67972,181403
2026-01-14 10:50,67986,68021,68021,67862,284298
2026-01-14 10:55,67907,67996,68021,67892,147238
2026-01-14 11:00,67912,67897,67967,67867,93382
2026-01-14 11:05,67937,67912,67952,67872,76179
2026-01-14 11:10,67812,67937,67976,67807,197074
2026-01-14 11:15,67887,67817,67972,67807,212591
2026-01-14 11:20,67952,67887,68011,67887,56171
2026-01-14 11:25,67981,67952,68011,67947,30606
2026-01-14 11:30,67976,67981,68031,67957,50913
2026-01-14 11:35,67852,67976,67996,67832,88268
2026-01-14 11:40,67942,67857,67996,67842,70373
2026-01-14 11:45,67952,67942,67981,67912,59977
2026-01-14 11:50,68001,67947,68016,67947,42778
2026-01-14 11:55,68011,68006,68036,67967,38157
2026-01-14 12:00,67942,68016,68061,67932,57065
2026-01-14 12:05,68001,67942,68021,67922,29300
2026-01-14 12:10,68051,68006,68121,67986,151963
2026-01-14 12:15,68131,68048,68151,68026,73328
2026-01-14 12:20,68195,68131,68205,68121,69716
2026-01-14 12:25,68225,68200,68280,68195,153370
2026-01-14 12:30,68305,68220,68307,68190,88666
2026-01-14 12:35,68265,68310,68320,68235,76949
2026-01-14 12:40,68320,68255,68330,68255,70894
2026-01-14 12:45,68285,68315,68325,68265,34859
2026-01-14 12:50,68290,68280,68320,68270,28385
2026-01-14 12:55,68330,68295,68364,68290,63397
2026-01-14 13:00,68315,68330,68349,68295,54528
2026-01-14 13:05,68315,68320,68364,68305,97272
2026-01-14 13:10,68320,68315,68339,68275,97022
2026-01-14 13:15,68310,68320,68330,68285,27359
2026-01-14 13:20,68339,68310,68344,68290,52167
2026-01-14 13:25,68275,68335,68369,68255,78201
2026-01-14 13:30,68210,68270,68300,68200,57015
2026-01-14 13:35,68320,68205,68359,68205,114061
2026-01-14 13:40,68315,68315,68330,68260,44326
2026-01-14 13:45,68349,68315,68364,68290,77832
2026-01-14 13:50,68285,68359,68364,68285,35195
2026-01-14 13:55,68280,68280,68300,68235,62294
2026-01-14 14:00,68185,68285,68305,68180,86459
2026-01-14 14:05,68285,68185,68285,68096,85287
2026-01-14 14:10,68225,68285,68285,68185,35766
2026-01-14 14:15,68230,68225,68285,68210,37358
2026-01-14 14:20,68230,68225,68280,68210,55194
2026-01-14 14:25,68175,68240,68240,68165,34535
2026-01-14 14:30,68165,68175,68190,68096,61698
2026-01-14 14:35,68156,68160,68235,68131,66951
2026-01-14 14:40,68250,68151,68265,68136,90908
2026-01-14 14:45,68339,68250,68389,68240,145247
2026-01-14 14:50,68349,68339,68359,68305,40010
2026-01-14 14:55,68354,68339,68394,68325,101060
2026-01-14 15:00,68374,68359,68419,68349,91790
2026-01-14 15:05,68424,68374,68429,68364,108926
2026-01-14 15:10,68429,68429,68454,68379,66090
2026-01-14 15:15,68454,68434,68479,68414,108502
2026-01-14 15:20,68459,68454,68464,68449,49718
2026-01-15 9:00,68230,68225,68275,68165,73659
2026-01-15 9:05,68489,68250,68523,68160,388359
2026-01-15 9:10,68712,68494,68727,68484,229151
2026-01-15 9:15,68762,68717,68862,68663,225116
2026-01-15 9:20,68693,68762,68787,68628,157207
2026-01-15 9:25,68466,68703,68703,68429,177973
2026-01-15 9:30,68613,68466,68613,68399,148464
2026-01-15 9:35,68678,68613,68693,68489,169163
2026-01-15 9:40,68653,68673,68722,68628,115671
2026-01-15 9:45,68747,68643,68767,68603,112292
2026-01-15 9:50,68911,68742,68926,68742,154175
2026-01-15 9:55,68877,68911,68926,68827,119867
2026-01-15 10:00,68817,68877,68951,68812,177792
2026-01-15 10:05,68946,68822,69016,68792,287396
2026-01-15 10:10,68991,68941,69041,68941,86725
2026-01-15 10:15,68877,68991,69001,68872,119623
2026-01-15 10:20,68886,68877,68911,68822,77743
2026-01-15 10:25,68877,68891,68946,68842,92306
2026-01-15 10:30,68792,68882,68891,68762,95521
2026-01-15 10:35,68533,68797,68827,68429,173307
2026-01-15 10:40,68568,68543,68618,68464,90779
2026-01-15 10:45,68633,68573,68688,68553,74379
2026-01-15 10:50,68693,68633,68747,68633,74091
2026-01-15 10:55,68797,68693,68812,68683,61268
2026-01-15 11:00,68787,68797,68852,68767,62167
2026-01-15 11:05,68837,68777,68862,68742,82294
2026-01-15 11:10,68703,68837,68837,68678,68306
2026-01-15 11:15,68802,68703,68817,68678,44288
2026-01-15 11:20,68683,68797,68847,68668,75402
2026-01-15 11:25,68722,68688,68742,68618,85030
2026-01-15 11:30,68678,68722,68727,68643,41609
2026-01-15 11:35,68633,68678,68717,68628,77510
2026-01-15 11:40,68703,68633,68727,68613,46511
2026-01-15 11:45,68643,68698,68807,68638,98879
2026-01-15 11:50,68653,68643,68683,68578,74771
2026-01-15 11:55,68727,68658,68747,68648,54053
2026-01-15 12:00,68688,68722,68737,68683,36806
2026-01-15 12:05,68787,68688,68817,68663,95519
2026-01-15 12:10,68822,68777,68842,68777,64137
2026-01-15 12:15,68792,68817,68877,68787,84692
2026-01-15 12:20,68886,68787,68896,68787,37487
2026-01-15 12:25,68822,68891,68896,68812,64377
2026-01-15 12:30,68653,68817,68822,68628,111301
2026-01-15 12:35,68777,68653,68782,68633,84172
2026-01-15 12:40,68717,68777,68797,68678,67786
2026-01-15 12:45,68688,68717,68737,68683,35860
2026-01-15 12:50,68717,68678,68722,68678,34379
2026-01-15 12:55,68693,68717,68747,68643,83707
2026-01-15 13:00,68767,68698,68772,68683,51900
2026-01-15 13:05,68742,68772,68772,68722,36167
2026-01-15 13:10,68827,68747,68832,68732,90492
2026-01-15 13:15,68782,68822,68832,68782,50344
2026-01-15 13:20,68757,68782,68802,68707,64075
2026-01-15 13:25,68867,68757,68896,68752,108191
2026-01-15 13:30,68812,68862,68901,68807,97685
2026-01-15 13:35,68941,68817,68941,68812,132562
2026-01-15 13:40,68961,68941,68976,68921,85194
2026-01-15 13:45,68991,68961,68991,68921,87377
2026-01-15 13:50,69036,68981,69051,68971,152995
2026-01-15 13:55,69001,69026,69070,68966,109442
2026-01-15 14:00,69041,69001,69046,68971,86214
2026-01-15 14:05,69125,69041,69140,69031,133810
2026-01-15 14:10,69249,69125,69254,69120,121959
2026-01-15 14:15,69329,69249,69359,69190,248614
2026-01-15 14:20,69259,69329,69354,69254,126040
2026-01-15 14:25,69259,69254,69279,69230,88226
2026-01-15 14:30,69359,69259,69364,69190,185137
2026-01-15 14:35,69284,69364,69414,69240,163837
2026-01-15 14:40,69314,69284,69359,69240,102856
2026-01-15 14:45,69518,69319,69533,69309,207987
2026-01-15 14:50,69503,69513,69608,69478,173369
2026-01-15 14:55,69538,69503,69568,69493,117366
2026-01-15 15:00,69533,69528,69608,69498,168389
2026-01-15 15:05,69478,69528,69533,69448,134065
2026-01-15 15:10,69429,69478,69478,69369,139110
2026-01-15 15:15,69523,69429,69548,69409,176291
2026-01-15 15:20,69613,69533,69622,69523,206293
2026-01-16 9:00,70040,69861,70055,69861,181586
2026-01-16 9:05,69871,70035,70204,69717,506410
2026-01-16 9:10,69637,69871,69971,69632,303648
2026-01-16 9:15,69717,69657,69831,69637,212936
2026-01-16 9:20,70075,69717,70075,69707,296038
2026-01-16 9:25,69966,70075,70080,69866,288740
2026-01-16 9:30,70100,69961,70100,69891,137701
2026-01-16 9:35,69956,70100,70135,69921,235245
2026-01-16 9:40,69881,69956,70060,69881,231728
2026-01-16 9:45,70040,69886,70065,69806,212931
2026-01-16 9:50,69871,70040,70050,69841,157655
2026-01-16 9:55,70249,69866,70249,69851,279321
2026-01-16 10:00,70373,70249,70373,70184,230561
2026-01-16 10:05,70443,70373,70458,70304,176187
2026-01-16 10:10,70513,70438,70542,70430,191251
2026-01-16 10:15,70488,70513,70523,70408,137944
2026-01-16 10:20,70572,70493,70587,70433,160984
2026-01-16 10:25,70513,70577,70612,70503,142436
2026-01-16 10:30,70468,70508,70508,70314,237848
2026-01-16 10:35,70353,70473,70577,70314,261298
2026-01-16 10:40,70423,70358,70488,70348,154983
2026-01-16 10:45,70448,70423,70483,70393,138028
2026-01-16 10:50,70513,70438,70532,70289,217402
2026-01-16 10:55,70518,70513,70542,70428,176037
2026-01-16 11:00,70547,70518,70687,70518,317773
2026-01-16 11:05,70483,70547,70602,70473,90683
2026-01-16 11:10,70577,70483,70647,70453,180952
2026-01-16 11:15,70527,70582,70622,70527,68815
2026-01-16 11:20,70547,70537,70577,70478,86495
2026-01-16 11:25,70458,70542,70557,70433,74258
2026-01-16 11:30,70542,70448,70547,70403,71800
2026-01-16 11:35,70537,70542,70587,70498,58245
2026-01-16 11:40,70478,70537,70562,70458,66641
2026-01-16 11:45,70518,70463,70532,70463,57306
2026-01-16 11:50,70508,70523,70542,70448,68529
2026-01-16 11:55,70498,70508,70527,70453,43465
2026-01-16 12:00,70518,70503,70587,70483,59234
2026-01-16 12:05,70373,70513,70582,70358,151546
2026-01-16 12:10,70612,70373,70617,70373,135192
2026-01-16 12:15,70572,70612,70647,70557,81528
2026-01-16 12:20,70642,70567,70692,70547,102385
2026-01-16 12:25,70587,70647,70657,70582,57061
2026-01-16 12:30,70642,70592,70642,70572,49782
2026-01-16 12:35,70647,70632,70672,70587,49891
2026-01-16 12:40,70667,70637,70711,70637,149284
2026-01-16 12:45,70592,70657,70672,70572,133723
2026-01-16 12:50,70532,70587,70597,70527,106454
2026-01-16 12:55,70527,70537,70547,70468,95066
2026-01-16 13:00,70518,70513,70537,70483,61580
2026-01-16 13:05,70304,70523,70557,70289,190018
2026-01-16 13:10,70169,70304,70324,70145,109140
2026-01-16 13:15,70239,70179,70259,70115,113117
2026-01-16 13:20,70294,70234,70403,70229,190084
2026-01-16 13:25,70251,70294,70343,70239,77645
2026-01-16 13:30,70199,70249,70304,70164,70024
2026-01-16 13:35,70040,70194,70239,70015,144127
2026-01-16 13:40,70055,70040,70189,70025,219500
2026-01-16 13:45,70244,70060,70244,70055,146934
2026-01-16 13:50,70279,70239,70304,70194,82081
2026-01-16 13:55,70304,70284,70383,70274,108365
2026-01-16 14:00,70353,70309,70368,70279,64880
2026-01-16 14:05,70483,70353,70483,70329,160129
2026-01-16 14:10,70448,70488,70508,70423,104606
2026-01-16 14:15,70378,70448,70483,70378,80910
2026-01-16 14:20,70438,70373,70453,70348,194443
2026-01-16 14:25,70428,70433,70443,70339,126470
2026-01-16 14:30,70398,70428,70483,70383,202849
2026-01-16 14:35,70339,70398,70413,70334,125250
2026-01-16 14:40,70259,70343,70373,70249,163697
2026-01-16 14:45,70100,70254,70254,70100,123464
2026-01-16 14:50,70289,70095,70309,70065,217416
2026-01-16 14:55,70274,70289,70304,70184,87083
2026-01-16 15:00,70264,70269,70329,70219,162750
2026-01-16 15:05,70254,70269,70284,70239,55436
2026-01-16 15:10,70363,70249,70373,70209,142175
2026-01-16 15:15,70348,70358,70388,70329,168052
2026-01-16 15:20,70368,70353,70383,70334,110001
2026-01-19 9:00,70164,70184,70244,70115,126681
2026-01-19 9:05,70398,70164,70508,70130,300474
2026-01-19 9:10,70483,70403,70627,70294,328308
2026-01-19 9:15,70508,70473,70518,70393,197328
2026-01-19 9:20,70269,70513,70513,70224,171755
2026-01-19 9:25,70209,70259,70339,70169,154207
2026-01-19 9:30,70234,70209,70294,70130,153257
2026-01-19 9:35,70324,70234,70324,70155,150802
2026-01-19 9:40,70234,70324,70353,70155,128442
2026-01-19 9:45,70269,70239,70329,70189,128643
2026-01-19 9:50,70378,70264,70413,70244,118682
2026-01-19 9:55,70393,70378,70458,70348,133243
2026-01-19 10:00,70229,70393,70418,70204,129577
2026-01-19 10:05,70159,70224,70224,70120,154511
2026-01-19 10:10,70383,70164,70393,70145,94959
2026-01-19 10:15,70363,70383,70408,70353,63850
2026-01-19 10:20,70503,70363,70508,70358,133516
2026-01-19 10:25,70473,70503,70527,70453,68645
2026-01-19 10:30,70692,70473,70702,70468,170035
2026-01-19 10:35,70746,70697,70756,70632,124934
2026-01-19 10:40,70851,70751,70851,70721,137389
2026-01-19 10:45,70786,70846,70856,70741,86978
2026-01-19 10:50,70890,70786,70905,70751,99931
2026-01-19 10:55,70970,70886,70985,70796,143812
2026-01-19 11:00,71104,70960,71154,70955,260045
2026-01-19 11:05,71099,71104,71159,71060,202805
2026-01-19 11:10,71169,71094,71249,71074,165586
2026-01-19 11:15,71253,71169,71253,71144,109497
2026-01-19 11:20,71169,71244,71253,71159,82437
2026-01-19 11:25,71164,71169,71204,71079,97555
2026-01-19 11:30,71194,71184,71209,71154,50539
2026-01-19 11:35,71209,71199,71234,71114,102622
2026-01-19 11:40,71234,71209,71278,71194,80375
2026-01-19 11:45,71263,71224,71333,71224,80563
2026-01-19 11:50,71303,71268,71353,71258,77732
2026-01-19 11:55,71263,71288,71318,71258,61236
2026-01-19 12:00,71263,71273,71278,71199,87664
2026-01-19 12:05,71268,71263,71273,71219,28836
2026-01-19 12:10,71273,71268,71288,71244,57387
2026-01-19 12:15,71239,71273,71288,71199,72724
2026-01-19 12:20,71189,71239,71244,71124,101068
2026-01-19 12:25,71010,71194,71204,70985,120152
2026-01-19 12:30,71149,71015,71169,70965,118016
2026-01-19 12:35,71224,71154,71234,71154,68130
2026-01-19 12:40,71318,71224,71318,71164,103625
2026-01-19 12:45,71268,71313,71338,71263,72523
2026-01-19 12:50,71134,71268,71283,71134,68849
2026-01-19 12:55,71129,71134,71174,71065,86782
2026-01-19 13:00,71099,71129,71154,71069,52227
2026-01-19 13:05,71109,71109,71154,71089,54850
2026-01-19 13:10,71010,71114,71119,71010,73530
2026-01-19 13:15,71074,71020,71079,70985,49834
2026-01-19 13:20,71074,71079,71119,71055,67060
2026-01-19 13:25,71099,71079,71109,71035,38943
2026-01-19 13:30,71164,71099,71164,71089,74804
2026-01-19 13:35,71219,71159,71244,71139,78190
2026-01-19 13:40,71343,71214,71353,71199,145889
2026-01-19 13:45,71308,71340,71368,71293,99399
2026-01-19 13:50,71323,71298,71348,71298,60033
2026-01-19 13:55,71423,71313,71428,71313,114274
2026-01-19 14:00,71447,71428,71462,71408,117211
2026-01-19 14:05,71418,71447,71462,71398,106526
2026-01-19 14:10,71437,71418,71447,71328,95659
2026-01-19 14:15,71408,71442,71447,71373,94498
2026-01-19 14:20,71433,71403,71442,71368,123908
2026-01-19 14:25,71582,71433,71587,71423,253729
2026-01-19 14:30,71607,71577,71671,71552,278625
2026-01-19 14:35,71587,71607,71607,71557,131750
2026-01-19 14:40,71527,71582,71602,71517,144388
2026-01-19 14:45,71442,71527,71547,71437,189632
2026-01-19 14:50,71442,71442,71487,71418,162458
2026-01-19 14:55,71388,71442,71452,71328,162675
2026-01-19 15:00,71467,71393,71472,71383,123086
2026-01-19 15:05,71477,71462,71482,71373,111784
2026-01-19 15:10,71537,71482,71552,71477,92271
2026-01-19 15:15,71467,71537,71547,71467,162675
2026-01-19 15:20,71418,71467,71477,71393,160383
2026-01-20 9:00,71258,71239,71358,71159,159236
2026-01-20 9:05,71258,71239,71527,71209,341370
2026-01-20 9:10,71079,71278,71318,71060,278230
2026-01-20 9:15,70532,71069,71089,70523,319483
2026-01-20 9:20,70343,70532,70547,70030,974854
2026-01-20 9:25,70304,70343,70513,70274,351379
2026-01-20 9:30,70443,70294,70458,70015,356916
2026-01-20 9:35,70572,70428,70577,70259,280747
2026-01-20 9:40,70607,70577,70702,70537,202649
2026-01-20 9:45,70731,70627,70746,70577,190055
2026-01-20 9:50,70567,70731,70741,70532,225367
2026-01-20 9:55,70523,70552,70721,70508,126791
2026-01-20 10:00,70378,70527,70532,70289,128495
2026-01-20 10:05,70373,70378,70433,70329,109177
2026-01-20 10:10,70169,70373,70403,70150,156824
2026-01-20 10:15,70209,70169,70244,70045,254604
2026-01-20 10:20,70229,70199,70249,70164,130790
2026-01-20 10:25,70513,70219,70513,70179,152383
2026-01-20 10:30,70702,70513,70702,70478,114283
2026-01-20 10:35,70662,70702,70761,70647,174425
2026-01-20 10:40,70632,70662,70806,70612,131725
2026-01-20 10:45,70761,70637,70771,70527,170895
2026-01-20 10:50,70851,70766,70871,70756,105565
2026-01-20 10:55,70816,70856,70910,70801,79766
2026-01-20 11:00,70871,70816,70890,70781,57563
2026-01-20 11:05,70811,70871,70910,70776,87080
2026-01-20 11:10,70856,70801,70866,70746,51893
2026-01-20 11:15,70751,70856,70950,70741,130390
2026-01-20 11:20,70607,70751,70791,70597,103722
2026-01-20 11:25,70657,70612,70662,70493,130041
2026-01-20 11:30,70851,70652,70861,70587,95173
2026-01-20 11:35,70970,70851,70975,70841,76333
2026-01-20 11:40,71025,70980,71040,70945,116151
2026-01-20 11:45,71154,71030,71184,71025,127147
2026-01-20 11:50,71204,71164,71219,71119,70070
2026-01-20 11:55,71179,71204,71214,71099,87528
2026-01-20 12:00,71214,71184,71229,71169,69652
2026-01-20 12:05,71189,71214,71234,71154,68343
2026-01-20 12:10,71174,71184,71216,71154,68990
2026-01-20 12:15,71169,71179,71204,71089,71109
2026-01-20 12:20,71278,71174,71293,71144,85504
2026-01-20 12:25,71278,71273,71318,71229,93771
2026-01-20 12:30,71263,71283,71300,71224,54336
2026-01-20 12:35,71278,71268,71323,71253,60989
2026-01-20 12:40,71224,71273,71273,71134,98710
2026-01-20 12:45,71278,71224,71288,71184,63226
2026-01-20 12:50,71343,71283,71348,71268,68462
2026-01-20 12:55,71428,71343,71442,71333,116215
2026-01-20 13:00,71467,71423,71487,71383,103444
2026-01-20 13:05,71423,71457,71467,71368,83074
2026-01-20 13:10,71388,71423,71433,71244,83149
2026-01-20 13:15,71293,71383,71388,71263,58042
2026-01-20 13:20,71268,71288,71353,71263,61105
2026-01-20 13:25,71253,71268,71308,71239,60055
2026-01-20 13:30,71378,71253,71393,71234,96355
2026-01-20 13:35,71333,71378,71388,71318,96181
2026-01-20 13:40,71383,71338,71433,71333,135051
2026-01-20 13:45,71408,71388,71423,71348,93690
2026-01-20 13:50,71507,71408,71507,71373,126966
2026-01-20 13:55,71512,71507,71537,71477,124781
2026-01-20 14:00,71497,71517,71542,71437,128168
2026-01-20 14:05,71502,71502,71507,71393,146493
2026-01-20 14:10,71602,71502,71607,71472,170430
2026-01-20 14:15,71577,71607,71636,71577,129406
2026-01-20 14:20,71602,71572,71656,71572,110211
2026-01-20 14:25,71626,71602,71646,71597,112961
2026-01-20 14:30,71651,71631,71686,71612,144207
2026-01-20 14:35,71572,71646,71661,71552,173335
2026-01-20 14:40,71423,71577,71607,71393,206506
2026-01-20 14:45,71318,71423,71428,71303,217012
2026-01-20 14:50,71388,71323,71413,71268,129823
2026-01-20 14:55,71308,71388,71393,71239,129563
2026-01-20 15:00,71323,71303,71338,71258,151015
2026-01-20 15:05,71189,71313,71358,71184,180161
2026-01-20 15:10,70881,71189,71194,70871,263596
2026-01-20 15:15,70920,70871,71005,70836,241107
2026-01-20 15:20,70900,70910,70950,70881,90186
2026-01-21 9:00,69717,69518,69762,69458,238019
2026-01-21 9:05,70458,69707,70493,69608,432735
2026-01-21 9:10,70284,70413,70607,70284,352831
2026-01-21 9:15,70433,70304,70567,70219,312784
2026-01-21 9:20,70393,70438,70572,70343,329404
2026-01-21 9:25,70518,70393,70572,70329,221563
2026-01-21 9:30,70751,70508,70786,70453,226255
2026-01-21 9:35,70801,70751,70935,70736,311381
2026-01-21 9:40,70876,70796,70950,70741,311226
2026-01-21 9:45,70602,70886,70905,70527,241307
2026-01-21 9:50,70771,70607,70856,70597,243628
2026-01-21 9:55,70667,70761,70871,70602,202880
2026-01-21 10:00,70905,70667,70930,70577,193504
2026-01-21 10:05,71124,70900,71144,70821,280392
2026-01-21 10:10,71273,71124,71298,71109,135179
2026-01-21 10:15,71373,71283,71418,71278,147410
2026-01-21 10:20,71348,71368,71373,71234,122648
2026-01-21 10:25,71268,71353,71373,71224,123367
2026-01-21 10:30,71353,71265,71398,71249,127565
2026-01-21 10:35,71492,71353,71512,71348,143563
2026-01-21 10:40,71393,71492,71542,71348,118487
2026-01-21 10:45,71423,71393,71452,71368,118341
2026-01-21 10:50,71358,71428,71437,71318,109135
2026-01-21 10:55,71358,71353,71462,71293,269944
2026-01-21 11:00,71224,71358,71388,71174,142280
2026-01-21 11:05,70975,71224,71224,70935,184079
2026-01-21 11:10,71174,70985,71189,70985,165773
2026-01-21 11:15,70985,71164,71174,70950,89913
2026-01-21 11:20,70806,70980,70985,70771,108234
2026-01-21 11:25,70602,70801,70811,70587,164846
2026-01-21 11:30,70438,70607,70612,70343,288992
2026-01-21 11:35,70348,70438,70453,70095,294986
2026-01-21 11:40,70184,70353,70458,70169,190412
2026-01-21 11:45,70224,70184,70363,70169,117372
2026-01-21 11:50,70463,70219,70483,70159,136048
2026-01-21 11:55,70527,70468,70537,70388,163584
2026-01-21 12:00,70537,70523,70612,70483,165955
2026-01-21 12:05,70706,70547,70736,70537,91531
2026-01-21 12:10,70716,70702,70801,70662,87871
2026-01-21 12:15,70826,70711,70826,70662,126899
2026-01-21 12:20,71060,70811,71079,70786,177561
2026-01-21 12:25,71005,71060,71079,70995,147653
2026-01-21 12:30,71050,71000,71094,70975,141368
2026-01-21 12:35,70990,71050,71094,70985,137471
2026-01-21 12:40,71069,70985,71104,70960,189564
2026-01-21 12:45,70925,71074,71074,70905,136284
2026-01-21 12:50,70970,70925,71060,70905,106249
2026-01-21 12:55,70846,70965,70965,70786,133317
2026-01-21 13:00,70706,70846,70851,70627,185645
2026-01-21 13:05,70771,70706,70781,70652,171099
2026-01-21 13:10,70726,70766,70766,70572,139377
2026-01-21 13:15,70662,70733,70786,70607,122460
2026-01-21 13:20,70682,70657,70741,70632,116932
2026-01-21 13:25,70841,70687,70881,70667,138733
2026-01-21 13:30,70915,70846,70970,70826,161830
2026-01-21 13:35,71030,70920,71074,70915,142013
2026-01-21 13:40,71124,71035,71154,71000,136483
2026-01-21 13:45,71099,71114,71129,71060,88738
2026-01-21 13:50,71074,71094,71154,71065,89528
2026-01-21 13:55,71079,71074,71124,71065,56440
2026-01-21 14:00,70985,71069,71069,70925,136786
2026-01-21 14:05,71074,70985,71129,70965,125667
2026-01-21 14:10,71129,71065,71159,71015,105492
2026-01-21 14:15,71214,71124,71293,71124,130719
2026-01-21 14:20,71159,71209,71224,71124,70103
2026-01-21 14:25,71089,71159,71244,71079,96225
2026-01-21 14:30,71079,71099,71109,70970,84585
2026-01-21 14:35,71189,71079,71229,71069,112081
2026-01-21 14:40,71273,71179,71283,71114,89632
2026-01-21 14:45,71343,71268,71398,71239,108689
2026-01-21 14:50,71482,71353,71492,71333,131177
2026-01-21 14:55,71378,71482,71502,71368,95375
2026-01-21 15:00,71293,71368,71393,71273,70014
2026-01-21 15:05,71323,71293,71373,71278,68437
2026-01-21 15:10,71383,71318,71398,71318,52519
2026-01-21 15:15,71378,71383,71388,71333,65715
2026-01-21 15:20,71343,71378,71388,71338,61735
2026-01-22 9:00,72924,72735,72979,72735,303473
2026-01-22 9:05,73073,72909,73138,72740,746838
2026-01-22 9:10,73098,73069,73238,73019,480404
2026-01-22 9:15,72810,73098,73173,72775,231303
2026-01-22 9:20,73054,72800,73113,72765,251021
2026-01-22 9:25,73069,73049,73138,72989,200984
2026-01-22 9:30,73223,73064,73292,73019,363840
2026-01-22 9:35,72795,73218,73257,72780,335766
2026-01-22 9:40,72691,72790,72870,72556,264678
2026-01-22 9:45,72845,72691,72969,72671,222643
2026-01-22 9:50,72770,72835,72855,72701,154922
2026-01-22 9:55,72616,72770,72894,72576,175792
2026-01-22 10:00,72765,72621,72875,72556,134114
2026-01-22 10:05,72770,72770,72919,72720,142372
2026-01-22 10:10,72646,72765,72820,72608,119804
2026-01-22 10:15,72735,72651,72735,72487,195316
2026-01-22 10:20,72785,72735,72840,72715,119528
2026-01-22 10:25,72785,72785,72885,72745,109379
2026-01-22 10:30,72865,72785,72894,72750,91448
2026-01-22 10:35,73019,72865,73029,72860,133520
2026-01-22 10:40,73034,73019,73069,72919,139167
2026-01-22 10:45,73054,73034,73098,73014,116006
2026-01-22 10:50,73004,73049,73083,72954,94298
2026-01-22 10:55,73083,73004,73108,72984,154170
2026-01-22 11:00,72959,73088,73093,72899,136471
2026-01-22 11:05,73073,72959,73083,72944,121662
2026-01-22 11:10,73103,73073,73118,73024,161487
2026-01-22 11:15,73113,73103,73138,73078,164054
2026-01-22 11:20,73203,73113,73208,73098,147718
2026-01-22 11:25,73223,73208,73257,73193,187425
2026-01-22 11:30,73282,73223,73317,73183,237736
2026-01-22 11:35,72994,73282,73297,72989,229552
2026-01-22 11:40,73064,72999,73098,72944,128442
2026-01-22 11:45,72974,73049,73088,72959,74070
2026-01-22 11:50,73153,72974,73153,72919,209663
2026-01-22 11:55,73019,73153,73178,72984,178161
2026-01-22 12:00,73039,73019,73083,72994,73693
2026-01-22 12:05,73173,73039,73173,73029,109258
2026-01-22 12:10,73153,73178,73178,73093,53122
2026-01-22 12:15,73108,73148,73158,73064,73447
2026-01-22 12:20,73108,73108,73133,73069,43692
2026-01-22 12:25,73088,73108,73153,73054,102286
2026-01-22 12:30,73029,73098,73158,72999,115337
2026-01-22 12:35,72845,73019,73029,72840,229536
2026-01-22 12:40,72805,72860,72875,72760,218937
2026-01-22 12:45,72725,72820,72840,72706,108496
2026-01-22 12:50,72780,72725,72870,72710,61472
2026-01-22 12:55,72740,72775,72855,72735,83117
2026-01-22 13:00,72696,72740,72795,72661,90634
2026-01-22 13:05,72596,72691,72706,72576,165084
2026-01-22 13:10,72596,72596,72681,72522,177166
2026-01-22 13:15,72497,72581,72651,72487,94148
2026-01-22 13:20,72561,72492,72561,72407,164421
2026-01-22 13:25,72611,72561,72691,72531,127915
2026-01-22 13:30,72681,72606,72691,72526,155368
2026-01-22 13:35,72790,72681,72790,72646,148011
2026-01-22 13:40,72765,72780,72800,72686,109403
2026-01-22 13:45,72800,72755,72825,72725,106186
2026-01-22 13:50,72710,72800,72805,72691,110315
2026-01-22 13:55,72815,72725,72835,72706,102242
2026-01-22 14:00,72865,72815,72880,72815,66919
2026-01-22 14:05,72850,72865,72894,72820,79335
2026-01-22 14:10,72800,72855,72894,72795,84706
2026-01-22 14:15,72805,72800,72875,72765,69930
2026-01-22 14:20,72790,72800,72830,72765,66574
2026-01-22 14:25,72691,72800,72815,72691,125716
2026-01-22 14:30,72581,72696,72720,72571,99928
2026-01-22 14:35,72492,72581,72626,72477,143841
2026-01-22 14:40,72487,72487,72531,72417,93671
2026-01-22 14:45,72382,72487,72492,72347,135230
2026-01-22 14:50,72467,72387,72507,72367,121206
2026-01-22 14:55,72258,72467,72472,72183,193338
2026-01-22 15:00,72193,72258,72273,72049,175608
2026-01-22 15:05,72069,72183,72223,72024,194668
2026-01-22 15:10,71895,72066,72139,71880,138061
2026-01-22 15:15,72104,71905,72114,71880,325018
2026-01-22 15:20,72168,72109,72208,72074,126092
2026-01-23 9:00,72611,72606,72666,72512,162943
2026-01-23 9:05,72651,72571,72745,72313,478612
2026-01-23 9:10,72865,72656,72875,72352,314470
2026-01-23 9:15,72825,72880,72929,72715,192167
2026-01-23 9:20,73014,72825,73029,72785,203929
2026-01-23 9:25,73044,73014,73118,73009,176967
2026-01-23 9:30,73019,73039,73093,72954,176503
2026-01-23 9:35,73069,73019,73093,72969,122681
2026-01-23 9:40,73148,73059,73158,72979,190347
2026-01-23 9:45,73093,73148,73198,73069,149886
2026-01-23 9:50,73093,73093,73098,72964,128105
2026-01-23 9:55,72984,73093,73133,72979,101812
2026-01-23 10:00,72899,72989,73004,72875,112868
2026-01-23 10:05,73009,72894,73088,72865,119802
2026-01-23 10:10,72974,73004,73014,72909,153442
2026-01-23 10:15,72870,72989,73014,72810,104302
2026-01-23 10:20,73049,72870,73083,72845,84558
2026-01-23 10:25,72855,73049,73069,72840,99375
2026-01-23 10:30,72875,72855,72894,72835,59646
2026-01-23 10:35,72760,72880,72880,72706,138980
2026-01-23 10:40,72581,72765,72765,72566,141902
2026-01-23 10:45,72502,72576,72676,72497,139081
2026-01-23 10:50,72601,72507,72626,72492,127518
2026-01-23 10:55,72467,72601,72601,72452,91464
2026-01-23 11:00,72487,72472,72561,72422,100207
2026-01-23 11:05,72372,72482,72507,72333,144077
2026-01-23 11:10,72497,72372,72512,72213,342994
2026-01-23 11:15,72512,72497,72581,72462,149446
2026-01-23 11:20,72606,72507,72626,72487,83426
2026-01-23 11:25,72730,72611,72745,72551,93446
2026-01-23 11:30,72894,72725,72899,72720,88903
2026-01-23 11:35,72880,72885,72904,72830,99972
2026-01-23 11:40,72934,72880,72954,72865,74002
2026-01-23 11:45,72979,72934,72999,72914,76794
2026-01-23 11:50,72904,72974,72974,72894,52433
2026-01-23 11:55,72899,72904,72934,72860,91082
2026-01-23 12:00,72875,72909,72924,72850,45651
2026-01-23 12:05,72999,72875,72999,72825,129218
2026-01-23 12:10,72899,72999,73044,72870,106336
2026-01-23 12:15,72914,72899,72934,72845,51402
2026-01-23 12:20,72939,72919,72979,72909,61257
2026-01-23 12:25,72969,72939,72969,72919,64387
2026-01-23 12:30,72944,72964,72989,72904,90396
2026-01-23 12:35,72894,72939,72964,72875,73468
2026-01-23 12:40,72944,72885,73004,72840,98104
2026-01-23 12:45,72914,72949,72949,72909,38908
2026-01-23 12:50,72914,72909,72924,72860,77243
2026-01-23 12:55,72959,72914,72979,72914,54651
2026-01-23 13:00,72934,72954,72969,72904,88141
2026-01-23 13:05,72885,72934,72974,72885,66099
2026-01-23 13:10,72646,72889,72919,72626,165248
2026-01-23 13:15,72710,72646,72740,72616,92084
2026-01-23 13:20,72696,72715,72775,72676,115822
2026-01-23 13:25,72636,72696,72715,72616,73617
2026-01-23 13:30,72616,72641,72681,72512,152112
2026-01-23 13:35,72591,72616,72636,72566,80079
2026-01-23 13:40,72526,72581,72596,72492,92931
2026-01-23 13:45,72323,72526,72536,72318,172713
2026-01-23 13:50,72163,72318,72362,72129,272130
2026-01-23 13:55,72034,72163,72263,71935,399629
2026-01-23 14:00,71960,72034,72034,71835,249728
2026-01-23 14:05,71989,71970,72019,71716,303486
2026-01-23 14:10,72208,71989,72223,71935,166670
2026-01-23 14:15,72243,72198,72278,72124,136550
2026-01-23 14:20,72223,72238,72328,72129,110936
2026-01-23 14:25,72273,72223,72308,72159,70286
2026-01-23 14:30,72338,72283,72397,72253,126962
2026-01-23 14:35,72323,72338,72412,72313,73365
2026-01-23 14:40,72551,72318,72566,72318,159317
2026-01-23 14:45,72611,72551,72656,72536,138652
2026-01-23 14:50,72621,72606,72666,72571,87547
2026-01-23 14:55,72636,72621,72701,72571,120974
2026-01-23 15:00,72666,72633,72706,72566,130059
2026-01-23 15:05,72651,72666,72686,72502,158955
2026-01-23 15:10,72571,72656,72715,72512,113898
2026-01-23 15:15,72561,72566,72626,72531,87303
2026-01-23 15:20,72626,72561,72661,72531,80730
2026-01-26 9:00,72899,72740,72939,72656,125825
2026-01-26 9:05,72934,72870,73014,72745,279339
2026-01-26 9:10,73014,72934,73203,72835,239489
2026-01-26 9:15,73158,73014,73168,72974,175084
2026-01-26 9:20,72914,73153,73153,72780,254915
2026-01-26 9:25,72740,72924,72934,72671,173167
2026-01-26 9:30,72830,72750,72850,72656,157273
2026-01-26 9:35,72835,72830,72840,72671,107510
2026-01-26 9:40,72561,72835,72919,72551,294705
2026-01-26 9:45,72601,72561,72691,72551,105452
2026-01-26 9:50,72701,72601,72765,72576,105748
2026-01-26 9:55,72606,72701,72740,72591,85403
2026-01-26 10:00,72482,72611,72611,72352,250652
2026-01-26 10:05,72845,72482,72845,72462,155697
2026-01-26 10:10,72566,72845,72885,72546,108338
2026-01-26 10:15,72432,72566,72616,72417,120657
2026-01-26 10:20,72387,72432,72447,72308,267090
2026-01-26 10:25,72308,72387,72442,72238,133096
2026-01-26 10:30,72258,72303,72323,72159,146012
2026-01-26 10:35,72248,72258,72343,72208,108329
2026-01-26 10:40,72233,72248,72323,72183,176204
2026-01-26 10:45,72019,72223,72233,72004,205182
2026-01-26 10:50,72039,72019,72159,71970,129626
2026-01-26 10:55,72308,72039,72323,71989,123482
2026-01-26 11:00,72357,72293,72402,72263,132784
2026-01-26 11:05,72328,72362,72397,72243,65103
2026-01-26 11:10,72243,72338,72412,72203,69391
2026-01-26 11:15,72188,72233,72303,72109,88218
2026-01-26 11:20,72283,72188,72352,72188,97786
2026-01-26 11:25,72382,72283,72422,72238,76173
2026-01-26 11:30,72338,72382,72432,72293,58583
2026-01-26 11:35,72268,72338,72343,72258,47107
2026-01-26 11:40,72352,72263,72387,72253,66347
2026-01-26 11:45,72139,72352,72352,72124,83063
2026-01-26 11:50,72193,72139,72218,72089,67040
2026-01-26 11:55,72139,72193,72273,72104,48512
2026-01-26 12:00,72173,72139,72208,72059,52551
2026-01-26 12:05,72288,72178,72298,72173,41782
2026-01-26 12:10,72313,72293,72367,72293,64396
2026-01-26 12:15,72223,72318,72323,72198,54622
2026-01-26 12:20,72283,72233,72333,72218,87801
2026-01-26 12:25,72213,72283,72303,72193,175406
2026-01-26 12:30,72258,72218,72338,72208,76370
2026-01-26 12:35,72213,72253,72318,72173,125375
2026-01-26 12:40,72213,72213,72218,72114,75007
2026-01-26 12:45,72228,72213,72318,72208,75971
2026-01-26 12:50,72144,72228,72253,72089,109340
2026-01-26 12:55,71984,72144,72159,71975,137600
2026-01-26 13:00,71965,71984,72024,71935,243092
2026-01-26 13:05,72024,71965,72034,71960,59242
2026-01-26 13:10,72253,72034,72263,72034,118187
2026-01-26 13:15,72159,72250,72298,72144,84222
2026-01-26 13:20,72154,72154,72183,72099,74033
2026-01-26 13:25,72198,72149,72208,72084,111011
2026-01-26 13:30,72213,72198,72253,72173,88045
2026-01-26 13:35,72074,72213,72218,72029,125853
2026-01-26 13:40,72059,72079,72104,72039,54592
2026-01-26 13:45,72069,72049,72069,71994,59635
2026-01-26 13:50,72029,72069,72079,72019,46724
2026-01-26 13:55,72014,72029,72029,71880,164048
2026-01-26 14:00,71925,72014,72069,71920,80474
2026-01-26 14:05,71870,71925,71989,71855,86345
2026-01-26 14:10,71920,71875,71945,71845,91407
2026-01-26 14:15,71947,71920,71970,71885,81015
2026-01-26 14:20,71965,71947,71999,71920,77316
2026-01-26 14:25,71935,71962,71994,71880,113518
2026-01-26 14:30,72074,71935,72084,71885,131550
2026-01-26 14:35,72059,72074,72119,72029,98355
2026-01-26 14:40,72094,72059,72114,72054,70341
2026-01-26 14:45,72069,72094,72104,72004,82685
2026-01-26 14:50,72074,72061,72159,72049,87117
2026-01-26 14:55,72054,72089,72114,72029,130557
2026-01-26 15:00,72024,72039,72054,71975,86628
2026-01-26 15:05,72014,72024,72084,71989,107672
2026-01-26 15:10,72024,72009,72044,71984,75861
2026-01-26 15:15,72009,72034,72064,71935,155639
2026-01-26 15:20,71957,72014,72014,71950,105406
2026-01-27 9:00,71661,71676,71756,71497,183882
2026-01-27 9:05,71214,71666,71791,71149,460996
2026-01-27 9:10,71378,71219,71418,71030,299687
2026-01-27 9:15,71552,71363,71592,71288,205507
2026-01-27 9:20,71975,71562,72009,71562,280851
2026-01-27 9:25,72089,71975,72168,71935,186486
2026-01-27 9:30,72044,72094,72178,72039,147143
2026-01-27 9:35,72119,72054,72168,72039,140154
2026-01-27 9:40,72442,72124,72457,72099,194573
2026-01-27 9:45,72556,72452,72571,72447,222282
2026-01-27 9:50,72686,72556,72701,72492,249546
2026-01-27 9:55,72661,72696,72760,72631,200390
2026-01-27 10:00,72666,72661,72701,72546,138107
2026-01-27 10:05,72790,72671,72830,72646,212568
2026-01-27 10:10,72735,72790,72795,72715,87413
2026-01-27 10:15,72696,72735,72760,72611,121732
2026-01-27 10:20,72770,72686,72830,72601,157092
2026-01-27 10:25,72720,72770,72780,72636,64006
2026-01-27 10:30,72830,72720,72855,72715,119292
2026-01-27 10:35,72919,72835,72929,72810,122286
2026-01-27 10:40,73004,72924,73024,72914,103940
2026-01-27 10:45,72999,73004,73024,72954,103796
2026-01-27 10:50,73123,72999,73153,72989,140826
2026-01-27 10:55,73188,73123,73188,73093,75161
2026-01-27 11:00,73218,73188,73267,73153,165166
2026-01-27 11:05,73238,73218,73248,73138,131746
2026-01-27 11:10,73203,73238,73272,73168,101502
2026-01-27 11:15,73223,73203,73253,73148,90113
2026-01-27 11:20,73282,73223,73287,73178,121681
2026-01-27 11:25,73322,73282,73397,73272,150912
2026-01-27 11:30,73422,73327,73491,73312,173011
2026-01-27 11:35,73511,73422,73511,73362,128138
2026-01-27 11:40,73630,73511,73665,73496,150699
2026-01-27 11:45,73645,73630,73710,73606,124832
2026-01-27 11:50,73705,73650,73730,73601,114967
2026-01-27 11:55,73700,73705,73715,73601,129783
2026-01-27 12:00,73750,73700,73844,73695,168280
2026-01-27 12:05,73834,73750,73844,73740,89963
2026-01-27 12:10,73735,73824,73849,73725,96534
2026-01-27 12:15,73745,73730,73780,73710,79595
2026-01-27 12:20,73720,73745,73775,73675,92135
2026-01-27 12:25,73750,73715,73795,73705,80985
2026-01-27 12:30,73710,73750,73775,73700,37600
2026-01-27 12:35,73670,73700,73710,73601,65453
2026-01-27 12:40,73864,73670,73864,73670,166418
2026-01-27 12:45,73765,73854,73854,73730,70475
2026-01-27 12:50,73745,73760,73804,73730,49752
2026-01-27 12:55,73735,73735,73790,73685,50535
2026-01-27 13:00,73695,73740,73745,73675,48670
2026-01-27 13:05,73680,73690,73715,73591,90396
2026-01-27 13:10,73859,73680,73879,73660,110860
2026-01-27 13:15,73680,73864,73874,73665,156904
2026-01-27 13:20,73795,73685,73809,73675,87869
2026-01-27 13:25,73765,73799,73804,73725,54318
2026-01-27 13:30,73844,73767,73899,73760,105053
2026-01-27 13:35,73854,73849,73876,73804,44651
2026-01-27 13:40,73914,73849,73939,73844,94147
2026-01-27 13:45,73929,73909,73959,73864,131533
2026-01-27 13:50,73993,73944,73998,73919,150710
2026-01-27 13:55,73998,73998,74053,73983,109900
2026-01-27 14:00,73983,73998,74033,73959,78156
2026-01-27 14:05,73954,73988,74003,73919,59575
2026-01-27 14:10,73884,73954,73954,73859,91885
2026-01-27 14:15,73929,73884,73959,73874,72638
2026-01-27 14:20,73924,73934,73939,73899,65558
2026-01-27 14:25,73904,73924,73944,73879,56876
2026-01-27 14:30,73939,73904,73959,73904,43492
2026-01-27 14:35,74053,73944,74068,73934,95185
2026-01-27 14:40,74053,74053,74093,74023,113276
2026-01-27 14:45,74192,74053,74197,74043,402042
2026-01-27 14:50,74287,74192,74287,74158,647074
2026-01-27 14:55,74356,74287,74361,74267,385865
2026-01-27 15:00,74361,74351,74421,74332,276987
2026-01-27 15:05,74411,74361,74411,74327,120157
2026-01-27 15:10,74337,74411,74416,74322,125905
2026-01-27 15:15,74307,74337,74356,74292,108951
2026-01-27 15:20,74292,74307,74317,74252,232362
2026-01-28 9:00,75212,75237,75391,75187,215117
2026-01-28 9:05,75411,75212,75550,75167,688330
2026-01-28 9:10,75485,75406,75624,75316,425721
2026-01-28 9:15,75679,75485,75729,75485,547991
2026-01-28 9:20,75266,75659,75669,75252,493185
2026-01-28 9:25,75122,75271,75271,74918,392485
2026-01-28 9:30,75396,75119,75426,75097,301625
2026-01-28 9:35,75465,75396,75510,75326,348338
2026-01-28 9:40,75396,75465,75465,75356,189117
2026-01-28 9:45,75381,75396,75460,75286,259689
2026-01-28 9:50,75565,75381,75580,75296,274997
2026-01-28 9:55,75659,75575,75729,75485,378110
2026-01-28 10:00,75570,75664,75699,75545,169134
2026-01-28 10:05,75704,75555,75739,75545,157946
2026-01-28 10:10,75704,75704,75769,75669,196508
2026-01-28 10:15,75605,75704,75799,75590,174754
2026-01-28 10:20,75475,75600,75644,75475,242223
2026-01-28 10:25,75495,75475,75535,75286,137546
2026-01-28 10:30,75654,75495,75659,75396,145327
2026-01-28 10:35,75590,75649,75714,75590,168005
2026-01-28 10:40,75595,75595,75669,75445,183495
2026-01-28 10:45,75764,75595,75813,75580,167140
2026-01-28 10:50,75818,75764,75818,75729,90704
2026-01-28 10:55,75794,75803,75853,75754,131532
2026-01-28 11:00,76012,75803,76022,75759,180550
2026-01-28 11:05,76062,76012,76082,75968,156108
2026-01-28 11:10,75918,76062,76077,75883,165054
2026-01-28 11:15,75629,75918,75918,75580,202252
2026-01-28 11:20,75605,75629,75714,75545,115419
2026-01-28 11:25,75605,75615,75664,75480,158939
2026-01-28 11:30,75550,75624,75639,75460,127858
2026-01-28 11:35,75436,75545,75570,75366,137886
2026-01-28 11:40,75252,75426,75440,75177,212264
2026-01-28 11:45,75281,75252,75411,75202,160710
2026-01-28 11:50,75306,75276,75331,75122,147945
2026-01-28 11:55,75361,75291,75396,75281,82122
2026-01-28 12:00,75331,75361,75401,75227,112420
2026-01-28 12:05,75341,75326,75401,75281,97123
2026-01-28 12:10,75182,75336,75336,75152,116288
2026-01-28 12:15,75266,75182,75296,75152,71315
2026-01-28 12:20,75356,75252,75381,75187,72819
2026-01-28 12:25,75376,75361,75465,75346,122841
2026-01-28 12:30,75142,75376,75376,75122,170293
2026-01-28 12:35,75232,75142,75256,75058,140910
2026-01-28 12:40,75276,75232,75351,75187,110194
2026-01-28 12:45,75341,75271,75411,75261,74540
2026-01-28 12:50,75346,75341,75411,75311,59420
2026-01-28 12:55,75237,75341,75341,75227,82081
2026-01-28 13:00,75142,75234,75242,75097,102144
2026-01-28 13:05,75261,75142,75296,75132,143982
2026-01-28 13:10,75252,75252,75316,75177,91657
2026-01-28 13:15,75137,75252,75266,75132,76720
2026-01-28 13:20,75192,75137,75217,75077,97454
2026-01-28 13:25,75361,75187,75401,75142,120168
2026-01-28 13:30,75520,75356,75540,75311,171437
2026-01-28 13:35,75505,75520,75629,75470,155567
2026-01-28 13:40,75530,75495,75535,75391,178324
2026-01-28 13:45,75535,75530,75600,75485,171699
2026-01-28 13:50,75540,75525,75600,75376,105891
2026-01-28 13:55,75565,75535,75615,75515,76195
2026-01-28 14:00,75555,75565,75575,75485,74923
2026-01-28 14:05,75639,75555,75679,75520,93144
2026-01-28 14:10,75644,75639,75669,75386,139690
2026-01-28 14:15,75699,75634,75699,75624,123143
2026-01-28 14:20,75644,75704,75764,75634,154013
2026-01-28 14:25,75724,75644,75769,75629,138870
2026-01-28 14:30,75729,75724,75803,75704,124439
2026-01-28 14:35,75794,75724,75813,75659,206369
2026-01-28 14:40,75868,75803,75893,75784,103175
2026-01-28 14:45,75699,75868,75868,75664,169996
2026-01-28 14:50,75744,75694,75808,75669,117141
2026-01-28 14:55,75679,75734,75794,75659,164683
2026-01-28 15:00,75803,75674,75948,75595,219563
2026-01-28 15:05,75873,75803,75938,75799,116392
2026-01-28 15:10,75893,75873,75913,75813,179726
2026-01-28 15:15,75749,75883,75893,75729,210904
2026-01-28 15:20,75764,75749,75784,75719,151827
2026-01-29 9:00,77143,76854,77242,76854,316226
2026-01-29 9:05,76655,77158,77187,76580,469971
2026-01-29 9:10,77023,76665,77043,76620,318514
2026-01-29 9:15,76834,77018,77063,76700,227342
2026-01-29 9:20,76620,76834,76859,76411,255845
2026-01-29 9:25,76326,76610,76724,76306,205466
2026-01-29 9:30,76023,76311,76411,76013,285477
2026-01-29 9:35,75629,76023,76033,75415,518871
2026-01-29 9:40,75510,75624,75908,75480,243320
2026-01-29 9:45,75804,75505,75863,75241,324020
2026-01-29 9:50,75375,75804,75823,75341,175698
2026-01-29 9:55,75589,75375,75614,75122,246660
2026-01-29 10:00,75585,75589,75804,75395,224899
2026-01-29 10:05,75395,75580,75585,75336,159743
2026-01-29 10:10,75141,75380,75460,75112,212898
2026-01-29 10:15,74693,75146,75286,74679,315686
2026-01-29 10:20,74674,74679,75042,74539,341441
2026-01-29 10:25,74375,74664,74708,74340,209012
2026-01-29 10:30,75057,74370,75067,74255,310340
2026-01-29 10:35,75286,75047,75375,75002,308891
2026-01-29 10:40,75515,75276,75525,75246,241809
2026-01-29 10:45,75211,75515,75550,75206,214134
2026-01-29 10:50,75415,75216,75440,75201,95739
2026-01-29 10:55,75709,75400,75714,75346,160301
2026-01-29 11:00,75838,75704,75848,75644,206917
2026-01-29 11:05,75823,75828,76042,75729,309272
2026-01-29 11:10,75550,75809,75868,75395,254270
2026-01-29 11:15,75654,75565,75654,75375,519185
2026-01-29 11:20,75639,75654,75674,75445,138810
2026-01-29 11:25,75883,75639,75923,75500,189583
2026-01-29 11:30,75784,75868,75888,75734,164144
2026-01-29 11:35,75644,75784,75804,75594,197739
2026-01-29 11:40,75485,75644,75679,75480,156715
2026-01-29 11:45,75570,75500,75575,75440,155579
2026-01-29 11:50,75664,75550,75684,75460,111618
2026-01-29 11:55,75883,75664,75898,75619,135806
2026-01-29 12:00,75848,75888,75998,75804,186967
2026-01-29 12:05,76162,75848,76162,75845,183588
2026-01-29 12:10,76232,76157,76247,76077,165838
2026-01-29 12:15,76361,76232,76381,76137,260843
2026-01-29 12:20,76356,76356,76386,76311,162780
2026-01-29 12:25,76580,76356,76580,76356,225043
2026-01-29 12:30,76675,76585,76685,76486,240190
2026-01-29 12:35,76759,76680,76769,76605,316815
2026-01-29 12:40,76565,76759,76819,76545,278579
2026-01-29 12:45,76540,76560,76749,76476,220864
2026-01-29 12:50,76555,76545,76610,76381,233972
2026-01-29 12:55,76565,76555,76575,76416,202067
2026-01-29 13:00,76530,76555,76575,76466,168724
2026-01-29 13:05,76490,76520,76520,76341,246227
2026-01-29 13:10,76252,76486,76495,76212,250857
2026-01-29 13:15,76237,76252,76336,76122,279023
2026-01-29 13:20,76456,76232,76540,76217,252302
2026-01-29 13:25,76262,76466,76466,76227,235189
2026-01-29 13:30,76276,76262,76291,76142,267254
2026-01-29 13:35,76212,76286,76346,76192,231203
2026-01-29 13:40,76242,76212,76331,76152,218399
2026-01-29 13:45,76187,76242,76306,76117,208989
2026-01-29 13:50,76336,76182,76421,76152,219233
2026-01-29 13:55,76391,76336,76451,76321,200994
2026-01-29 14:00,76162,76391,76396,76097,233421
2026-01-29 14:05,76306,76162,76336,76152,214008
2026-01-29 14:10,76182,76306,76321,76157,225703
2026-01-29 14:15,76247,76177,76361,76117,240868
2026-01-29 14:20,76486,76247,76495,76242,242320
2026-01-29 14:25,76525,76476,76570,76426,246861
2026-01-29 14:30,76660,76525,76660,76476,202646
2026-01-29 14:35,76834,76660,76854,76620,259674
2026-01-29 14:40,76784,76844,76899,76749,165684
2026-01-29 14:45,76924,76784,76924,76754,189646
2026-01-29 14:50,76884,76924,76958,76844,187089
2026-01-29 14:55,76794,76889,76953,76759,112209
2026-01-29 15:00,76660,76784,76809,76585,113710
2026-01-29 15:05,76650,76655,76714,76570,103518
2026-01-29 15:10,76744,76655,76759,76585,119075
2026-01-29 15:15,76700,76744,76769,76620,112027
2026-01-29 15:20,76665,76695,76705,76640,125537
2026-01-30 9:00,76301,76147,76391,76122,111106
2026-01-30 9:05,76784,76306,76879,76296,326693
2026-01-30 9:10,76929,76794,77048,76764,456150
2026-01-30 9:15,76948,76943,77038,76685,337544
2026-01-30 9:20,77118,76938,77272,76938,350323
2026-01-30 9:25,77153,77118,77312,77053,284841
2026-01-30 9:30,77033,77158,77172,76914,245254
2026-01-30 9:35,77055,77033,77177,76983,185419
2026-01-30 9:40,77441,77058,77446,77013,321525
2026-01-30 9:45,77665,77441,77690,77406,399903
2026-01-30 9:50,77675,77665,77730,77521,209237
2026-01-30 9:55,77551,77675,77700,77411,265858
2026-01-30 10:00,77780,77551,77795,77521,256588
2026-01-30 10:05,77825,77775,77954,77735,254702
2026-01-30 10:10,77909,77844,77964,77730,176919
2026-01-30 10:15,78153,77909,78158,77854,202484
2026-01-30 10:20,78238,78148,78312,78103,302767
2026-01-30 10:25,78258,78238,78347,78158,281089
2026-01-30 10:30,78278,78258,78392,78183,444700
2026-01-30 10:35,78108,78278,78352,77999,257433
2026-01-30 10:40,77685,78108,78163,77685,281838
2026-01-30 10:45,77416,77685,77919,77391,325160
2026-01-30 10:50,77247,77401,77516,77207,372992
2026-01-30 10:55,77521,77247,77541,77197,285328
2026-01-30 11:00,77391,77516,77655,77387,244387
2026-01-30 11:05,77292,77391,77521,77282,266519
2026-01-30 11:10,77377,77282,77601,77282,128944
2026-01-30 11:15,77172,77357,77372,77083,166214
2026-01-30 11:20,76978,77172,77332,76973,144585
2026-01-30 11:25,76685,76978,76978,76680,256302
2026-01-30 11:30,76481,76700,76789,76466,181118
2026-01-30 11:35,76685,76490,76724,76386,242861
2026-01-30 11:40,76744,76675,76948,76640,190079
2026-01-30 11:45,76764,76744,76869,76635,132932
2026-01-30 11:50,76904,76774,76998,76744,102319
2026-01-30 11:55,77068,76929,77123,76859,136378
2026-01-30 12:00,77242,77068,77297,77058,241696
2026-01-30 12:05,77416,77242,77426,77212,95417
2026-01-30 12:10,77476,77411,77511,77307,221282
2026-01-30 12:15,77377,77451,77521,77292,111941
2026-01-30 12:20,77342,77362,77372,77202,107296
2026-01-30 12:25,77232,77337,77416,77202,108361
2026-01-30 12:30,77312,77227,77362,77158,90958
2026-01-30 12:35,77083,77312,77317,77023,62945
2026-01-30 12:40,76864,77083,77163,76794,121681
2026-01-30 12:45,77048,76859,77073,76844,85255
2026-01-30 12:50,76819,77043,77053,76814,86880
2026-01-30 12:55,76929,76824,77053,76819,50201
2026-01-30 13:00,76938,76924,76988,76799,40892
2026-01-30 13:05,76988,76929,77058,76869,75008
2026-01-30 13:10,77391,76993,77426,76963,110749
2026-01-30 13:15,77093,77406,77411,77058,102006
2026-01-30 13:20,77227,77088,77312,77068,224735
2026-01-30 13:25,77148,77227,77282,77088,62053
2026-01-30 13:30,77123,77138,77153,76943,86872
2026-01-30 13:35,77287,77118,77312,77118,88529
2026-01-30 13:40,77302,77292,77362,77217,96219
2026-01-30 13:45,77471,77307,77506,77297,107074
2026-01-30 13:50,77486,77476,77591,77456,166193
2026-01-30 13:55,77581,77476,77685,77466,99406
2026-01-30 14:00,77531,77596,77601,77451,84681
2026-01-30 14:05,77551,77536,77630,77506,87871
2026-01-30 14:10,77606,77546,77611,77476,93433
2026-01-30 14:15,77461,77591,77640,77446,91266
2026-01-30 14:20,77551,77456,77551,77332,147457
2026-01-30 14:25,77516,77551,77596,77466,148290
2026-01-30 14:30,77785,77506,77864,77506,191575
2026-01-30 14:35,77665,77785,77795,77611,90019
2026-01-30 14:40,77670,77665,77775,77625,87610
2026-01-30 14:45,77446,77665,77695,77401,84832
2026-01-30 14:50,77367,77446,77466,77337,74173
2026-01-30 14:55,77531,77367,77546,77282,104638
2026-01-30 15:00,77476,77521,77521,77401,94616
2026-01-30 15:05,77486,77466,77615,77436,119259
2026-01-30 15:10,77531,77486,77611,77426,118949
2026-01-30 15:15,77401,77531,77591,77387,112955
2026-01-30 15:20,77212,77391,77396,77212,84126
2026-02-02 9:00,75326,75346,75385,75102,261657
2026-02-02 9:05,74758,75316,75316,74569,604743
2026-02-02 9:10,75385,74743,75385,74609,373668
2026-02-02 9:15,75744,75390,75958,75321,365181
2026-02-02 9:20,75968,75744,76087,75719,227230
2026-02-02 9:25,76047,75968,76187,75863,333744
2026-02-02 9:30,75903,76047,76286,75853,445032
2026-02-02 9:35,76222,75903,76242,75799,344288
2026-02-02 9:40,76167,76222,76262,76023,284459
2026-02-02 9:45,76072,76172,76227,75923,276828
2026-02-02 9:50,76072,76077,76112,75893,155305
2026-02-02 9:55,76252,76072,76326,76067,276533
2026-02-02 10:00,76082,76262,76306,76082,234157
2026-02-02 10:05,76167,76102,76366,76082,191321
2026-02-02 10:10,75609,76167,76351,75589,405130
2026-02-02 10:15,75555,75599,75694,75415,335593
2026-02-02 10:20,75729,75545,75983,75465,322667
2026-02-02 10:25,75794,75719,75799,75535,264860
2026-02-02 10:30,75500,75804,75898,75480,346868
2026-02-02 10:35,75291,75495,75604,75231,318145
2026-02-02 10:40,75281,75306,75465,75251,267053
2026-02-02 10:45,74947,75271,75271,74908,237992
2026-02-02 10:50,74977,74947,74987,74708,299507
2026-02-02 10:55,75017,74987,75042,74738,246536
2026-02-02 11:00,74828,75017,75017,74669,253522
2026-02-02 11:05,74604,74828,74853,74559,281347
2026-02-02 11:10,74400,74594,74718,74320,347532
2026-02-02 11:15,74206,74400,74420,74176,289443
2026-02-02 11:20,74111,74206,74255,74031,291835
2026-02-02 11:25,74385,74111,74445,73912,356491
2026-02-02 11:30,74564,74390,74584,74340,345068
2026-02-02 11:35,74390,74564,74639,74340,190461
2026-02-02 11:40,74619,74375,74698,74315,184136
2026-02-02 11:45,74176,74619,74624,74161,180391
2026-02-02 11:50,73992,74181,74270,73962,138932
2026-02-02 11:55,73862,73992,73992,73713,244840
2026-02-02 12:00,73713,73867,73887,73663,213647
2026-02-02 12:05,73783,73708,73922,73633,178362
2026-02-02 12:10,73743,73787,73972,73738,154976
2026-02-02 12:15,73623,73753,73862,73573,328719
2026-02-02 12:20,73499,73603,73802,73489,361052
2026-02-02 12:25,73549,73494,73583,73419,269591
2026-02-02 12:30,73205,73549,73549,73175,303227
2026-02-02 12:35,73369,73210,73603,73130,517884
2026-02-02 12:40,73115,73384,73384,73091,468755
2026-02-02 12:45,73011,73115,73115,72827,293606
2026-02-02 12:50,72867,73006,73106,72787,323633
2026-02-02 12:55,72872,72867,72956,72722,362388
2026-02-02 13:00,72986,72877,72996,72727,284797
2026-02-02 13:05,72354,72966,72996,72339,400341
2026-02-02 13:10,72394,72359,72543,72269,343851
2026-02-02 13:15,73051,72394,73165,72359,361011
2026-02-02 13:20,73459,73051,73653,73051,515912
2026-02-02 13:25,73733,73459,73832,73429,459634
2026-02-02 13:30,73753,73728,73837,73583,330792
2026-02-02 13:35,73922,73758,73977,73708,260215
2026-02-02 13:40,74131,73922,74176,73792,221695
2026-02-02 13:45,74211,74136,74315,73987,208440
2026-02-02 13:50,73892,74211,74280,73857,281641
2026-02-02 13:55,73972,73892,74056,73882,245635
2026-02-02 14:00,73857,73982,74161,73802,223290
2026-02-02 14:05,73733,73857,73932,73583,321828
2026-02-02 14:10,73549,73748,73872,73514,224349
2026-02-02 14:15,73409,73549,73593,73300,230784
2026-02-02 14:20,73195,73409,73484,73160,166769
2026-02-02 14:25,73225,73200,73364,73110,222890
2026-02-02 14:30,73056,73210,73225,72961,261245
2026-02-02 14:35,73101,73046,73210,72911,385489
2026-02-02 14:40,73026,73091,73110,72931,313600
2026-02-02 14:45,72727,73026,73130,72722,380519
2026-02-02 14:50,73081,72732,73081,72653,420895
2026-02-02 14:55,72558,73076,73086,72483,438634
2026-02-02 15:00,72996,72553,73038,72553,389618
2026-02-02 15:05,72677,72996,73006,72638,296504
2026-02-02 15:10,72483,72677,72777,72453,362777
2026-02-02 15:15,72538,72488,72677,72443,296676
2026-02-02 15:20,72508,72563,72687,72419,247773
2026-02-03 9:00,75007,75117,75266,74967,317144
2026-02-03 9:05,75082,75007,75410,74947,613740
2026-02-03 9:10,75176,75097,75390,74992,447911
2026-02-03 9:15,75361,75176,75385,74967,327635
2026-02-03 9:20,75560,75356,75634,75341,309546
2026-02-03 9:25,75893,75560,75908,75535,302092
2026-02-03 9:30,75555,75893,75908,75510,284436
2026-02-03 9:35,75963,75555,75978,75525,392642
2026-02-03 9:40,76087,75968,76252,75953,253546
2026-02-03 9:45,76037,76087,76142,75948,236782
2026-02-03 9:50,75664,76033,76097,75639,332025
2026-02-03 9:55,75843,75654,75938,75624,322988
2026-02-03 10:00,75853,75818,75958,75714,176461
2026-02-03 10:05,76067,75853,76082,75699,225090
2026-02-03 10:10,76008,76062,76122,75993,136373
2026-02-03 10:15,76182,76003,76182,75978,116381
2026-02-03 10:20,76361,76182,76371,76172,157047
2026-02-03 10:25,76396,76361,76490,76311,133925
2026-02-03 10:30,76505,76396,76525,76381,85993
2026-02-03 10:35,76441,76505,76565,76416,125601
2026-02-03 10:40,76510,76441,76540,76421,119635
2026-02-03 10:45,76436,76510,76570,76406,113629
2026-02-03 10:50,76366,76431,76471,76336,96297
2026-02-03 10:55,76207,76366,76436,76162,189591
2026-02-03 11:00,76137,76202,76266,76062,189572
2026-02-03 11:05,76072,76132,76182,75978,284385
2026-02-03 11:10,75843,76047,76122,75794,233381
2026-02-03 11:15,76067,75843,76067,75794,158433
2026-02-03 11:20,76286,76072,76311,76037,167248
2026-02-03 11:25,76177,76296,76361,76157,130591
2026-02-03 11:30,76107,76177,76217,76047,128726
2026-02-03 11:35,76132,76122,76321,76112,89798
2026-02-03 11:40,75978,76127,76142,75918,157415
2026-02-03 11:45,75973,75973,76107,75908,86176
2026-02-03 11:50,76008,75963,76097,75848,136334
2026-02-03 11:55,76172,76013,76187,75993,78324
2026-02-03 12:00,76361,76172,76361,76152,84227
2026-02-03 12:05,76441,76356,76441,76296,121709
2026-02-03 12:10,76505,76441,76550,76441,86618
2026-02-03 12:15,76316,76515,76530,76301,104727
2026-02-03 12:20,76461,76316,76530,76281,98946
2026-02-03 12:25,76356,76461,76515,76341,60899
2026-02-03 12:30,76505,76356,76515,76351,49888
2026-02-03 12:35,76490,76505,76545,76401,46663
2026-02-03 12:40,76510,76490,76520,76436,55640
2026-02-03 12:45,76461,76510,76595,76391,94822
2026-02-03 12:50,76436,76451,76500,76361,42036
2026-02-03 12:55,76500,76436,76520,76381,40410
2026-02-03 13:00,76550,76500,76555,76416,43022
2026-02-03 13:05,76690,76560,76719,76540,157181
2026-02-03 13:10,76605,76685,76714,76595,150009
2026-02-03 13:15,76710,76595,76714,76590,50363
2026-02-03 13:20,76804,76710,76819,76705,79612
2026-02-03 13:25,76749,76804,76814,76660,100306
2026-02-03 13:30,76839,76754,76839,76700,56090
2026-02-03 13:35,76919,76839,76919,76839,64613
2026-02-03 13:40,77013,76909,77013,76874,62400
2026-02-03 13:45,77018,77013,77108,76983,74753
2026-02-03 13:50,77232,77023,77272,76998,108825
2026-02-03 13:55,77217,77222,77252,77138,85735
2026-02-03 14:00,77163,77212,77287,77143,113817
2026-02-03 14:05,77187,77163,77227,77068,98472
2026-02-03 14:10,76953,77192,77197,76889,201291
2026-02-03 14:15,76953,76943,76998,76804,215790
2026-02-03 14:20,77163,76968,77163,76968,125900
2026-02-03 14:25,77391,77158,77416,77158,204867
2026-02-03 14:30,77297,77396,77426,77277,159826
2026-02-03 14:35,77411,77292,77436,77267,78733
2026-02-03 14:40,77342,77406,77431,77297,93422
2026-02-03 14:45,77362,77337,77446,77317,128742
2026-02-03 14:50,77486,77362,77536,77327,146231
2026-02-03 14:55,77650,77486,77750,77486,168130
2026-02-03 15:00,77536,77650,77715,77486,112083
2026-02-03 15:05,77486,77531,77546,77416,122334
2026-02-03 15:10,77685,77486,77710,77476,222489
2026-02-03 15:15,77815,77695,77825,77685,277154
2026-02-03 15:20,77939,77815,77939,77780,259380
2026-02-04 9:00,77327,77292,77396,77257,162520
2026-02-04 9:05,77596,77327,77755,76924,661547
2026-02-04 9:10,77854,77593,78113,77591,355608
2026-02-04 9:15,77859,77839,78034,77725,252977
2026-02-04 9:20,78064,77849,78178,77820,295445
2026-02-04 9:25,77670,78059,78123,77655,295696
2026-02-04 9:30,77780,77660,77899,77332,409700
2026-02-04 9:35,77934,77775,78064,77755,391949
2026-02-04 9:40,77909,77929,78009,77830,252013
2026-02-04 9:45,77710,77909,77954,77591,250926
2026-02-04 9:50,77655,77710,77859,77531,270331
2026-02-04 9:55,77620,77645,77924,77556,222227
2026-02-04 10:00,77556,77611,77650,77416,192798
2026-02-04 10:05,77740,77541,77914,77471,243356
2026-02-04 10:10,77835,77740,77889,77566,269556
2026-02-04 10:15,77974,77844,77989,77810,179659
2026-02-04 10:20,78014,77974,78078,77859,281777
2026-02-04 10:25,78297,78009,78367,77969,328878
2026-02-04 10:30,78297,78292,78432,78163,322546
2026-02-04 10:35,78452,78307,78546,78273,249379
2026-02-04 10:40,78362,78452,78462,78312,184963
2026-02-04 10:45,78372,78357,78382,78188,216358
2026-02-04 10:50,78342,78362,78427,78148,165622
2026-02-04 10:55,78327,78342,78412,78258,156134
2026-02-04 11:00,78691,78327,78696,78327,286322
2026-02-04 11:05,78785,78686,78785,78561,254580
2026-02-04 11:10,78910,78785,78945,78726,237968
2026-02-04 11:15,78551,78905,78920,78507,179463
2026-02-04 11:20,78546,78556,78636,78487,172198
2026-02-04 11:25,78253,78546,78546,78213,187503
2026-02-04 11:30,78223,78253,78352,78009,219570
2026-02-04 11:35,78327,78228,78452,78228,187078
2026-02-04 11:40,78258,78342,78402,78233,112404
2026-02-04 11:45,78447,78243,78502,78178,127423
2026-02-04 11:50,78273,78447,78452,78223,113241
2026-02-04 11:55,78198,78263,78302,78153,143315
2026-02-04 12:00,78163,78203,78288,78113,118411
2026-02-04 12:05,78049,78163,78203,77974,148779
2026-02-04 12:10,78248,78054,78263,78039,133368
2026-02-04 12:15,78278,78248,78387,78218,141871
2026-02-04 12:20,78133,78278,78352,78083,121421
2026-02-04 12:25,78472,78153,78492,78143,156508
2026-02-04 12:30,78576,78477,78576,78372,108357
2026-02-04 12:35,78621,78581,78666,78541,141941
2026-02-04 12:40,78686,78621,78711,78571,130746
2026-02-04 12:45,78472,78686,78716,78437,177003
2026-02-04 12:50,78178,78487,78487,78138,158606
2026-02-04 12:55,78268,78173,78312,78088,160906
2026-02-04 13:00,78397,78283,78422,78273,175393
2026-02-04 13:05,78601,78397,78611,78243,206178
2026-02-04 13:10,78427,78601,78611,78372,127288
2026-02-04 13:15,78322,78427,78442,78273,114778
2026-02-04 13:20,78462,78332,78467,78312,126049
2026-02-04 13:25,78447,78462,78512,78342,122314
2026-02-04 13:30,78497,78444,78502,78367,128567
2026-02-04 13:35,78581,78497,78616,78472,176898
2026-02-04 13:40,78706,78576,78726,78556,176335
2026-02-04 13:45,78716,78706,78765,78631,154740
2026-02-04 13:50,78726,78721,78745,78631,120710
2026-02-04 13:55,78701,78726,78745,78626,106276
2026-02-04 14:00,78621,78701,78721,78601,158682
2026-02-04 14:05,78805,78621,78825,78601,134234
2026-02-04 14:10,78795,78815,78870,78721,96491
2026-02-04 14:15,78790,78800,78865,78760,67258
2026-02-04 14:20,79094,78790,79094,78785,236295
2026-02-04 14:25,79009,79094,79124,79004,162882
2026-02-04 14:30,79004,79024,79124,78905,227378
2026-02-04 14:35,78945,79004,79009,78875,105236
2026-02-04 14:40,78870,78945,79044,78795,238406
2026-02-04 14:45,79024,78870,79049,78865,243116
2026-02-04 14:50,79009,79024,79064,78955,253974
2026-02-04 14:55,78825,79009,79064,78820,314151
2026-02-04 15:00,78930,78835,78969,78726,313530
2026-02-04 15:05,79074,78940,79099,78935,316881
2026-02-04 15:10,79074,79074,79079,78969,213092
2026-02-04 15:15,79169,79079,79193,79064,231262
2026-02-04 15:20,79004,79159,79198,78974,200018
2026-02-05 9:00,76988,76809,77063,76769,184419
2026-02-05 9:05,77023,76993,77362,76963,640040
2026-02-05 9:10,77476,77028,77476,76919,356799
2026-02-05 9:15,77650,77456,77685,77287,443725
2026-02-05 9:20,77078,77650,77680,77063,464358
2026-02-05 9:25,77327,77098,77426,77058,586882
2026-02-05 9:30,77715,77332,77725,77312,341598
2026-02-05 9:35,77715,77715,77825,77581,432676
2026-02-05 9:40,77302,77700,77715,77272,269928
2026-02-05 9:45,77192,77299,77456,77182,227262
2026-02-05 9:50,77391,77192,77481,77108,384058
2026-02-05 9:55,77197,77387,77387,77113,227733
2026-02-05 10:00,77108,77192,77227,76948,295813
2026-02-05 10:05,76874,77108,77138,76809,451969
2026-02-05 10:10,77277,76874,77307,76844,338475
2026-02-05 10:15,77511,77277,77536,77262,401799
2026-02-05 10:20,77421,77506,77571,77347,264486
2026-02-05 10:25,77158,77416,77436,77078,170832
2026-02-05 10:30,77396,77153,77596,77103,424333
2026-02-05 10:35,77187,77396,77506,77172,227444
2026-02-05 10:40,77377,77197,77406,77167,143134
2026-02-05 10:45,77207,77377,77461,77153,278117
2026-02-05 10:50,77172,77197,77237,77018,179362
2026-02-05 10:55,76973,77172,77182,76889,226842
2026-02-05 11:00,76764,76973,77053,76759,341551
2026-02-05 11:05,76595,76769,76774,76500,403234
2026-02-05 11:10,76396,76590,76635,76371,399141
2026-02-05 11:15,76232,76406,76525,76212,355390
2026-02-05 11:20,76227,76222,76401,76023,529303
2026-02-05 11:25,76406,76222,76456,76137,269045
2026-02-05 11:30,76640,76401,76675,76321,194092
2026-02-05 11:35,76530,76635,76645,76296,269117
2026-02-05 11:40,76456,76515,76625,76416,109580
2026-02-05 11:45,76371,76456,76555,76361,139025
2026-02-05 11:50,76107,76381,76381,76097,183886
2026-02-05 11:55,75878,76107,76142,75853,294851
2026-02-05 12:00,75714,75883,75928,75684,245355
2026-02-05 12:05,75858,75699,75918,75674,235582
2026-02-05 12:10,75998,75843,76023,75744,198199
2026-02-05 12:15,75833,75998,75998,75764,200710
2026-02-05 12:20,76117,75828,76122,75724,252255
2026-02-05 12:25,76197,76122,76247,76023,174027
2026-02-05 12:30,75903,76192,76222,75863,170614
2026-02-05 12:35,75843,75898,75968,75764,225028
2026-02-05 12:40,75804,75843,75843,75674,252822
2026-02-05 12:45,75823,75804,75898,75774,162415
2026-02-05 12:50,75470,75818,75878,75465,414820
2026-02-05 12:55,75465,75470,75550,75425,301023
2026-02-05 13:00,75729,75475,75744,75356,318888
2026-02-05 13:05,75888,75729,75988,75684,346419
2026-02-05 13:10,75654,75888,75888,75619,277590
2026-02-05 13:15,75540,75654,75828,75475,153836
2026-02-05 13:20,75415,75540,75555,75306,199136
2026-02-05 13:25,75341,75410,75510,75311,168581
2026-02-05 13:30,75684,75336,75774,75291,281156
2026-02-05 13:35,76037,75684,76087,75674,239754
2026-02-05 13:40,75888,76037,76037,75684,234747
2026-02-05 13:45,76227,75888,76276,75888,264708
2026-02-05 13:50,76341,76232,76381,76102,196504
2026-02-05 13:55,76386,76356,76431,76162,182950
2026-02-05 14:00,76162,76386,76401,76117,212526
2026-02-05 14:05,76052,76142,76142,75858,234089
2026-02-05 14:10,75953,76057,76107,75823,136730
2026-02-05 14:15,75734,75958,76057,75714,190073
2026-02-05 14:20,75525,75739,75749,75515,300888
2026-02-05 14:25,75540,75530,75604,75420,295943
2026-02-05 14:30,75774,75545,75799,75525,330128
2026-02-05 14:35,75784,75764,75804,75594,266657
2026-02-05 14:40,75988,75769,76042,75764,213956
2026-02-05 14:45,75674,75988,76082,75674,263243
2026-02-05 14:50,75629,75674,75704,75542,317259
2026-02-05 14:55,75545,75629,75709,75505,218041
2026-02-05 15:00,75565,75555,75629,75460,265085
2026-02-05 15:05,75375,75565,75570,75298,396092
2026-02-05 15:10,75535,75375,75659,75356,359208
2026-02-05 15:15,75435,75535,75570,75356,277140
2026-02-05 15:20,75465,75425,75609,75425,302329
2026-02-06 9:00,72956,73325,73404,72891,498664
2026-02-06 9:05,72145,72956,73036,72120,805906
2026-02-06 9:10,72877,72145,72906,72025,536416
2026-02-06 9:15,71956,72886,73081,71926,806020
2026-02-06 9:20,72025,71956,72369,71856,406536
2026-02-06 9:25,72543,72015,72563,71786,497281
2026-02-06 9:30,72697,72538,72822,72304,461953
2026-02-06 9:35,72762,72697,72882,72568,400047
2026-02-06 9:40,72991,72762,73205,72692,412527
2026-02-06 9:45,73036,72966,73165,72896,354587
2026-02-06 9:50,72926,73066,73120,72667,430761
2026-02-06 9:55,73011,72916,73041,72712,193484
2026-02-06 10:00,73625,73006,73778,72961,464702
2026-02-06 10:05,73404,73638,73708,73285,496382
2026-02-06 10:10,73245,73409,73613,73210,286018
2026-02-06 10:15,73150,73250,73290,73006,265099
2026-02-06 10:20,72931,73150,73150,72767,192243
2026-02-06 10:25,72797,72926,73061,72762,181149
2026-02-06 10:30,72747,72802,73006,72633,265444
2026-02-06 10:35,72872,72742,72931,72593,204934
2026-02-06 10:40,73215,72882,73275,72867,224343
2026-02-06 10:45,73404,73210,73424,73135,179808
2026-02-06 10:50,73588,73414,73593,73245,167497
2026-02-06 10:55,73902,73588,73912,73558,200436
2026-02-06 11:00,74250,73897,74255,73857,194596
2026-02-06 11:05,74544,74255,74569,74166,282332
2026-02-06 11:10,74494,74539,74569,74201,288284
2026-02-06 11:15,74574,74489,74813,74425,270753
2026-02-06 11:20,74599,74594,74738,74440,226914
2026-02-06 11:25,74768,74594,74768,74395,285439
2026-02-06 11:30,74908,74758,74977,74684,276207
2026-02-06 11:35,75067,74888,75087,74768,206260
2026-02-06 11:40,75107,75067,75236,75027,214107
2026-02-06 11:45,74888,75102,75321,74848,271191
2026-02-06 11:50,74908,74878,74927,74718,150501
2026-02-06 11:55,74818,74878,75067,74679,121443
2026-02-06 12:00,74460,74830,74830,74395,153536
2026-02-06 12:05,74569,74445,74728,74330,213426
2026-02-06 12:10,74529,74569,74808,74509,161095
2026-02-06 12:15,74509,74539,74609,74390,125438
2026-02-06 12:20,74469,74504,74574,74370,121417
2026-02-06 12:25,74260,74460,74584,74101,231606
2026-02-06 12:30,74649,74270,74679,74265,193125
2026-02-06 12:35,74549,74659,74718,74455,158138
2026-02-06 12:40,74285,74534,74619,74240,143038
2026-02-06 12:45,74196,74285,74310,74041,148980
2026-02-06 12:50,74455,74186,74554,74161,128806
2026-02-06 12:55,74684,74474,74773,74390,129721
2026-02-06 13:00,74708,74688,74773,74629,126999
2026-02-06 13:05,74594,74708,74743,74529,126305
2026-02-06 13:10,74469,74604,74644,74365,111137
2026-02-06 13:15,74504,74460,74594,74400,97342
2026-02-06 13:20,74494,74509,74679,74460,139089
2026-02-06 13:25,74295,74494,74494,74231,147144
2026-02-06 13:30,74310,74305,74455,74231,88277
2026-02-06 13:35,74131,74300,74310,74041,143992
2026-02-06 13:40,73852,74131,74136,73812,174598
2026-02-06 13:45,73763,73857,73872,73678,116319
2026-02-06 13:50,73723,73763,73932,73643,207885
2026-02-06 13:55,73608,73698,73862,73544,123628
2026-02-06 14:00,73683,73603,73827,73489,173559
2026-02-06 14:05,73812,73683,73902,73554,115450
2026-02-06 14:10,73295,73797,73817,73280,159720
2026-02-06 14:15,73812,73285,73917,73270,222750
2026-02-06 14:20,73449,73797,73847,73424,145342
2026-02-06 14:25,73583,73459,73812,73394,172618
2026-02-06 14:30,73957,73578,73972,73524,118373
2026-02-06 14:35,74270,73962,74370,73957,139031
2026-02-06 14:40,74405,74265,74559,74235,151457
2026-02-06 14:45,74479,74405,74519,74345,102494
2026-02-06 14:50,74733,74479,74743,74375,142972
2026-02-06 14:55,74763,74748,74848,74549,162158
2026-02-06 15:00,74798,74768,74912,74723,128930
2026-02-06 15:05,74808,74798,74957,74768,127113
2026-02-06 15:10,74863,74813,74957,74728,142164
2026-02-06 15:15,74868,74868,74903,74763,199107
2026-02-06 15:20,74843,74873,74912,74838,185870
2026-02-09 9:00,78402,78019,78442,77969,488505
2026-02-09 9:05,77969,78402,78591,77954,861791
2026-02-09 9:10,77810,77984,78372,77790,547281
2026-02-09 9:15,78064,77815,78307,77745,541412
2026-02-09 9:20,78263,78064,78332,77934,363690
2026-02-09 9:25,78188,78258,78302,78068,316188
2026-02-09 9:30,78163,78178,78278,78054,375565
2026-02-09 9:35,78452,78153,78457,78103,339044
2026-02-09 9:40,78442,78452,78507,78382,214046
2026-02-09 9:45,78502,78427,78556,78302,227385
2026-02-09 9:50,78372,78512,78571,78332,287144
2026-02-09 9:55,78278,78357,78432,78193,152648
2026-02-09 10:00,78322,78292,78512,78223,273597
2026-02-09 10:05,78312,78302,78447,78263,233971
2026-02-09 10:10,78243,78292,78432,78203,177892
2026-02-09 10:15,78218,78243,78432,78078,252201
2026-02-09 10:20,78193,78213,78317,78108,129329
2026-02-09 10:25,78218,78213,78327,78148,120937
2026-02-09 10:30,78049,78208,78288,78034,148461
2026-02-09 10:35,78059,78044,78203,78014,244871
2026-02-09 10:40,77735,78059,78068,77715,251437
2026-02-09 10:45,78009,77725,78088,77720,326008
2026-02-09 10:50,78019,78009,78078,77835,193406
2026-02-09 10:55,78198,78019,78218,78014,229630
2026-02-09 11:00,78332,78203,78342,78088,153304
2026-02-09 11:05,78352,78332,78422,78243,145916
2026-02-09 11:10,78472,78362,78536,78347,243516
2026-02-09 11:15,78397,78472,78472,78367,88103
2026-02-09 11:20,78427,78397,78432,78317,126574
2026-02-09 11:25,78377,78422,78467,78288,113196
2026-02-09 11:30,78467,78377,78472,78317,100571
2026-02-09 11:35,78467,78462,78512,78457,87035
2026-02-09 11:40,78407,78467,78502,78352,49946
2026-02-09 11:45,78372,78407,78437,78337,86239
2026-02-09 11:50,78322,78372,78437,78288,103819
2026-02-09 11:55,78273,78327,78357,78223,103543
2026-02-09 12:00,78188,78258,78258,77959,180263
2026-02-09 12:05,78064,78178,78188,77994,130181
2026-02-09 12:10,78223,78064,78273,78044,117257
2026-02-09 12:15,78228,78238,78238,78078,98926
2026-02-09 12:20,78253,78238,78352,78133,149559
2026-02-09 12:25,78312,78263,78347,78253,61708
2026-02-09 12:30,78208,78307,78332,78143,64432
2026-02-09 12:35,78108,78203,78283,78093,119191
2026-02-09 12:40,78153,78123,78178,78034,80615
2026-02-09 12:45,78208,78158,78263,78108,90026
2026-02-09 12:50,78208,78208,78238,78113,58163
2026-02-09 12:55,78138,78193,78238,78113,122116
2026-02-09 13:00,78073,78133,78158,77959,164446
2026-02-09 13:05,78113,78073,78203,78073,108308
2026-02-09 13:10,78014,78108,78168,77999,122653
2026-02-09 13:15,78004,78014,78073,77974,97620
2026-02-09 13:20,77984,77994,78078,77919,172111
2026-02-09 13:25,77954,77979,77994,77879,79349
2026-02-09 13:30,77919,77959,77984,77884,93027
2026-02-09 13:35,77815,77919,77919,77725,186196
2026-02-09 13:40,77735,77810,77835,77655,123337
2026-02-09 13:45,77839,77730,77934,77725,196674
2026-02-09 13:50,77869,77854,77889,77815,118841
2026-02-09 13:55,77859,77869,77924,77725,142175
2026-02-09 14:00,77959,77864,77994,77849,172955
2026-02-09 14:05,77969,77949,78029,77934,113761
2026-02-09 14:10,78073,77969,78098,77964,152030
2026-02-09 14:15,78203,78073,78203,78059,190648
2026-02-09 14:20,78268,78203,78292,78158,164473
2026-02-09 14:25,78188,78273,78283,78113,111720
2026-02-09 14:30,78178,78188,78228,78133,74523
2026-02-09 14:35,78233,78173,78243,78123,187927
2026-02-09 14:40,78143,78223,78248,78108,106970
2026-02-09 14:45,77939,78143,78173,77924,110030
2026-02-09 14:50,78073,77954,78143,77954,106346
2026-02-09 14:55,78208,78068,78243,78064,134224
2026-02-09 15:00,77979,78208,78243,77969,148245
2026-02-09 15:05,78198,77974,78218,77944,115157
2026-02-09 15:10,78225,78193,78228,78163,92016
2026-02-09 15:15,78083,78225,78283,78083,208506
2026-02-09 15:20,77994,78093,78103,77954,188514
2026-02-10 9:00,78875,78950,79074,78810,194088
2026-02-10 9:05,79024,78870,79099,78676,847537
2026-02-10 9:10,78750,79029,79184,78716,566832
2026-02-10 9:15,78895,78750,78915,78666,449940
2026-02-10 9:20,78815,78900,79049,78785,348109
2026-02-10 9:25,78462,78835,78855,78422,361510
2026-02-10 9:30,78840,78462,78850,78417,555256
2026-02-10 9:35,78601,78840,78890,78586,209911
2026-02-10 9:40,78696,78611,78706,78512,277817
2026-02-10 9:45,78566,78701,78785,78516,245264
2026-02-10 9:50,78571,78571,78691,78502,158910
2026-02-10 9:55,78726,78566,78805,78541,191291
2026-02-10 10:00,78810,78731,78835,78681,113545
2026-02-10 10:05,78860,78810,78955,78795,200876
2026-02-10 10:10,78721,78865,78880,78711,127452
2026-02-10 10:15,78711,78721,78855,78706,109814
2026-02-10 10:20,78745,78701,78760,78601,140063
2026-02-10 10:25,78492,78745,78750,78482,168475
2026-02-10 10:30,78193,78497,78531,78183,163672
2026-02-10 10:35,78019,78183,78312,78009,200460
2026-02-10 10:40,78452,78014,78586,78009,270608
2026-02-10 10:45,78422,78447,78507,78362,78067
2026-02-10 10:50,78641,78427,78666,78382,160020
2026-02-10 10:55,78467,78646,78711,78432,112105
2026-02-10 11:00,78526,78447,78651,78402,92461
2026-02-10 11:05,78591,78526,78626,78442,78884
2026-02-10 11:10,78641,78591,78691,78536,82670
2026-02-10 11:15,78546,78631,78656,78516,60268
2026-02-10 11:20,78541,78541,78626,78457,98665
2026-02-10 11:25,78531,78531,78576,78502,45143
2026-02-10 11:30,78556,78531,78661,78512,61279
2026-02-10 11:35,78487,78561,78636,78417,83982
2026-02-10 11:40,78412,78482,78507,78387,42534
2026-02-10 11:45,78327,78422,78437,78322,53965
2026-02-10 11:50,78292,78337,78442,78292,77385
2026-02-10 11:55,78392,78297,78492,78238,100903
2026-02-10 12:00,78342,78382,78407,78332,40512
2026-02-10 12:05,78462,78337,78467,78297,58472
2026-02-10 12:10,78502,78452,78536,78357,58486
2026-02-10 12:15,78352,78512,78531,78337,65824
2026-02-10 12:20,78327,78352,78362,78248,62009
2026-02-10 12:25,78327,78332,78407,78258,65043
2026-02-10 12:30,78248,78327,78332,78228,60612
2026-02-10 12:35,78288,78258,78357,78243,45219
2026-02-10 12:40,78233,78285,78332,78203,69067
2026-02-10 12:45,78218,78223,78253,78158,42382
2026-02-10 12:50,78327,78218,78382,78213,86730
2026-02-10 12:55,78432,78332,78472,78307,74923
2026-02-10 13:00,78278,78432,78437,78278,78725
2026-02-10 13:05,78307,78283,78327,78218,50891
2026-02-10 13:10,78367,78304,78367,78223,70719
2026-02-10 13:15,78292,78367,78407,78248,43095
2026-02-10 13:20,78258,78292,78332,78218,57669
2026-02-10 13:25,78297,78253,78332,78233,37704
2026-02-10 13:30,78203,78307,78307,78193,68161
2026-02-10 13:35,78258,78203,78317,78158,75964
2026-02-10 13:40,78283,78258,78322,78203,37016
2026-02-10 13:45,78452,78278,78477,78253,103575
2026-02-10 13:50,78467,78452,78541,78442,67880
2026-02-10 13:55,78492,78467,78521,78397,47877
2026-02-10 14:00,78531,78492,78536,78452,47642
2026-02-10 14:05,78531,78531,78571,78492,62458
2026-02-10 14:10,78462,78531,78536,78432,75682
2026-02-10 14:15,78422,78472,78502,78382,59245
2026-02-10 14:20,78357,78412,78447,78317,49224
2026-02-10 14:25,78372,78357,78417,78337,81915
2026-02-10 14:30,78402,78372,78432,78337,75235
2026-02-10 14:35,78551,78397,78561,78382,82067
2026-02-10 14:40,78606,78551,78641,78551,77096
2026-02-10 14:45,78566,78611,78621,78551,45376
2026-02-10 14:50,78611,78576,78621,78492,98254
2026-02-10 14:55,78641,78616,78706,78606,93523
2026-02-10 15:00,78581,78641,78666,78581,96730
2026-02-10 15:05,78502,78591,78611,78502,107576
2026-02-10 15:10,78263,78502,78531,78258,108063
2026-02-10 15:15,78203,78268,78297,78163,84434
2026-02-10 15:20,78143,78203,78213,78108,103803
2026-02-11 9:00,77934,77879,78029,77820,91520
2026-02-11 9:05,78118,77949,78288,77914,512759
2026-02-11 9:10,77934,78138,78233,77924,172139
2026-02-11 9:15,77342,77934,77999,77327,460544
2026-02-11 9:20,77421,77357,77611,77282,546032
2026-02-11 9:25,77690,77416,77740,77317,438164
2026-02-11 9:30,77770,77700,77914,77655,274236
2026-02-11 9:35,77854,77765,77934,77755,162007
2026-02-11 9:40,77849,77854,77979,77745,143606
2026-02-11 9:45,78153,77854,78153,77835,120257
2026-02-11 9:50,78083,78148,78153,77984,90944
2026-02-11 9:55,78173,78083,78183,78024,76897
2026-02-11 10:00,78263,78173,78263,78103,123008
2026-02-11 10:05,78297,78258,78452,78243,163496
2026-02-11 10:10,78457,78292,78457,78233,113654
2026-02-11 10:15,78442,78457,78482,78347,73389
2026-02-11 10:20,78536,78437,78541,78337,102376
2026-02-11 10:25,78492,78536,78556,78402,95143
2026-02-11 10:30,78477,78487,78586,78452,91862
2026-02-11 10:35,78412,78487,78536,78372,99416
2026-02-11 10:40,78507,78417,78507,78362,69816
2026-02-11 10:45,78497,78507,78611,78417,125785
2026-02-11 10:50,78571,78502,78606,78467,85717
2026-02-11 10:55,78546,78566,78596,78487,54037
2026-02-11 11:00,78571,78536,78616,78502,85919
2026-02-11 11:05,78531,78566,78626,78487,52835
2026-02-11 11:10,78492,78536,78571,78452,55368
2026-02-11 11:15,78656,78492,78691,78482,118620
2026-02-11 11:20,78731,78661,78755,78641,81300
2026-02-11 11:25,78740,78736,78810,78726,67913
2026-02-11 11:30,78661,78736,78755,78646,60131
2026-02-11 11:35,78651,78656,78706,78638,40513
2026-02-11 11:40,78571,78656,78740,78566,80578
2026-02-11 11:45,78631,78566,78651,78551,40017
2026-02-11 11:50,78736,78626,78740,78591,77678
2026-02-11 11:55,78775,78731,78815,78721,96403
2026-02-11 12:00,78736,78775,78785,78716,44077
2026-02-11 12:05,78785,78731,78810,78721,46944
2026-02-11 12:10,78777,78780,78815,78686,87308
2026-02-11 12:15,78726,78777,78785,78691,36541
2026-02-11 12:20,78691,78721,78721,78646,36659
2026-02-11 12:25,78745,78691,78760,78671,33269
2026-02-11 12:30,78770,78745,78800,78745,59737
2026-02-11 12:35,78790,78765,78800,78731,34752
2026-02-11 12:40,78750,78790,78820,78750,61681
2026-02-11 12:45,78845,78760,78850,78760,76209
2026-02-11 12:50,78905,78845,78920,78840,71276
2026-02-11 12:55,78960,78905,79004,78905,83460
2026-02-11 13:00,79041,78960,79074,78960,87104
2026-02-11 13:05,79208,79039,79208,79034,159186
2026-02-11 13:10,79064,79208,79223,79059,117001
2026-02-11 13:15,78955,79064,79064,78910,110885
2026-02-11 13:20,79054,78957,79069,78945,89245
2026-02-11 13:25,79094,79059,79129,79044,83955
2026-02-11 13:30,79064,79099,79119,79039,88010
2026-02-11 13:35,79059,79054,79084,79014,84802
2026-02-11 13:40,78999,79064,79064,78945,61017
2026-02-11 13:45,79134,78994,79149,78945,134192
2026-02-11 13:50,79059,79134,79189,79019,116399
2026-02-11 13:55,79084,79054,79089,79014,86611
2026-02-11 14:00,79109,79089,79109,79049,55346
2026-02-11 14:05,79124,79114,79129,79074,37653
2026-02-11 14:10,79203,79119,79233,79119,123692
2026-02-11 14:15,79139,79198,79208,79109,80499
2026-02-11 14:20,79074,79139,79164,79074,62461
2026-02-11 14:25,79029,79089,79144,79029,83491
2026-02-11 14:30,79104,79034,79134,79029,58102
2026-02-11 14:35,78989,79099,79104,78930,83781
2026-02-11 14:40,78955,78989,79044,78940,52982
2026-02-11 14:45,78780,78955,78960,78780,87050
2026-02-11 14:50,78917,78780,78920,78750,101856
2026-02-11 14:55,78870,78917,78930,78855,94564
2026-02-11 15:00,78969,78870,78984,78830,97032
2026-02-11 15:05,78960,78969,78994,78930,83839
2026-02-11 15:10,78790,78955,78960,78765,230478
2026-02-11 15:15,78711,78790,78830,78706,186933
2026-02-11 15:20,78656,78711,78716,78636,270723
2026-02-12 9:00,79990,79910,79995,79875,283226
2026-02-12 9:05,79980,79975,80099,79671,907021
2026-02-12 9:10,79691,79985,80030,79661,587574
2026-02-12 9:15,79955,79701,79970,79577,393576
2026-02-12 9:20,79945,79940,80040,79851,266150
2026-02-12 9:25,79866,79950,79985,79806,169275
2026-02-12 9:30,80289,79866,80294,79831,481266
2026-02-12 9:35,80438,80294,80448,80179,307588
2026-02-12 9:40,80508,80443,80597,80378,334435
2026-02-12 9:45,80542,80508,80542,80388,135450
2026-02-12 9:50,80552,80542,80567,80393,129637
2026-02-12 9:55,80697,80542,80722,80518,380631
2026-02-12 10:00,80717,80697,80752,80652,169516
2026-02-12 10:05,80542,80717,80722,80533,160303
2026-02-12 10:10,80712,80542,80781,80540,198745
2026-02-12 10:15,80577,80712,80757,80538,138804
2026-02-12 10:20,80612,80582,80662,80498,133450
2026-02-12 10:25,80622,80612,80632,80513,57023
2026-02-12 10:30,80742,80617,80747,80612,132863
2026-02-12 10:35,80801,80732,80811,80722,140323
2026-02-12 10:40,80956,80806,80971,80801,310822
2026-02-12 10:45,81110,80956,81130,80951,310046
2026-02-12 10:50,81374,81110,81374,81100,388292
2026-02-12 10:55,81404,81369,81478,81289,389186
2026-02-12 11:00,81488,81394,81623,81389,341563
2026-02-12 11:05,81344,81483,81488,81224,288397
2026-02-12 11:10,81349,81344,81478,81294,256834
2026-02-12 11:15,81205,81349,81374,81135,209573
2026-02-12 11:20,81299,81205,81299,81110,165293
2026-02-12 11:25,81244,81299,81359,81244,153740
2026-02-12 11:30,81175,81249,81299,81105,218049
2026-02-12 11:35,81215,81165,81274,81090,121052
2026-02-12 11:40,81324,81215,81384,81210,233736
2026-02-12 11:45,81254,81339,81359,81190,146304
2026-02-12 11:50,81244,81249,81289,81210,112532
2026-02-12 11:55,81279,81244,81299,81195,69605
2026-02-12 12:00,81120,81269,81279,81050,127538
2026-02-12 12:05,81314,81125,81379,81100,147024
2026-02-12 12:10,81319,81314,81409,81299,82797
2026-02-12 12:15,81379,81319,81384,81304,49791
2026-02-12 12:20,81224,81379,81379,81200,87130
2026-02-12 12:25,81264,81239,81279,81185,64295
2026-02-12 12:30,81339,81259,81364,81210,69528
2026-02-12 12:35,81359,81329,81399,81314,77601
2026-02-12 12:40,81299,81359,81359,81279,51198
2026-02-12 12:45,81314,81299,81359,81244,97693
2026-02-12 12:50,81254,81314,81374,81254,61476
2026-02-12 12:55,81304,81254,81319,81254,56838
2026-02-12 13:00,81200,81299,81309,81150,136026
2026-02-12 13:05,81175,81195,81244,81130,59992
2026-02-12 13:10,81130,81175,81219,81080,136717
2026-02-12 13:15,81145,81130,81160,81055,148004
2026-02-12 13:20,81180,81150,81284,81120,194459
2026-02-12 13:25,81234,81180,81279,81180,233466
2026-02-12 13:30,81244,81244,81349,81239,237501
2026-02-12 13:35,81219,81244,81254,81170,138915
2026-02-12 13:40,81200,81215,81254,81160,88558
2026-02-12 13:45,81095,81195,81229,81090,112500
2026-02-12 13:50,81110,81095,81215,81080,84043
2026-02-12 13:55,80901,81110,81120,80896,130245
2026-02-12 14:00,80931,80906,80981,80776,183357
2026-02-12 14:05,81080,80946,81110,80936,150942
2026-02-12 14:10,81040,81080,81120,80946,97219
2026-02-12 14:15,81229,81045,81234,81040,125590
2026-02-12 14:20,81344,81229,81359,81210,179376
2026-02-12 14:25,81289,81344,81344,81234,84898
2026-02-12 14:30,81329,81299,81364,81266,118625
2026-02-12 14:35,81319,81329,81364,81215,135302
2026-02-12 14:40,81488,81319,81488,81314,265859
2026-02-12 14:45,81419,81488,81568,81399,282765
2026-02-12 14:50,81458,81419,81468,81294,160628
2026-02-12 14:55,81483,81458,81493,81384,159440
2026-02-12 15:00,81399,81478,81483,81359,161480
2026-02-12 15:05,81344,81399,81424,81339,199046
2026-02-12 15:10,81334,81354,81389,81289,266445
2026-02-12 15:15,81429,81334,81453,81299,339115
2026-02-12 15:20,81334,81434,81463,81324,228348
2026-02-13 9:00,81628,81424,81643,81299,283733
2026-02-13 9:05,82066,81608,82180,81538,744522
2026-02-13 9:10,82160,82066,82399,81941,568379
2026-02-13 9:15,82245,82140,82335,82051,472003
2026-02-13 9:20,82130,82245,82290,81797,502015
2026-02-13 9:25,81608,82150,82220,81583,358295
2026-02-13 9:30,81215,81588,81797,81185,373383
2026-02-13 9:35,81453,81215,81533,81185,355142
2026-02-13 9:40,81394,81458,81508,81224,332435
2026-02-13 9:45,81483,81394,81493,81105,303550
2026-02-13 9:50,81165,81488,81513,81085,358891
2026-02-13 9:55,81155,81165,81259,80991,212210
2026-02-13 10:00,81170,81155,81324,81055,308320
2026-02-13 10:05,81344,81165,81364,81020,266114
2026-02-13 10:10,81239,81349,81404,81105,243188
2026-02-13 10:15,81513,81239,81638,81239,214870
2026-02-13 10:20,81503,81513,81608,81414,214653
2026-02-13 10:25,81747,81503,81787,81458,215720
2026-02-13 10:30,81802,81757,81807,81593,232895
2026-02-13 10:35,81882,81797,81961,81787,170226
2026-02-13 10:40,81872,81882,81916,81782,152171
2026-02-13 10:45,81896,81872,82016,81837,158410
2026-02-13 10:50,81971,81892,82006,81842,153994
2026-02-13 10:55,81752,81971,82036,81722,196110
2026-02-13 11:00,81946,81742,81961,81623,198453
2026-02-13 11:05,81951,81946,82016,81862,145850
2026-02-13 11:10,82091,81951,82111,81931,152619
2026-02-13 11:15,82071,82091,82185,82043,154312
2026-02-13 11:20,82011,82066,82096,81981,89843
2026-02-13 11:25,82041,82001,82106,81941,96435
2026-02-13 11:30,81986,82041,82066,81966,75181
2026-02-13 11:35,81901,81986,82041,81887,134551
2026-02-13 11:40,81877,81906,82016,81877,116456
2026-02-13 11:45,81906,81872,81936,81772,190749
2026-02-13 11:50,81812,81906,81926,81802,68883
2026-02-13 11:55,81677,81807,81807,81668,99877
2026-02-13 12:00,81842,81672,81906,81668,77008
2026-02-13 12:05,81911,81837,81986,81827,127123
2026-02-13 12:10,81892,81911,81916,81832,86544
2026-02-13 12:15,82006,81901,82041,81887,90768
2026-02-13 12:20,81936,82006,82031,81931,98442
2026-02-13 12:25,81936,81941,81951,81787,115166
2026-02-13 12:30,81956,81936,81966,81817,87199
2026-02-13 12:35,82086,81956,82101,81941,128039
2026-02-13 12:40,81887,82086,82096,81862,102704
2026-02-13 12:45,81926,81887,81941,81847,66410
2026-02-13 12:50,81857,81921,81931,81832,115969
2026-02-13 12:55,81822,81862,81926,81802,92048
2026-02-13 13:00,82021,81822,82031,81802,151288
2026-02-13 13:05,82021,82016,82091,81976,100285
2026-02-13 13:10,82135,82026,82135,82021,111276
2026-02-13 13:15,82349,82135,82354,82130,231652
2026-02-13 13:20,82394,82349,82509,82349,350428
2026-02-13 13:25,82454,82399,82549,82364,252840
2026-02-13 13:30,82635,82454,82658,82419,251031
2026-02-13 13:35,82608,82635,82653,82519,147326
2026-02-13 13:40,82464,82608,82628,82439,136602
2026-02-13 13:45,82459,82464,82509,82404,190034
2026-02-13 13:50,82454,82464,82484,82424,109893
2026-02-13 13:55,82620,82449,82633,82386,186954
2026-02-13 14:00,82633,82620,82753,82569,305479
2026-02-13 14:05,82590,82623,82663,82573,213656
2026-02-13 14:10,82479,82590,82618,82439,130590
2026-02-13 14:15,82280,82484,82484,82280,137069
2026-02-13 14:20,82295,82280,82414,82265,98499
2026-02-13 14:25,82120,82295,82340,82096,138609
2026-02-13 14:30,81906,82120,82120,81901,256042
2026-02-13 14:35,81722,81896,81961,81578,335982
2026-02-13 14:40,81548,81729,81797,81538,239156
2026-02-13 14:45,81424,81548,81702,81409,253019
2026-02-13 14:50,81603,81419,81658,81374,302052
2026-02-13 14:55,81523,81595,81689,81394,191255
2026-02-13 15:00,81513,81528,81608,81478,231083
2026-02-13 15:05,81533,81513,81578,81399,240728
2026-02-13 15:10,81568,81523,81618,81503,134699
2026-02-13 15:15,81563,81568,81658,81548,192641
2026-02-13 15:20,81643,81563,81643,81558,154525
2026-02-19 9:00,83604,83539,83803,83539,350270
2026-02-19 9:05,84002,83591,84142,83574,1206842
2026-02-19 9:10,83758,83997,84137,83743,488024
2026-02-19 9:15,83937,83758,84072,83654,613280
2026-02-19 9:20,83748,83952,84012,83639,252785
2026-02-19 9:25,83479,83743,83758,83320,318881
2026-02-19 9:30,83888,83460,83903,83435,335101
2026-02-19 9:35,83922,83888,84017,83813,215868
2026-02-19 9:40,83898,83922,83962,83763,215804
2026-02-19 9:45,83927,83893,84027,83853,200543
2026-02-19 9:50,83942,83927,84057,83898,194432
2026-02-19 9:55,83922,83942,84012,83868,185251
2026-02-19 10:00,83873,83922,83947,83733,349887
2026-02-19 10:05,84002,83873,84037,83868,203227
2026-02-19 10:10,83723,84002,84022,83689,242074
2026-02-19 10:15,83788,83728,83793,83669,188136
2026-02-19 10:20,83599,83783,83823,83559,255609
2026-02-19 10:25,83589,83599,83659,83509,213441
2026-02-19 10:30,83320,83589,83614,83305,221283
2026-02-19 10:35,83196,83320,83405,83186,240293
2026-02-19 10:40,83360,83196,83370,83043,248784
2026-02-19 10:45,83494,83370,83569,83305,197880
2026-02-19 10:50,83425,83504,83514,83390,252787
2026-02-19 10:55,83559,83425,83614,83375,202380
2026-02-19 11:00,83669,83559,83696,83549,192255
2026-02-19 11:05,83639,83669,83679,83470,170399
2026-02-19 11:10,83674,83644,83713,83460,194229
2026-02-19 11:15,83768,83679,83808,83609,243437
2026-02-19 11:20,83873,83763,83913,83758,162743
2026-02-19 11:25,83878,83873,83922,83843,123251
2026-02-19 11:30,83934,83873,83952,83848,183268
2026-02-19 11:35,83982,83934,84022,83927,277498
2026-02-19 11:40,83903,83982,84007,83888,189050
2026-02-19 11:45,83903,83903,83942,83868,150615
2026-02-19 11:50,83982,83903,83982,83830,143968
2026-02-19 11:55,83883,83982,83992,83863,148830
2026-02-19 12:00,83843,83883,83908,83803,158354
2026-02-19 12:05,83893,83843,83947,83823,155278
2026-02-19 12:10,83753,83893,83893,83684,179214
2026-02-19 12:15,83669,83758,83788,83604,153677
2026-02-19 12:20,83713,83674,83743,83609,132662
2026-02-19 12:25,83534,83708,83718,83529,151651
2026-02-19 12:30,83743,83539,83778,83524,180745
2026-02-19 12:35,83681,83743,83793,83634,139561
2026-02-19 12:40,83634,83681,83689,83584,164437
2026-02-19 12:45,83778,83634,83790,83579,187472
2026-02-19 12:50,83698,83778,83828,83694,140156
2026-02-19 12:55,83853,83698,83863,83679,153830
2026-02-19 13:00,83848,83853,83878,83793,139975
2026-02-19 13:05,83818,83843,83873,83773,138844
2026-02-19 13:10,83873,83818,83898,83733,140023
2026-02-19 13:15,83813,83873,83898,83778,137685
2026-02-19 13:20,83937,83813,83952,83798,182754
2026-02-19 13:25,83833,83937,83982,83823,158776
2026-02-19 13:30,83783,83833,83838,83728,138141
2026-02-19 13:35,83698,83778,83778,83679,130334
2026-02-19 13:40,83713,83703,83818,83649,140076
2026-02-19 13:45,83549,83718,83743,83544,188998
2026-02-19 13:50,83529,83549,83589,83489,167891
2026-02-19 13:55,83599,83534,83654,83479,170459
2026-02-19 14:00,83689,83599,83718,83589,158141
2026-02-19 14:05,83689,83684,83783,83669,153026
2026-02-19 14:10,83649,83694,83723,83594,89984
2026-02-19 14:15,83703,83639,83728,83634,101586
2026-02-19 14:20,83723,83703,83823,83698,117140
2026-02-19 14:25,83823,83733,83828,83679,141803
2026-02-19 14:30,83903,83823,83908,83773,214901
2026-02-19 14:35,83883,83903,83932,83873,91024
2026-02-19 14:40,83888,83883,83922,83833,114414
2026-02-19 14:45,83962,83883,83967,83838,131189
2026-02-19 14:50,84082,83962,84092,83957,180255
2026-02-19 14:55,84117,84077,84156,84067,204417
2026-02-19 15:00,84097,84117,84122,84037,123711
2026-02-19 15:05,84102,84102,84122,84057,97295
2026-02-19 15:10,83947,84102,84112,83947,120090
2026-02-19 15:15,83853,83947,83957,83843,115076
2026-02-19 15:20,83922,83848,83922,83818,125232
2026-02-20 9:00,84211,84201,84261,84142,123529
2026-02-20 9:05,84485,84231,84575,84072,854073
2026-02-20 9:10,84590,84485,84599,84430,314093
2026-02-20 9:15,84550,84590,84694,84530,290415
2026-02-20 9:20,84147,84540,84565,84042,325912
2026-02-20 9:25,84555,84156,84585,84142,225972
2026-02-20 9:30,84530,84575,84689,84445,246124
2026-02-20 9:35,84619,84530,84679,84505,171193
2026-02-20 9:40,84510,84619,84639,84485,148283
2026-02-20 9:45,84634,84515,84654,84460,121208
2026-02-20 9:50,84784,84629,84814,84590,157795
2026-02-20 9:55,84764,84784,84858,84689,220502
2026-02-20 10:00,84709,84764,84814,84704,131346
2026-02-20 10:05,84913,84714,84913,84704,147301
2026-02-20 10:10,84868,84913,84993,84838,276011
2026-02-20 10:15,84868,84868,84978,84843,103022
2026-02-20 10:20,84923,84873,84933,84739,152646
2026-02-20 10:25,84789,84923,84938,84774,172229
2026-02-20 10:30,84883,84789,84893,84734,115817
2026-02-20 10:35,85087,84873,85097,84819,245324
2026-02-20 10:40,85202,85082,85207,85028,243601
2026-02-20 10:45,84883,85197,85207,84794,235918
2026-02-20 10:50,84983,84888,85057,84853,348092
2026-02-20 10:55,85187,84983,85291,84973,276142
2026-02-20 11:00,85142,85182,85301,85137,295937
2026-02-20 11:05,85202,85142,85276,85117,255203
2026-02-20 11:10,85157,85202,85252,85033,195066
2026-02-20 11:15,85038,85157,85182,84993,150800
2026-02-20 11:20,85008,85028,85067,84953,126937
2026-02-20 11:25,85057,85018,85107,85013,128143
2026-02-20 11:30,85152,85057,85192,85048,116132
2026-02-20 11:35,85187,85154,85222,85122,105698
2026-02-20 11:40,85127,85187,85207,85112,98696
2026-02-20 11:45,85107,85122,85177,85102,95121
2026-02-20 11:50,85177,85122,85192,85013,114616
2026-02-20 11:55,85147,85177,85232,85117,76320
2026-02-20 12:00,85162,85147,85217,85122,76530
2026-02-20 12:05,85222,85162,85222,85137,74503
2026-02-20 12:10,85182,85222,85237,85102,92620
2026-02-20 12:15,85192,85182,85232,85172,70452
2026-02-20 12:20,85212,85192,85222,85127,60479
2026-02-20 12:25,85142,85212,85222,85132,55747
2026-02-20 12:30,85142,85142,85162,85102,88359
2026-02-20 12:35,85252,85139,85301,85134,179586
2026-02-20 12:40,85276,85252,85361,85212,101613
2026-02-20 12:45,85331,85276,85366,85269,77282
2026-02-20 12:50,85391,85331,85416,85321,97613
2026-02-20 12:55,85428,85391,85456,85391,96080
2026-02-20 13:00,85500,85431,85525,85391,125925
2026-02-20 13:05,85540,85500,85540,85426,73885
2026-02-20 13:10,85660,85540,85675,85520,118225
2026-02-20 13:15,85734,85670,85819,85660,217596
2026-02-20 13:20,85710,85734,85799,85695,113010
2026-02-20 13:25,85635,85715,85744,85620,138759
2026-02-20 13:30,85695,85635,85715,85635,111251
2026-02-20 13:35,85710,85692,85769,85685,79649
2026-02-20 13:40,85769,85710,85789,85680,140885
2026-02-20 13:45,85849,85769,85864,85769,141079
2026-02-20 13:50,85919,85844,85983,85834,164974
2026-02-20 13:55,85874,85919,85934,85844,128165
2026-02-20 14:00,85794,85869,85894,85779,188891
2026-02-20 14:05,85859,85799,85884,85754,165644
2026-02-20 14:10,85784,85859,85879,85729,124056
2026-02-20 14:15,85724,85789,85789,85655,150530
2026-02-20 14:20,85844,85724,85849,85705,74826
2026-02-20 14:25,85874,85844,85904,85819,89111
2026-02-20 14:30,85854,85879,85884,85784,107369
2026-02-20 14:35,86033,85859,86043,85849,153610
2026-02-20 14:40,85804,86028,86048,85764,178966
2026-02-20 14:45,85929,85799,85939,85769,167086
2026-02-20 14:50,85899,85929,85958,85864,236732
2026-02-20 14:55,85929,85899,85963,85879,241195
2026-02-20 15:00,85998,85929,86018,85914,262570
2026-02-20 15:05,85963,86003,86018,85899,245607
2026-02-20 15:10,85953,85963,85980,85919,224599
2026-02-20 15:15,85924,85953,85983,85904,246555
2026-02-20 15:20,85919,85924,85931,85864,198524
2026-02-23 9:00,87880,87636,87905,87541,321064
2026-02-23 9:05,87457,87890,88084,87312,852368
2026-02-23 9:10,87293,87467,87706,87118,624141
2026-02-23 9:15,87342,87288,87741,87268,414435
2026-02-23 9:20,87238,87337,87646,87233,356417
2026-02-23 9:25,87034,87233,87357,87034,352887
2026-02-23 9:30,87009,87039,87093,86815,356452
2026-02-23 9:35,87278,87009,87327,86984,366329
2026-02-23 9:40,87372,87278,87407,87198,198098
2026-02-23 9:45,87387,87372,87646,87352,303017
2026-02-23 9:50,87482,87392,87531,87278,221781
2026-02-23 9:55,87641,87482,87661,87427,206924
2026-02-23 10:00,87382,87641,87711,87253,366708
2026-02-23 10:05,87437,87382,87462,87263,173641
2026-02-23 10:10,87412,87437,87531,87357,345244
2026-02-23 10:15,87347,87402,87472,87263,160261
2026-02-23 10:20,87362,87347,87442,87153,219679
2026-02-23 10:25,87178,87362,87397,87133,149066
2026-02-23 10:30,87253,87178,87258,86969,223852
2026-02-23 10:35,87382,87240,87402,87228,155300
2026-02-23 10:40,87268,87387,87392,87235,88449
2026-02-23 10:45,87233,87263,87319,87188,86145
2026-02-23 10:50,87163,87233,87268,87054,109057
2026-02-23 10:55,86949,87160,87168,86934,159686
2026-02-23 11:00,86959,86944,87044,86894,111868
2026-02-23 11:05,86715,86959,86964,86645,215359
2026-02-23 11:10,86710,86715,86745,86501,232930
2026-02-23 11:15,86546,86705,86730,86456,157507
2026-02-23 11:20,86556,86546,86606,86367,132369
2026-02-23 11:25,86825,86556,86835,86546,208518
2026-02-23 11:30,86914,86825,86914,86760,97647
2026-02-23 11:35,86909,86909,87014,86909,89417
2026-02-23 11:40,87021,86911,87039,86904,90251
2026-02-23 11:45,87093,87021,87183,87014,112982
2026-02-23 11:50,87039,87093,87093,86959,80817
2026-02-23 11:55,86989,87039,87044,86934,50559
2026-02-23 12:00,87034,86994,87039,86924,54393
2026-02-23 12:05,87054,87034,87103,86981,104860
2026-02-23 12:10,86889,87054,87133,86889,101644
2026-02-23 12:15,86825,86889,86914,86825,82171
2026-02-23 12:20,86357,86820,86830,86347,187506
2026-02-23 12:25,86252,86357,86436,86237,155325
2026-02-23 12:30,86332,86247,86352,86143,175127
2026-02-23 12:35,86262,86327,86362,86182,135970
2026-02-23 12:40,86307,86257,86322,86168,105654
2026-02-23 12:45,86476,86307,86491,86302,134150
2026-02-23 12:50,86217,86473,86476,86212,139320
2026-02-23 12:55,86307,86217,86362,86197,118285
2026-02-23 13:00,86446,86307,86506,86297,151356
2026-02-23 13:05,86476,86456,86511,86367,148440
2026-02-23 13:10,86685,86481,86700,86461,396741
2026-02-23 13:15,86506,86680,86700,86471,454247
2026-02-23 13:20,86531,86496,86625,86491,260753
2026-02-23 13:25,86461,86526,86596,86411,236246
2026-02-23 13:30,86436,86461,86471,86362,234385
2026-02-23 13:35,86322,86441,86506,86287,326309
2026-02-23 13:40,86257,86312,86347,86222,253854
2026-02-23 13:45,86317,86252,86347,86197,315612
2026-02-23 13:50,86322,86317,86362,86227,211694
2026-02-23 13:55,86237,86332,86347,86202,229102
2026-02-23 14:00,86441,86237,86446,86217,313352
2026-02-23 14:05,86382,86441,86446,86322,230547
2026-02-23 14:10,86282,86382,86486,86247,273543
2026-02-23 14:15,85998,86282,86282,85993,331655
2026-02-23 14:20,85834,86003,86118,85824,408383
2026-02-23 14:25,85929,85839,85963,85779,326140
2026-02-23 14:30,86145,85924,86187,85864,248098
2026-02-23 14:35,86182,86143,86242,86083,138681
2026-02-23 14:40,86337,86163,86352,86108,174136
2026-02-23 14:45,86262,86327,86352,86232,104389
2026-02-23 14:50,86207,86267,86297,86163,96976
2026-02-23 14:55,86516,86202,86541,86187,357666
2026-02-23 15:00,86446,86511,86526,86401,129275
2026-02-23 15:05,86506,86446,86581,86416,400810
2026-02-23 15:10,86476,86516,86561,86461,147907
2026-02-23 15:15,86531,86471,86566,86466,194369
2026-02-23 15:20,86496,86531,86536,86476,116493
2026-02-24 9:00,87004,86640,87069,86640,150484
2026-02-24 9:05,86705,86999,87039,86541,810802
2026-02-24 9:10,86516,86715,86859,86516,505084
2026-02-24 9:15,86392,86516,86531,86088,659693
2026-02-24 9:20,86252,86382,86501,86177,394735
2026-02-24 9:25,85909,86257,86272,85849,397589
2026-02-24 9:30,85884,85909,86018,85779,305280
2026-02-24 9:35,85635,85884,85884,85525,308862
2026-02-24 9:40,86133,85630,86177,85617,407404
2026-02-24 9:45,86247,86133,86287,86048,262913
2026-02-24 9:50,86526,86247,86546,86197,335463
2026-02-24 9:55,86387,86526,86586,86357,173469
2026-02-24 10:00,86576,86382,86591,86342,104454
2026-02-24 10:05,86551,86581,86665,86461,168219
2026-02-24 10:10,86830,86546,86904,86506,321087
2026-02-24 10:15,87173,86815,87178,86795,339525
2026-02-24 10:20,87273,87183,87283,87029,314401
2026-02-24 10:25,87342,87268,87462,87203,246251
2026-02-24 10:30,87452,87347,87526,87263,287358
2026-02-24 10:35,87666,87452,87666,87387,261323
2026-02-24 10:40,87641,87666,87736,87561,259788
2026-02-24 10:45,87835,87636,87940,87626,264929
2026-02-24 10:50,87915,87835,87960,87765,157540
2026-02-24 10:55,87800,87915,87935,87751,187971
2026-02-24 11:00,87915,87800,87920,87741,177818
2026-02-24 11:05,87960,87910,87989,87890,157322
2026-02-24 11:10,88034,87955,88104,87925,274698
2026-02-24 11:15,88069,88034,88129,87999,216670
2026-02-24 11:20,88054,88074,88134,87972,206919
2026-02-24 11:25,88283,88059,88283,88034,204909
2026-02-24 11:30,88288,88283,88393,88278,212074
2026-02-24 11:35,88263,88288,88338,88208,145916
2026-02-24 11:40,88161,88260,88300,88154,136546
2026-02-24 11:45,88144,88159,88194,88041,150396
2026-02-24 11:50,88238,88144,88253,88106,233191
2026-02-24 11:55,88223,88235,88268,88174,244969
2026-02-24 12:00,88199,88223,88243,88164,163182
2026-02-24 12:05,88203,88199,88258,88171,159475
2026-02-24 12:10,88203,88203,88278,88189,111426
2026-02-24 12:15,88248,88208,88270,88179,124142
2026-02-24 12:20,88408,88243,88408,88233,226049
2026-02-24 12:25,88338,88408,88507,88278,211408
2026-02-24 12:30,88263,88353,88403,88258,147538
2026-02-24 12:35,88238,88263,88318,88228,121514
2026-02-24 12:40,88323,88238,88323,88139,189285
2026-02-24 12:45,88363,88323,88368,88303,147568
2026-02-24 12:50,88432,88363,88467,88358,234366
2026-02-24 12:55,88497,88432,88507,88403,129843
2026-02-24 13:00,88711,88507,88711,88502,374731
2026-02-24 13:05,88656,88706,88711,88617,190522
2026-02-24 13:10,88726,88656,88756,88637,352522
2026-02-24 13:15,88557,88721,88721,88487,183050
2026-02-24 13:20,88592,88547,88612,88398,297099
2026-02-24 13:25,88522,88592,88612,88522,96641
2026-02-24 13:30,88557,88522,88632,88487,149207
2026-02-24 13:35,88517,88562,88597,88507,154209
2026-02-24 13:40,88582,88517,88632,88507,137849
2026-02-24 13:45,88696,88582,88701,88582,124830
2026-02-24 13:50,88607,88701,88756,88607,160364
2026-02-24 13:55,88522,88602,88627,88522,119788
2026-02-24 14:00,88592,88517,88622,88452,162914
2026-02-24 14:05,88686,88589,88716,88557,181579
2026-02-24 14:10,88726,88681,88731,88642,120026
2026-02-24 14:15,88656,88726,88746,88612,108804
2026-02-24 14:20,88656,88661,88666,88567,149329
2026-02-24 14:25,88617,88656,88666,88587,97954
2026-02-24 14:30,88577,88617,88647,88517,136330
2026-02-24 14:35,88507,88562,88607,88502,80505
2026-02-24 14:40,88597,88507,88627,88482,151439
2026-02-24 14:45,88527,88597,88676,88522,118417
2026-02-24 14:50,88537,88527,88562,88492,113552
2026-02-24 14:55,88676,88537,88686,88527,143578
2026-02-24 15:00,88696,88671,88706,88627,144974
2026-02-24 15:05,88617,88696,88706,88607,220633
2026-02-24 15:10,88632,88612,88642,88592,97214
2026-02-24 15:15,88612,88627,88661,88587,123457
2026-02-24 15:20,88666,88607,88671,88597,170965
2026-02-25 9:00,89587,89463,89647,89304,292260
2026-02-25 9:05,89353,89587,89712,89239,1106742
2026-02-25 9:10,89194,89333,89533,89104,736377
2026-02-25 9:15,89159,89194,89244,88880,545491
2026-02-25 9:20,89264,89159,89276,88990,451562
2026-02-25 9:25,89274,89264,89348,89095,337619
2026-02-25 9:30,89144,89274,89314,89040,252027
2026-02-25 9:35,89204,89144,89299,89005,256163
2026-02-25 9:40,89543,89204,89597,89169,371481
2026-02-25 9:45,89682,89543,89732,89528,489582
2026-02-25 9:50,89602,89677,89806,89493,478403
2026-02-25 9:55,89473,89602,89632,89463,288968
2026-02-25 10:00,89299,89493,89557,89269,229328
2026-02-25 10:05,89473,89299,89612,89289,409050
2026-02-25 10:10,89557,89473,89602,89438,165784
2026-02-25 10:15,89737,89557,89742,89543,618041
2026-02-25 10:20,89901,89737,89946,89737,415093
2026-02-25 10:25,89921,89901,89941,89777,331837
2026-02-25 10:30,90120,89918,90165,89911,397566
2026-02-25 10:35,90145,90115,90279,90110,322455
2026-02-25 10:40,90254,90150,90309,90140,208901
2026-02-25 10:45,90289,90259,90329,90220,227625
2026-02-25 10:50,90553,90279,90553,90279,380914
2026-02-25 10:55,90458,90553,90578,90384,299797
2026-02-25 11:00,90359,90458,90478,90359,240689
2026-02-25 11:05,90548,90364,90558,90329,269303
2026-02-25 11:10,90533,90538,90673,90508,266147
2026-02-25 11:15,90668,90533,90682,90498,272113
2026-02-25 11:20,90513,90668,90682,90439,238372
2026-02-25 11:25,90528,90513,90563,90434,160338
2026-02-25 11:30,90742,90528,90742,90513,213049
2026-02-25 11:35,90812,90742,90812,90673,207344
2026-02-25 11:40,90842,90817,90926,90767,330308
2026-02-25 11:45,90867,90847,90931,90847,162420
2026-02-25 11:50,90906,90867,90946,90832,161745
2026-02-25 11:55,90983,90906,91006,90847,263722
2026-02-25 12:00,91096,90986,91101,90921,241636
2026-02-25 12:05,90867,91096,91135,90852,287077
2026-02-25 12:10,90807,90877,90882,90787,324220
2026-02-25 12:15,90857,90807,90946,90787,185399
2026-02-25 12:20,90877,90857,90892,90777,138498
2026-02-25 12:25,90633,90872,90906,90608,211689
2026-02-25 12:30,90747,90633,90757,90623,238638
2026-02-25 12:35,90473,90747,90747,90339,357046
2026-02-25 12:40,90598,90478,90653,90429,278911
2026-02-25 12:45,90638,90593,90737,90563,320800
2026-02-25 12:50,90802,90638,90812,90623,239305
2026-02-25 12:55,90817,90802,90887,90797,219548
2026-02-25 13:00,90752,90827,90852,90709,144289
2026-02-25 13:05,90772,90752,90787,90628,194691
2026-02-25 13:10,90633,90772,90812,90618,180885
2026-02-25 13:15,90797,90635,90812,90618,194421
2026-02-25 13:20,90777,90794,90827,90707,179949
2026-02-25 13:25,90772,90782,90807,90742,157207
2026-02-25 13:30,90872,90772,90931,90673,283604
2026-02-25 13:35,91016,90882,91066,90857,249771
2026-02-25 13:40,91011,91016,91041,90943,229310
2026-02-25 13:45,91160,91011,91205,91011,329307
2026-02-25 13:50,91101,91160,91170,91051,219307
2026-02-25 13:55,91155,91101,91175,91091,207342
2026-02-25 14:00,91394,91160,91404,91145,482273
2026-02-25 14:05,91364,91391,91444,91330,228882
2026-02-25 14:10,91265,91364,91384,91175,273544
2026-02-25 14:15,91131,91265,91285,91116,212193
2026-02-25 14:20,90892,91131,91165,90887,349865
2026-02-25 14:25,90608,90902,90916,90553,554684
2026-02-25 14:30,90558,90598,90712,90493,317973
2026-02-25 14:35,90409,90553,90638,90409,233445
2026-02-25 14:40,90180,90419,90419,90150,255337
2026-02-25 14:45,90349,90180,90379,89966,265751
2026-02-25 14:50,90508,90359,90563,90344,181263
2026-02-25 14:55,90329,90508,90543,90289,187852
2026-02-25 15:00,90215,90329,90374,90170,219053
2026-02-25 15:05,90369,90217,90419,90175,170882
2026-02-25 15:10,90493,90369,90528,90334,135904
2026-02-25 15:15,90503,90493,90578,90404,216179
2026-02-25 15:20,90513,90518,90548,90478,211827
2026-02-26 9:00,91031,91150,91150,90971,249434
2026-02-26 9:05,91608,91031,91698,90921,840126
2026-02-26 9:10,91927,91618,92056,91613,827053
2026-02-26 9:15,92335,91917,92435,91778,721506
2026-02-26 9:20,92415,92335,92629,92305,792502
2026-02-26 9:25,92146,92405,92440,91768,533666
2026-02-26 9:30,92529,92146,92544,92126,299062
2026-02-26 9:35,92494,92534,92634,92355,451259
2026-02-26 9:40,92569,92494,92599,92256,397138
2026-02-26 9:45,92937,92569,92997,92494,431558
2026-02-26 9:50,93057,92937,93062,92768,444573
2026-02-26 9:55,92908,93047,93072,92848,289590
2026-02-26 10:00,92450,92908,92913,92450,398891
2026-02-26 10:05,92659,92450,92788,92370,272599
2026-02-26 10:10,92440,92654,92679,92370,265573
2026-02-26 10:15,92858,92460,93017,92440,391040
2026-02-26 10:20,92509,92858,92883,92430,323085
2026-02-26 10:25,92211,92514,92519,92191,291716
2026-02-26 10:30,91912,92196,92226,91793,416544
2026-02-26 10:35,92335,91922,92360,91852,339374
2026-02-26 10:40,92415,92335,92440,92133,250110
2026-02-26 10:45,92315,92410,92584,92305,258675
2026-02-26 10:50,92186,92315,92470,92136,231483
2026-02-26 10:55,92514,92191,92589,92166,209434
2026-02-26 11:00,92669,92514,92793,92484,252155
2026-02-26 11:05,92833,92664,92838,92604,178358
2026-02-26 11:10,92863,92833,92873,92704,187863
2026-02-26 11:15,92903,92863,92947,92748,238085
2026-02-26 11:20,92858,92908,92947,92823,134746
2026-02-26 11:25,92823,92858,92908,92808,146623
2026-02-26 11:30,92823,92823,92873,92748,121158
2026-02-26 11:35,92770,92833,92848,92684,189304
2026-02-26 11:40,92604,92770,92823,92569,181027
2026-02-26 11:45,92798,92594,92803,92494,185704
2026-02-26 11:50,92923,92800,92937,92758,203059
2026-02-26 11:55,93032,92923,93092,92923,329906
2026-02-26 12:00,93092,93037,93152,93027,162324
2026-02-26 12:05,92942,93097,93097,92908,129690
2026-02-26 12:10,92942,92937,92977,92868,114353
2026-02-26 12:15,92898,92937,92942,92818,121894
2026-02-26 12:20,92997,92903,93047,92873,216439
2026-02-26 12:25,93017,92997,93037,92942,110387
2026-02-26 12:30,92987,93017,93092,92977,145662
2026-02-26 12:35,93112,92992,93142,92987,143330
2026-02-26 12:40,93047,93117,93117,93034,90947
2026-02-26 12:45,92972,93052,93057,92853,190703
2026-02-26 12:50,92888,92982,92987,92848,160079
2026-02-26 12:55,92873,92888,92908,92808,125327
2026-02-26 13:00,92893,92870,92893,92788,112172
2026-02-26 13:05,92967,92893,92997,92868,151322
2026-02-26 13:10,92947,92962,93047,92933,160484
2026-02-26 13:15,92957,92957,93067,92920,106516
2026-02-26 13:20,92992,92959,93037,92947,99007
2026-02-26 13:25,92994,92997,93012,92942,56569
2026-02-26 13:30,93007,92994,93077,92982,134309
2026-02-26 13:35,93052,93002,93062,92848,221402
2026-02-26 13:40,93102,93042,93196,93037,193247
2026-02-26 13:45,93186,93102,93211,93077,120594
2026-02-26 13:50,93201,93181,93216,93137,98307
2026-02-26 13:55,93122,93201,93221,93122,123683
2026-02-26 14:00,92838,93122,93181,92833,231736
2026-02-26 14:05,92863,92838,92962,92763,395886
2026-02-26 14:10,92997,92863,93057,92823,178489
2026-02-26 14:15,93191,93007,93206,92997,185601
2026-02-26 14:20,93395,93191,93425,93166,235033
2026-02-26 14:25,93535,93395,93684,93385,316469
2026-02-26 14:30,93490,93525,93605,93460,207945
2026-02-26 14:35,93457,93490,93520,93376,216047
2026-02-26 14:40,93704,93455,93709,93410,213479
2026-02-26 14:45,93988,93709,94013,93664,345229
2026-02-26 14:50,93968,93988,94222,93878,531665
2026-02-26 14:55,93834,93963,94033,93799,503145
2026-02-26 15:00,94077,93834,94112,93831,644872
2026-02-26 15:05,94401,94072,94411,94072,602241
2026-02-26 15:10,94311,94401,94496,94306,597632
2026-02-26 15:15,94610,94311,94670,94301,646745
2026-02-26 15:20,94620,94605,94675,94530,375415
2026-02-27 9:00,92947,92579,93017,92539,395610
2026-02-27 9:05,93385,92947,93485,92833,1185215
2026-02-27 9:10,93824,93366,93848,93266,696347
2026-02-27 9:15,94087,93829,94102,93600,766829
2026-02-27 9:20,94192,94097,94391,93883,631455
2026-02-27 9:25,93993,94202,94356,93993,440669
2026-02-27 9:30,93834,93993,94003,93316,650024
2026-02-27 9:35,93181,93834,93843,93147,477300
2026-02-27 9:40,93291,93181,93351,92937,587274
2026-02-27 9:45,93052,93276,93405,92888,375177
2026-02-27 9:50,93450,93052,93490,92933,322432
2026-02-27 9:55,92987,93450,93470,92933,522245
2026-02-27 10:00,92952,92982,93166,92823,503052
2026-02-27 10:05,92823,92957,93052,92584,677131
2026-02-27 10:10,92246,92818,92873,92236,499208
2026-02-27 10:15,92928,92241,93022,92171,614680
2026-02-27 10:20,92549,92928,92947,92450,418533
2026-02-27 10:25,92649,92549,92828,92509,378946
2026-02-27 10:30,92231,92649,92793,92216,362540
2026-02-27 10:35,92511,92221,92589,92211,371998
2026-02-27 10:40,92111,92509,92514,92071,477785
2026-02-27 10:45,92275,92111,92390,92091,210308
2026-02-27 10:50,92121,92270,92315,92101,182436
2026-02-27 10:55,92654,92121,92708,92116,280335
2026-02-27 11:00,92400,92644,92644,92251,232331
2026-02-27 11:05,92679,92400,92689,92380,223130
2026-02-27 11:10,92704,92679,92858,92629,282455
2026-02-27 11:15,92738,92704,92778,92514,201354
2026-02-27 11:20,92773,92738,92818,92659,112636
2026-02-27 11:25,93097,92773,93166,92728,401335
2026-02-27 11:30,93251,93097,93321,93062,201265
2026-02-27 11:35,93261,93246,93291,93132,266795
2026-02-27 11:40,93435,93261,93485,93256,283237
2026-02-27 11:45,93590,93445,93629,93373,325729
2026-02-27 11:50,93664,93590,93843,93565,294155
2026-02-27 11:55,93903,93654,93938,93545,296380
2026-02-27 12:00,94117,93908,94202,93888,349559
2026-02-27 12:05,94132,94122,94147,93858,313086
2026-02-27 12:10,93963,94127,94167,93938,206630
2026-02-27 12:15,93973,93958,94013,93724,318546
2026-02-27 12:20,94013,93968,94082,93913,214869
2026-02-27 12:25,93719,94013,94028,93709,198357
2026-02-27 12:30,93734,93714,93873,93654,242928
2026-02-27 12:35,93609,93734,93769,93520,263815
2026-02-27 12:40,93794,93609,93824,93415,370691
2026-02-27 12:45,93674,93809,93863,93649,259078
2026-02-27 12:50,93898,93669,93968,93644,290652
2026-02-27 12:55,94087,93898,94087,93873,377480
2026-02-27 13:00,94048,94087,94132,93973,285166
2026-02-27 13:05,94162,94043,94167,93873,373024
2026-02-27 13:10,94232,94162,94321,94127,415686
2026-02-27 13:15,93983,94242,94242,93903,282156
2026-02-27 13:20,93744,93973,93983,93555,422065
2026-02-27 13:25,93988,93749,94003,93749,346945
2026-02-27 13:30,93988,93993,94087,93898,357130
2026-02-27 13:35,94048,93988,94137,93933,272429
2026-02-27 13:40,94157,94048,94207,94023,252005
2026-02-27 13:45,94122,94147,94272,94102,222568
2026-02-27 13:50,94127,94122,94172,94048,228819
2026-02-27 13:55,93923,94117,94172,93779,402353
2026-02-27 14:00,94122,93923,94132,93843,333770
2026-02-27 14:05,94282,94122,94282,94028,273298
2026-02-27 14:10,94575,94282,94605,94232,397956
2026-02-27 14:15,94839,94575,94839,94520,385106
2026-02-27 14:20,95138,94839,95148,94804,554265
2026-02-27 14:25,94939,95138,95143,94799,545660
2026-02-27 14:30,95168,94939,95168,94884,342212
2026-02-27 14:35,95098,95168,95297,95073,521663
2026-02-27 14:40,95108,95098,95178,94978,301124
2026-02-27 14:45,95153,95123,95292,95043,216834
2026-02-27 14:50,94819,95148,95212,94779,241856
2026-02-27 14:55,94436,94819,94844,94336,425840
2026-02-27 15:00,94013,94431,94451,93998,500365
2026-02-27 15:05,93744,94013,94058,93679,568791
2026-02-27 15:10,93834,93734,94262,93734,504498
2026-02-27 15:15,93858,93834,94132,93729,449006
2026-02-27 15:20,93893,93853,93948,93814,280691
2026-03-03 9:00,91788,91628,91987,91608,499200
2026-03-03 9:05,91992,91798,92275,91225,1245983
2026-03-03 9:10,91449,91992,92201,91424,1068777
2026-03-03 9:15,91106,91444,91519,90847,1217394
2026-03-03 9:20,91140,91106,91429,91031,713951
2026-03-03 9:25,91043,91140,91225,90961,801260
2026-03-03 9:30,91454,91056,91479,90951,484308
2026-03-03 9:35,91773,91469,91832,91434,513647
2026-03-03 9:40,92041,91768,92096,91713,444945
2026-03-03 9:45,92216,92041,92236,91957,255602
2026-03-03 9:50,92141,92206,92380,91987,309889
2026-03-03 9:55,92116,92126,92206,91977,474973
2026-03-03 10:00,92330,92131,92330,91867,567597
2026-03-03 10:05,91977,92330,92335,91887,536415
2026-03-03 10:10,92206,91967,92275,91788,493375
2026-03-03 10:15,91738,92206,92315,91723,558167
2026-03-03 10:20,91499,91733,91733,91494,282483
2026-03-03 10:25,91768,91519,91937,91489,220991
2026-03-03 10:30,91519,91778,91817,91394,256832
2026-03-03 10:35,91340,91519,91613,91340,211674
2026-03-03 10:40,91539,91355,91683,91340,243741
2026-03-03 10:45,91250,91544,91549,91205,239277
2026-03-03 10:50,91106,91245,91295,91026,363220
2026-03-03 10:55,90862,91101,91111,90837,367677
2026-03-03 11:00,90548,90862,91051,90538,643213
2026-03-03 11:05,90354,90548,90553,90095,632731
2026-03-03 11:10,90299,90344,90593,90259,487038
2026-03-03 11:15,90160,90294,90349,90110,316236
2026-03-03 11:20,89378,90155,90170,89363,707267
2026-03-03 11:25,89856,89378,90025,89299,682224
2026-03-03 11:30,90309,89851,90364,89806,512020
2026-03-03 11:35,90185,90314,90359,90080,336463
2026-03-03 11:40,89916,90185,90279,89841,312612
2026-03-03 11:45,89946,89911,90170,89786,430263
2026-03-03 11:50,89692,89941,90050,89637,257382
2026-03-03 11:55,89428,89692,89851,89378,311789
2026-03-03 12:00,89378,89423,89557,89259,424036
2026-03-03 12:05,89259,89378,89523,89085,381644
2026-03-03 12:10,88761,89254,89284,88736,371693
2026-03-03 12:15,89164,88746,89284,88562,561139
2026-03-03 12:20,88880,89149,89488,88846,358944
2026-03-03 12:25,88447,88880,88990,88437,382264
2026-03-03 12:30,88119,88447,88527,88069,577711
2026-03-03 12:35,88423,88109,88452,87820,705947
2026-03-03 12:40,89393,88447,89473,88432,670212
2026-03-03 12:45,89398,89393,89488,89040,482948
2026-03-03 12:50,89274,89398,89453,88900,273116
2026-03-03 12:55,89065,89264,89274,88876,279269
2026-03-03 13:00,89229,89080,89249,88945,178963
2026-03-03 13:05,88617,89249,89284,88582,318471
2026-03-03 13:10,88358,88607,88661,88303,243380
2026-03-03 13:15,88442,88358,88816,88318,326180
2026-03-03 13:20,88517,88457,88562,88273,248741
2026-03-03 13:25,88333,88507,88562,88318,205985
2026-03-03 13:30,88318,88333,88360,88094,424499
2026-03-03 13:35,88039,88323,88348,88029,289171
2026-03-03 13:40,87800,88039,88109,87795,553343
2026-03-03 13:45,87935,87805,88009,87731,397700
2026-03-03 13:50,87447,87935,87935,87447,493251
2026-03-03 13:55,87163,87452,87576,87133,446540
2026-03-03 14:00,87497,87163,87526,86904,724410
2026-03-03 14:05,87691,87502,87860,87372,709232
2026-03-03 14:10,87940,87691,88228,87671,601675
2026-03-03 14:15,88119,87940,88248,87775,484235
2026-03-03 14:20,87845,88119,88268,87646,431062
2026-03-03 14:25,87925,87840,88069,87671,281334
2026-03-03 14:30,87930,87925,88049,87760,301436
2026-03-03 14:35,87427,87930,87960,87377,431145
2026-03-03 14:40,87397,87432,87467,87088,420154
2026-03-03 14:45,87093,87402,87526,87049,394586
2026-03-03 14:50,86879,87088,87198,86850,286224
2026-03-03 14:55,86690,86879,86934,86660,306281
2026-03-03 15:00,86864,86690,86894,86491,483127
2026-03-03 15:05,86889,86864,87158,86840,432359
2026-03-03 15:10,86556,86889,87029,86531,493290
2026-03-03 15:15,86416,86551,86586,86397,497502
2026-03-03 15:20,86347,86406,86441,86342,356025
2026-03-06 9:00,81175,81394,81583,81135,304762
2026-03-06 9:05,81996,81182,82534,81135,1302547
2026-03-06 9:10,82265,82021,82444,81996,671549
2026-03-06 9:15,82728,82265,82783,82175,860798
2026-03-06 9:20,82802,82708,83156,82569,1366942
2026-03-06 9:25,82982,82807,83430,82807,855951
2026-03-06 9:30,82698,82977,83260,82683,528971
2026-03-06 9:35,82165,82693,82877,82140,370954
2026-03-06 9:40,82310,82145,82832,82086,357087
2026-03-06 9:45,82305,82325,82693,82140,347535
2026-03-06 9:50,82031,82285,82578,81961,425168
2026-03-06 9:55,81727,82026,82315,81722,345892
2026-03-06 10:00,81996,81732,82116,81518,722840
2026-03-06 10:05,82120,81966,82260,81677,299738
2026-03-06 10:10,81663,82130,82130,81533,254045
2026-03-06 10:15,81628,81663,81767,81299,325586
2026-03-06 10:20,80991,81618,81618,80956,258670
2026-03-06 10:25,80448,80981,81025,80428,389913
2026-03-06 10:30,80757,80448,80796,79895,451194
2026-03-06 10:35,81299,80752,81488,80737,586380
2026-03-06 10:40,81219,81299,81563,80991,390239
2026-03-06 10:45,81160,81239,81593,80991,246832
2026-03-06 10:50,81513,81160,81548,80771,210020
2026-03-06 10:55,81613,81538,81648,81329,216640
2026-03-06 11:00,81523,81613,81911,81424,234638
2026-03-06 11:05,81553,81538,81717,81364,194703
2026-03-06 11:10,81658,81543,81832,81523,112351
2026-03-06 11:15,82180,81658,82280,81643,270896
2026-03-06 11:20,82225,82190,82255,81862,226626
2026-03-06 11:25,82046,82220,82364,81971,173274
2026-03-06 11:30,81956,82056,82175,81916,142447
2026-03-06 11:35,81687,81981,82031,81668,210700
2026-03-06 11:40,81598,81687,81887,81493,208210
2026-03-06 11:45,81837,81613,81986,81548,165481
2026-03-06 11:50,81847,81847,81981,81767,74736
2026-03-06 11:55,81717,81847,81971,81628,134682
2026-03-06 12:00,82106,81722,82130,81712,183096
2026-03-06 12:05,82220,82106,82454,82106,246561
2026-03-06 12:10,82056,82220,82310,82046,145539
2026-03-06 12:15,81752,82076,82155,81732,111627
2026-03-06 12:20,81762,81752,81797,81563,169482
2026-03-06 12:25,81747,81752,81832,81588,130240
2026-03-06 12:30,81807,81737,81896,81672,119317
2026-03-06 12:35,81523,81772,81852,81429,153281
2026-03-06 12:40,81956,81548,81961,81508,182068
2026-03-06 12:45,82195,81946,82225,81916,221303
2026-03-06 12:50,82150,82200,82255,82031,174681
2026-03-06 12:55,82215,82150,82230,82046,152420
2026-03-06 13:00,82215,82210,82509,82185,223423
2026-03-06 13:05,82335,82225,82479,82225,284771
2026-03-06 13:10,82210,82335,82509,82185,294754
2026-03-06 13:15,82036,82215,82300,82026,146355
2026-03-06 13:20,81986,82026,82155,81966,75846
2026-03-06 13:25,81807,81986,81986,81797,105318
2026-03-06 13:30,81812,81807,81887,81737,117776
2026-03-06 13:35,82061,81812,82120,81737,127886
2026-03-06 13:40,82150,82071,82349,81951,114779
2026-03-06 13:45,82185,82145,82349,82135,92574
2026-03-06 13:50,82454,82185,82464,82150,122820
2026-03-06 13:55,82210,82454,82459,82165,154282
2026-03-06 14:00,82061,82220,82225,81926,184694
2026-03-06 14:05,82504,82066,82504,82061,247170
2026-03-06 14:10,82663,82494,82663,82325,243893
2026-03-06 14:15,82549,82658,82778,82549,147009
2026-03-06 14:20,82489,82549,82628,82349,139589
2026-03-06 14:25,82305,82489,82504,82245,145745
2026-03-06 14:30,82638,82305,82658,82290,197894
2026-03-06 14:35,82663,82638,82733,82524,149103
2026-03-06 14:40,82882,82668,83036,82668,294469
2026-03-06 14:45,82763,82882,83007,82703,214420
2026-03-06 14:50,82643,82758,82778,82419,216349
2026-03-06 14:55,82832,82648,82882,82549,262384
2026-03-06 15:00,83146,82827,83166,82753,384334
2026-03-06 15:05,83111,83131,83350,83056,249558
2026-03-06 15:10,83196,83121,83236,83056,165266
2026-03-06 15:15,82972,83206,83226,82957,199066
2026-03-06 15:20,83101,82967,83121,82842,140520
2026-03-10 9:00,82588,82335,82633,82180,339402
2026-03-10 9:05,82071,82534,82628,81931,985341
2026-03-10 9:10,81593,82076,82116,81349,522898
2026-03-10 9:15,82036,81598,82225,81568,452386
2026-03-10 9:20,82275,82036,82414,82036,451516
2026-03-10 9:25,82265,82245,82384,81966,616812
2026-03-10 9:30,82653,82275,82723,82210,694529
2026-03-10 9:35,82449,82650,82793,82245,813871
2026-03-10 9:40,82683,82449,82812,82434,514521
2026-03-10 9:45,83101,82683,83111,82663,376731
2026-03-10 9:50,83255,83101,83255,83061,418266
2026-03-10 9:55,83002,83236,83370,82992,350828
2026-03-10 10:00,82957,82992,83181,82842,515461
2026-03-10 10:05,82892,82987,83260,82783,425789
2026-03-10 10:10,83021,82922,83056,82748,255333
2026-03-10 10:15,82987,83021,83255,82952,295946
2026-03-10 10:20,83081,82977,83171,82912,284826
2026-03-10 10:25,83196,83096,83221,83017,157623
2026-03-10 10:30,82867,83191,83201,82785,223340
2026-03-10 10:35,83173,82867,83196,82852,219342
2026-03-10 10:40,83101,83171,83295,82982,280303
2026-03-10 10:45,83156,83086,83161,83007,79266
2026-03-10 10:50,83479,83161,83479,83121,431660
2026-03-10 10:55,83340,83479,83619,83340,202491
2026-03-10 11:00,83280,83425,83579,83171,118905
2026-03-10 11:05,83231,83260,83365,83091,185487
2026-03-10 11:10,83111,83221,83300,82967,130590
2026-03-10 11:15,83191,83106,83246,82952,151196
2026-03-10 11:20,83216,83186,83280,83081,119370
2026-03-10 11:25,83156,83226,83231,83036,105335
2026-03-10 11:30,83061,83146,83201,83007,140401
2026-03-10 11:35,82733,83051,83056,82708,314473
2026-03-10 11:40,82867,82733,82887,82633,150694
2026-03-10 11:45,82434,82882,82882,82419,202496
2026-03-10 11:50,82190,82429,82459,82071,228374
2026-03-10 11:55,81926,82175,82175,81862,281262
2026-03-10 12:00,82041,81926,82041,81727,168288
2026-03-10 12:05,82135,82021,82180,81832,208836
2026-03-10 12:10,82091,82116,82215,81911,243728
2026-03-10 12:15,81842,82061,82096,81837,127309
2026-03-10 12:20,82190,81847,82220,81817,129551
2026-03-10 12:25,82071,82200,82369,82036,135743
2026-03-10 12:30,81822,82071,82165,81757,163992
2026-03-10 12:35,81757,81812,81847,81623,173869
2026-03-10 12:40,81344,81752,81772,81339,134327
2026-03-10 12:45,80951,81339,81453,80931,322415
2026-03-10 12:50,80722,80936,81065,80702,344389
2026-03-10 12:55,81498,80732,81503,80667,757559
2026-03-10 13:00,81090,81503,81583,81085,267908
2026-03-10 13:05,81065,81090,81130,80861,495944
2026-03-10 13:10,81364,81040,81508,80941,417641
2026-03-10 13:15,81548,81339,81628,81234,201699
2026-03-10 13:20,81767,81538,81837,81473,212879
2026-03-10 13:25,81867,81747,81911,81618,151059
2026-03-10 13:30,81687,81867,81936,81578,146197
2026-03-10 13:35,81862,81687,81936,81628,70922
2026-03-10 13:40,81956,81817,81986,81772,94593
2026-03-10 13:45,81757,81948,81996,81653,107388
2026-03-10 13:50,81583,81742,81842,81528,170092
2026-03-10 13:55,81384,81573,81583,81309,92258
2026-03-10 14:00,81852,81389,81892,81379,216621
2026-03-10 14:05,82225,81862,82300,81822,419032
2026-03-10 14:10,82076,82215,82220,81951,212462
2026-03-10 14:15,81996,82081,82111,81896,113459
2026-03-10 14:20,82006,81991,82081,81847,111064
2026-03-10 14:25,81951,81991,82086,81687,168935
2026-03-10 14:30,81956,81931,82026,81797,117737
2026-03-10 14:35,82006,81951,82091,81837,174812
2026-03-10 14:40,81842,82006,82046,81817,79398
2026-03-10 14:45,81812,81827,81966,81767,70763
2026-03-10 14:50,82155,81817,82195,81797,181720
2026-03-10 14:55,82230,82170,82340,82150,215914
2026-03-10 15:00,82539,82230,82578,82225,228276
2026-03-10 15:05,82797,82539,82802,82464,315251
2026-03-10 15:10,82718,82788,82839,82638,185851
2026-03-10 15:15,82698,82713,82783,82583,374850
2026-03-10 15:20,82583,82693,82708,82524,255634
2026-03-11 9:00,84734,84575,84873,84346,251782
2026-03-11 9:05,84440,84739,84739,83987,977976
2026-03-11 9:10,84878,84455,85072,84331,1089121
2026-03-11 9:15,84724,84918,85023,84629,393628
2026-03-11 9:20,84868,84709,84993,84565,435922
2026-03-11 9:25,84699,84853,84878,84385,410685
2026-03-11 9:30,84550,84709,84873,84460,348425
2026-03-11 9:35,84371,84550,84654,84331,181733
2026-03-11 9:40,84689,84351,84759,84271,382061
2026-03-11 9:45,84425,84689,84689,84316,218746
2026-03-11 9:50,84097,84420,84435,84082,265383
2026-03-11 9:55,84619,84097,84619,84097,370430
2026-03-11 10:00,84475,84619,84639,84390,167783
2026-03-11 10:05,84779,84465,84843,84405,287115
2026-03-11 10:10,84739,84779,84943,84684,172523
2026-03-11 10:15,85038,84744,85127,84744,392077
2026-03-11 10:20,85112,85033,85204,84963,338536
2026-03-11 10:25,85082,85107,85167,84978,217993
2026-03-11 10:30,85013,85092,85117,84898,139050
2026-03-11 10:35,85142,85003,85222,85003,214403
2026-03-11 10:40,85192,85147,85222,85008,150837
2026-03-11 10:45,85371,85192,85371,85097,136251
2026-03-11 10:50,85381,85366,85515,85331,246294
2026-03-11 10:55,85301,85386,85401,85252,116451
2026-03-11 11:00,85247,85311,85331,85112,127339
2026-03-11 11:05,85104,85247,85252,85077,112279
2026-03-11 11:10,85023,85109,85192,85013,170505
2026-03-11 11:15,85331,85023,85361,85008,194598
2026-03-11 11:20,85122,85331,85351,85097,174644
2026-03-11 11:25,85222,85127,85222,85102,43295
2026-03-11 11:30,85142,85212,85222,85072,109417
2026-03-11 11:35,85212,85132,85242,85062,102201
2026-03-11 11:40,85291,85212,85301,85132,73850
2026-03-11 11:45,85272,85291,85391,85252,102444
2026-03-11 11:50,85202,85267,85336,85162,73997
2026-03-11 11:55,85267,85202,85316,85187,48362
2026-03-11 12:00,85446,85276,85471,85247,136488
2026-03-11 12:05,85267,85441,85451,85252,94312
2026-03-11 12:10,85311,85267,85391,85257,46205
2026-03-11 12:15,85351,85303,85356,85257,100293
2026-03-11 12:20,85257,85341,85386,85252,120066
2026-03-11 12:25,85182,85252,85257,85157,84607
2026-03-11 12:30,85281,85182,85306,85157,83713
2026-03-11 12:35,85456,85276,85466,85269,115618
2026-03-11 12:40,85446,85461,85510,85423,90548
2026-03-11 12:45,85535,85441,85565,85406,141786
2026-03-11 12:50,85585,85545,85705,85545,368821
2026-03-11 12:55,85461,85585,85590,85373,172928
2026-03-11 13:00,85461,85461,85595,85411,111011
2026-03-11 13:05,85371,85456,85461,85321,87467
2026-03-11 13:10,85301,85366,85386,85252,75319
2026-03-11 13:15,85510,85296,85530,85286,115554
2026-03-11 13:20,85520,85505,85555,85421,107108
2026-03-11 13:25,85535,85517,85580,85456,68837
2026-03-11 13:30,85627,85530,85635,85512,109830
2026-03-11 13:35,85590,85630,85640,85530,74244
2026-03-11 13:40,85550,85585,85590,85466,121220
2026-03-11 13:45,85391,85550,85555,85381,144187
2026-03-11 13:50,85595,85391,85605,85376,146213
2026-03-11 13:55,85595,85595,85670,85535,144943
2026-03-11 14:00,85565,85585,85625,85505,142938
2026-03-11 14:05,85500,85565,85575,85436,127600
2026-03-11 14:10,85112,85491,85535,85112,187235
2026-03-11 14:15,84933,85117,85232,84923,274361
2026-03-11 14:20,84898,84938,85008,84729,200774
2026-03-11 14:25,84913,84903,85008,84709,138609
2026-03-11 14:30,84719,84918,85028,84714,139033
2026-03-11 14:35,84475,84724,84799,84475,165012
2026-03-11 14:40,84236,84490,84520,84191,252257
2026-03-11 14:45,83679,84226,84241,83664,521225
2026-03-11 14:50,84062,83669,84166,83489,672237
2026-03-11 14:55,83455,84027,84042,83340,493730
2026-03-11 15:00,82882,83455,83594,82678,384021
2026-03-11 15:05,83181,82882,83315,82708,638147
2026-03-11 15:10,83395,83196,83599,83166,562901
2026-03-11 15:15,83679,83435,83853,83315,242077
2026-03-11 15:20,83455,83679,83828,83410,150864
2026-03-12 9:00,82758,82698,82832,82564,141808
2026-03-12 9:05,82817,82763,83176,82598,482801
2026-03-12 9:10,82464,82817,82882,82066,336501
2026-03-12 9:15,82648,82474,82783,82449,130579
2026-03-12 9:20,83012,82658,83136,82583,166215
2026-03-12 9:25,82748,82987,83012,82608,110350
2026-03-12 9:30,83350,82748,83370,82678,171052
2026-03-12 9:35,83405,83370,83539,83066,231026
2026-03-12 9:40,83367,83415,83629,83350,236154
2026-03-12 9:45,83549,83375,83619,83250,186195
2026-03-12 9:50,83494,83534,83720,83385,151196
2026-03-12 9:55,83584,83479,83689,83310,144187
2026-03-12 10:00,83275,83574,83639,83246,86121
2026-03-12 10:05,83166,83275,83385,83056,105472
2026-03-12 10:10,83206,83186,83315,82967,196459
2026-03-12 10:15,83370,83221,83425,83041,134951
2026-03-12 10:20,82952,83365,83385,82952,231195
2026-03-12 10:25,83131,82957,83290,82897,151204
2026-03-12 10:30,83131,83131,83221,82992,164251
2026-03-12 10:35,83295,83116,83320,83061,70266
2026-03-12 10:40,83465,83295,83539,83280,103066
2026-03-12 10:45,83494,83470,83564,83340,83372
2026-03-12 10:50,83017,83479,83479,83007,239120
2026-03-12 10:55,83111,83017,83111,82932,135185
2026-03-12 11:00,83007,83111,83121,82947,72873
2026-03-12 11:05,82917,83012,83071,82837,74133
2026-03-12 11:10,83026,82917,83250,82907,104658
2026-03-12 11:15,82728,83012,83017,82718,193977
2026-03-12 11:20,82633,82728,82817,82603,157150
2026-03-12 11:25,82768,82633,82793,82494,98066
2026-03-12 11:30,82753,82753,82763,82564,61942
2026-03-12 11:35,82529,82753,82827,82514,91328
2026-03-12 11:40,82529,82514,82564,82300,233950
2026-03-12 11:45,82424,82529,82633,82399,146593
2026-03-12 11:50,82180,82414,82479,82170,137630
2026-03-12 11:55,82310,82180,82404,82135,155442
2026-03-12 12:00,82315,82300,82499,82285,79516
2026-03-12 12:05,82300,82310,82434,82255,74451
2026-03-12 12:10,82335,82310,82519,82305,115090
2026-03-12 12:15,82240,82335,82340,82145,111992
2026-03-12 12:20,82454,82250,82464,82215,146762
2026-03-12 12:25,82369,82439,82499,82340,75031
2026-03-12 12:30,82210,82364,82394,82170,101047
2026-03-12 12:35,82160,82205,82275,82120,135156
2026-03-12 12:40,82066,82165,82310,82051,178423
2026-03-12 12:45,82162,82066,82205,82016,112124
2026-03-12 12:50,82240,82170,82260,82026,121883
2026-03-12 12:55,82215,82240,82379,82165,130046
2026-03-12 13:00,82325,82215,82330,82210,46192
2026-03-12 13:05,82345,82320,82504,82315,79040
2026-03-12 13:10,82245,82349,82474,82195,123168
2026-03-12 13:15,82419,82245,82419,82230,64832
2026-03-12 13:20,82673,82409,82683,82359,103462
2026-03-12 13:25,82648,82673,82710,82583,71498
2026-03-12 13:30,82663,82653,82748,82479,156337
2026-03-12 13:35,82454,82663,82668,82419,88867
2026-03-12 13:40,82386,82451,82514,82374,36367
2026-03-12 13:45,82504,82394,82504,82305,59608
2026-03-12 13:50,82364,82494,82494,82310,52623
2026-03-12 13:55,82429,82354,82489,82335,81167
2026-03-12 14:00,82359,82429,82449,82285,100391
2026-03-12 14:05,82788,82359,82832,82290,287360
2026-03-12 14:10,82773,82788,82882,82643,166602
2026-03-12 14:15,82862,82783,82902,82753,99871
2026-03-12 14:20,82524,82857,82862,82464,126659
2026-03-12 14:25,82459,82524,82688,82414,202117
2026-03-12 14:30,82469,82469,82549,82379,65012
2026-03-12 14:35,82509,82479,82573,82464,70863
2026-03-12 14:40,82653,82499,82673,82345,120391
2026-03-12 14:45,82658,82658,82748,82598,94812
2026-03-12 14:50,82439,82653,82678,82439,111737
2026-03-12 14:55,82424,82434,82529,82359,51953
2026-03-12 15:00,82524,82444,82623,82384,115802
2026-03-12 15:05,82479,82524,82539,82439,229323
2026-03-12 15:10,82369,82479,82484,82250,392673
2026-03-12 15:15,82454,82374,82494,82280,247336
2026-03-12 15:20,82484,82464,82519,82454,189075
2026-03-13 9:00,79786,79736,79980,79582,353108
2026-03-13 9:05,80075,79831,80249,79572,658035
2026-03-13 9:10,80348,80065,80373,79895,549969
2026-03-13 9:15,80567,80348,80642,80050,422571
2026-03-13 9:20,80861,80567,80886,80503,303783
2026-03-13 9:25,80851,80851,80926,80642,410026
2026-03-13 9:30,80896,80851,81075,80677,509236
2026-03-13 9:35,81085,80896,81210,80871,399106
2026-03-13 9:40,80871,81085,81200,80796,308059
2026-03-13 9:45,80722,80871,80886,80617,151231
2026-03-13 9:50,80687,80722,80876,80617,174456
2026-03-13 9:55,80876,80687,80881,80498,269358
2026-03-13 10:00,81150,80876,81150,80801,202241
2026-03-13 10:05,81254,81135,81284,81070,356448
2026-03-13 10:10,81429,81264,81573,81249,269503
2026-03-13 10:15,81264,81429,81439,81210,220481
2026-03-13 10:20,81668,81264,81682,81200,200797
2026-03-13 10:25,81613,81677,81682,81434,269559
2026-03-13 10:30,81663,81613,81747,81508,197531
2026-03-13 10:35,81682,81677,81872,81633,210187
2026-03-13 10:40,81752,81682,81777,81578,175918
2026-03-13 10:45,81697,81762,81802,81613,274277
2026-03-13 10:50,81692,81697,81767,81623,195476
2026-03-13 10:55,81643,81692,81772,81618,140379
2026-03-13 11:00,81747,81653,81966,81633,172689
2026-03-13 11:05,81981,81752,82150,81643,288566
2026-03-13 11:10,82096,81976,82120,81901,170343
2026-03-13 11:15,81697,82086,82150,81692,213223
2026-03-13 11:20,81747,81697,81847,81633,127334
2026-03-13 11:25,81807,81742,81827,81513,199111
2026-03-13 11:30,81817,81817,81842,81653,187163
2026-03-13 11:35,81633,81792,81916,81623,157507
2026-03-13 11:40,81578,81623,81663,81478,141209
2026-03-13 11:45,81663,81583,81712,81503,54751
2026-03-13 11:50,81837,81672,81882,81623,74653
2026-03-13 11:55,81682,81827,81827,81643,127333
2026-03-13 12:00,81797,81682,81832,81648,48549
2026-03-13 12:05,81573,81797,81797,81563,157300
2026-03-13 12:10,81792,81583,81842,81503,129985
2026-03-13 12:15,81493,81782,81817,81478,162402
2026-03-13 12:20,81533,81493,81573,81434,104615
2026-03-13 12:25,81533,81528,81598,81394,92509
2026-03-13 12:30,81339,81543,81568,81329,124422
2026-03-13 12:35,81478,81334,81603,81324,122458
2026-03-13 12:40,81419,81468,81473,81319,103999
2026-03-13 12:45,81386,81419,81488,81324,148102
2026-03-13 12:50,81444,81384,81468,81354,106959
2026-03-13 12:55,81653,81453,81687,81453,133774
2026-03-13 13:00,81692,81658,81712,81523,115132
2026-03-13 13:05,81538,81687,81737,81518,128398
2026-03-13 13:10,81458,81518,81623,81439,99956
2026-03-13 13:15,81414,81453,81483,81329,67369
2026-03-13 13:20,81190,81409,81429,81180,211968
2026-03-13 13:25,81130,81180,81205,81015,146726
2026-03-13 13:30,80826,81115,81125,80821,262529
2026-03-13 13:35,80841,80826,80921,80747,163378
2026-03-13 13:40,80851,80831,80866,80657,172120
2026-03-13 13:45,80981,80846,81105,80831,313234
2026-03-13 13:50,81050,80971,81135,80971,183865
2026-03-13 13:55,80951,81050,81050,80916,215831
2026-03-13 14:00,81135,80946,81170,80936,199134
2026-03-13 14:05,81115,81140,81210,81045,302097
2026-03-13 14:10,81115,81110,81210,81100,149399
2026-03-13 14:15,81070,81110,81125,80891,304392
2026-03-13 14:20,81150,81075,81175,80971,146506
2026-03-13 14:25,81254,81150,81349,81110,219396
2026-03-13 14:30,81324,81254,81409,81244,124055
2026-03-13 14:35,81319,81324,81493,81264,240020
2026-03-13 14:40,81309,81324,81349,81239,230246
2026-03-13 14:45,81105,81299,81344,81105,135658
2026-03-13 14:50,81130,81115,81294,81050,188468
2026-03-13 14:55,81125,81125,81210,81075,188549
2026-03-13 15:00,81224,81130,81384,81115,232181
2026-03-13 15:05,81120,81224,81234,81030,195531
2026-03-13 15:10,81279,81110,81354,81075,256336
2026-03-13 15:15,81279,81279,81324,81219,236293
2026-03-13 15:20,81354,81274,81359,81205,243245
2026-03-16 9:00,81986,81598,82006,81558,249589
2026-03-16 9:05,81953,81976,82280,81817,864130
2026-03-16 9:10,82330,81951,82394,81852,472867
2026-03-16 9:15,82305,82310,82459,82195,456384
2026-03-16 9:20,82235,82300,82643,82235,402698
2026-03-16 9:25,81906,82235,82275,81906,359992
2026-03-16 9:30,82076,81906,82096,81717,506611
2026-03-16 9:35,82210,82076,82220,81896,576610
2026-03-16 9:40,82394,82205,82429,82016,524909
2026-03-16 9:45,82205,82394,82494,82160,312684
2026-03-16 9:50,82499,82215,82623,82051,379448
2026-03-16 9:55,82260,82514,82663,82235,486344
2026-03-16 10:00,82404,82250,82504,82190,255144
2026-03-16 10:05,81966,82399,82399,81812,560934
2026-03-16 10:10,81842,81966,82036,81787,238950
2026-03-16 10:15,81867,81867,81936,81687,201211
2026-03-16 10:20,81916,81867,82036,81792,248308
2026-03-16 10:25,81757,81896,82051,81752,268224
2026-03-16 10:30,81434,81767,81772,81414,287892
2026-03-16 10:35,81478,81429,81548,81210,281345
2026-03-16 10:40,81309,81493,81613,81254,297630
2026-03-16 10:45,81394,81314,81488,81205,157844
2026-03-16 10:50,81578,81394,81697,81324,172267
2026-03-16 10:55,81727,81583,81747,81553,144126
2026-03-16 11:00,81692,81727,81797,81578,169523
2026-03-16 11:05,81648,81692,81812,81563,161653
2026-03-16 11:10,81618,81643,81677,81508,74266
2026-03-16 11:15,81384,81618,81618,81309,68890
2026-03-16 11:20,81309,81374,81453,81299,59643
2026-03-16 11:25,81195,81314,81319,81055,167136
2026-03-16 11:30,81170,81195,81200,81000,99742
2026-03-16 11:35,80941,81160,81180,80941,103069
2026-03-16 11:40,81015,80951,81080,80911,95588
2026-03-16 11:45,80901,81005,81100,80876,71479
2026-03-16 11:50,81035,80911,81075,80911,43663
2026-03-16 11:55,81249,81030,81254,81020,125638
2026-03-16 12:00,81334,81254,81339,81239,70693
2026-03-16 12:05,81259,81329,81434,81259,69115
2026-03-16 12:10,81419,81259,81488,81259,89329
2026-03-16 12:15,81336,81394,81448,81329,44093
2026-03-16 12:20,81210,81339,81359,81195,55960
2026-03-16 12:25,81453,81195,81478,81172,115305
2026-03-16 12:30,81660,81439,81663,81409,125526
2026-03-16 12:35,81887,81658,81911,81655,264468
2026-03-16 12:40,82061,81887,82066,81847,177602
2026-03-16 12:45,82235,82066,82265,82046,269910
2026-03-16 12:50,82210,82237,82252,82106,220913
2026-03-16 12:55,82076,82210,82210,82056,185053
2026-03-16 13:00,82160,82081,82190,82066,69290
2026-03-16 13:05,82300,82160,82335,82160,118275
2026-03-16 13:10,82300,82305,82409,82190,122946
2026-03-16 13:15,82404,82305,82419,82185,183440
2026-03-16 13:20,82504,82409,82504,82295,124919
2026-03-16 13:25,82424,82504,82524,82374,99041
2026-03-16 13:30,82514,82424,82524,82394,102696
2026-03-16 13:35,82459,82514,82534,82354,99454
2026-03-16 13:40,82424,82454,82484,82349,94006
2026-03-16 13:45,82255,82419,82424,82170,95938
2026-03-16 13:50,82101,82255,82260,82071,83550
2026-03-16 13:55,82165,82091,82295,82081,135369
2026-03-16 14:00,82120,82165,82245,82046,80330
2026-03-16 14:05,82255,82120,82270,82058,99763
2026-03-16 14:10,82185,82255,82315,82180,137468
2026-03-16 14:15,82150,82190,82270,82150,48692
2026-03-16 14:20,82006,82155,82270,81991,185430
2026-03-16 14:25,82235,82016,82260,82001,131470
2026-03-16 14:30,82170,82245,82305,82135,173182
2026-03-16 14:35,82175,82165,82195,82071,169801
2026-03-16 14:40,82300,82170,82330,82165,85154
2026-03-16 14:45,82364,82305,82374,82300,91727
2026-03-16 14:50,82618,82369,82633,82364,137165
2026-03-16 14:55,82728,82608,82728,82559,247791
2026-03-16 15:00,82708,82713,82788,82628,224219
2026-03-16 15:05,82683,82718,82728,82618,126661
2026-03-16 15:10,82693,82688,82718,82623,82504
2026-03-16 15:15,82753,82698,82768,82668,118695
2026-03-16 15:20,82743,82753,82768,82703,86029
2026-03-17 9:00,85177,85321,85381,85157,397079
2026-03-17 9:05,85127,85172,85396,84998,750712
2026-03-17 9:10,85202,85152,85351,85043,692329
2026-03-17 9:15,85272,85212,85306,85062,883002
2026-03-17 9:20,85097,85262,85291,84913,404183
2026-03-17 9:25,84823,85092,85177,84779,240825
2026-03-17 9:30,85167,84823,85177,84799,619806
2026-03-17 9:35,85341,85167,85341,85137,332678
2026-03-17 9:40,85321,85341,85421,85222,190511
2026-03-17 9:45,85276,85316,85341,85147,122391
2026-03-17 9:50,85197,85267,85311,85112,118720
2026-03-17 9:55,84814,85197,85222,84804,175156
2026-03-17 10:00,84963,84823,85087,84719,247996
2026-03-17 10:05,84828,84958,84988,84789,100771
2026-03-17 10:10,84933,84828,84993,84769,139510
2026-03-17 10:15,85003,84920,85107,84903,121434
2026-03-17 10:20,84923,85008,85008,84814,109344
2026-03-17 10:25,84953,84918,84953,84833,56229
2026-03-17 10:30,85072,84953,85072,84903,111290
2026-03-17 10:35,85311,85072,85341,85023,206529
2026-03-17 10:40,85132,85321,85386,85132,170394
2026-03-17 10:45,84883,85132,85142,84878,208479
2026-03-17 10:50,85018,84888,85048,84823,132184
2026-03-17 10:55,85149,85003,85172,84963,138131
2026-03-17 11:00,85264,85142,85286,85142,127561
2026-03-17 11:05,85212,85264,85276,85132,65080
2026-03-17 11:10,85212,85214,85242,85097,77914
2026-03-17 11:15,85132,85204,85222,85107,54388
2026-03-17 11:20,85192,85132,85192,85087,92786
2026-03-17 11:25,85272,85187,85351,85182,184945
2026-03-17 11:30,85281,85272,85286,85177,91719
2026-03-17 11:35,85446,85276,85466,85276,311175
2026-03-17 11:40,85441,85453,85515,85351,118139
2026-03-17 11:45,85366,85436,85441,85306,54956
2026-03-17 11:50,85272,85366,85416,85232,56149
2026-03-17 11:55,85172,85272,85272,85112,95098
2026-03-17 12:00,85107,85167,85217,85062,73812
2026-03-17 12:05,85137,85107,85197,85067,128802
2026-03-17 12:10,85182,85137,85192,85087,59900
2026-03-17 12:15,85217,85182,85267,85097,75613
2026-03-17 12:20,85257,85222,85313,85222,107438
2026-03-17 12:25,85202,85264,85296,85197,63947
2026-03-17 12:30,85202,85202,85272,85167,77376
2026-03-17 12:35,85048,85202,85247,85048,108632
2026-03-17 12:40,84958,85052,85067,84913,110078
2026-03-17 12:45,84933,84963,84968,84858,137483
2026-03-17 12:50,84978,84928,85003,84918,89986
2026-03-17 12:55,85018,84978,85102,84978,88329
2026-03-17 13:00,85023,85023,85048,84933,94963
2026-03-17 13:05,84973,85028,85033,84913,38826
2026-03-17 13:10,85003,84973,85038,84928,42138
2026-03-17 13:15,84893,84998,85023,84868,64326
2026-03-17 13:20,85142,84898,85152,84893,151727
2026-03-17 13:25,84953,85137,85202,84928,87034
2026-03-17 13:30,84988,84953,84998,84898,67415
2026-03-17 13:35,85142,84988,85152,84988,146820
2026-03-17 13:40,85157,85137,85252,85132,119418
2026-03-17 13:45,85281,85157,85301,85157,110217
2026-03-17 13:50,85346,85296,85356,85252,147577
2026-03-17 13:55,85476,85341,85515,85291,214668
2026-03-17 14:00,85247,85478,85478,85232,109842
2026-03-17 14:05,85242,85242,85276,85207,64623
2026-03-17 14:10,85262,85242,85291,85202,106435
2026-03-17 14:15,85421,85264,85441,85212,213389
2026-03-17 14:20,85411,85426,85446,85331,82522
2026-03-17 14:25,85500,85406,85525,85396,158636
2026-03-17 14:30,85491,85510,85525,85471,86010
2026-03-17 14:35,85500,85491,85545,85421,128236
2026-03-17 14:40,85441,85491,85500,85376,130334
2026-03-17 14:45,85291,85446,85471,85276,145017
2026-03-17 14:50,85067,85291,85301,85033,280361
2026-03-17 14:55,84958,85067,85107,84908,121535
2026-03-17 15:00,84719,84958,85013,84684,243755
2026-03-17 15:05,84390,84714,84714,84385,276549
2026-03-17 15:10,84286,84387,84525,84161,288500
2026-03-17 15:15,84301,84286,84470,84201,242379
2026-03-17 15:20,84296,84301,84341,84147,253458
2026-03-18 9:00,86312,86257,86431,86227,261474
2026-03-18 9:05,86850,86312,86869,86262,868711
2026-03-18 9:10,86919,86854,87009,86640,705632
2026-03-18 9:15,87074,86929,87093,86869,347769
2026-03-18 9:20,86735,87064,87088,86720,430464
2026-03-18 9:25,86919,86735,86954,86695,171538
2026-03-18 9:30,86845,86919,87004,86790,182276
2026-03-18 9:35,87233,86845,87248,86820,465544
2026-03-18 9:40,87357,87228,87427,87228,279282
2026-03-18 9:45,87546,87367,87551,87258,330890
2026-03-18 9:50,87586,87541,87616,87531,479021
2026-03-18 9:55,87741,87581,87800,87571,554750
2026-03-18 10:00,87845,87741,87945,87696,297400
2026-03-18 10:05,87885,87850,87989,87850,244690
2026-03-18 10:10,87825,87890,87895,87621,450896
2026-03-18 10:15,87701,87815,87870,87691,226309
2026-03-18 10:20,87651,87701,87785,87591,386006
2026-03-18 10:25,87656,87651,87716,87561,264624
2026-03-18 10:30,87531,87656,87661,87417,354516
2026-03-18 10:35,87442,87531,87571,87417,121360
2026-03-18 10:40,87611,87442,87611,87332,283986
2026-03-18 10:45,87681,87606,87805,87591,240479
2026-03-18 10:50,87387,87681,87711,87352,153033
2026-03-18 10:55,87402,87392,87467,87317,146007
2026-03-18 11:00,87616,87402,87616,87382,237406
2026-03-18 11:05,87556,87616,87651,87546,91892
2026-03-18 11:10,87507,87546,87626,87492,150602
2026-03-18 11:15,87472,87502,87571,87462,170913
2026-03-18 11:20,87611,87472,87626,87472,188118
2026-03-18 11:25,87507,87606,87621,87452,113840
2026-03-18 11:30,87586,87502,87656,87497,121564
2026-03-18 11:35,87566,87586,87641,87492,94053
2026-03-18 11:40,87701,87566,87731,87536,153599
2026-03-18 11:45,87815,87703,87845,87676,187255
2026-03-18 11:50,87770,87815,87840,87765,164577
2026-03-18 11:55,87611,87770,87777,87556,112284
2026-03-18 12:00,87641,87613,87686,87601,83073
2026-03-18 12:05,87616,87636,87711,87591,116724
2026-03-18 12:10,87716,87616,87731,87616,139880
2026-03-18 12:15,87760,87713,87840,87701,216601
2026-03-18 12:20,87872,87760,87885,87726,106124
2026-03-18 12:25,87875,87877,87905,87825,113602
2026-03-18 12:30,87850,87880,87955,87795,121456
2026-03-18 12:35,87870,87850,87920,87835,79539
2026-03-18 12:40,87870,87875,87895,87810,149185
2026-03-18 12:45,87935,87875,87935,87820,143990
2026-03-18 12:50,87930,87940,87994,87905,180972
2026-03-18 12:55,87880,87930,87955,87810,110668
2026-03-18 13:00,87890,87882,87979,87865,121807
2026-03-18 13:05,87927,87882,88009,87875,196722
2026-03-18 13:10,87979,87937,87994,87902,74154
2026-03-18 13:15,87960,87979,88014,87930,106122
2026-03-18 13:20,87960,87957,88024,87930,114426
2026-03-18 13:25,87940,87960,87994,87925,109499
2026-03-18 13:30,87915,87940,87950,87860,125843
2026-03-18 13:35,87855,87917,87930,87845,113391
2026-03-18 13:40,87820,87855,87910,87746,223243
2026-03-18 13:45,87870,87822,87870,87790,111807
2026-03-18 13:50,87940,87870,87979,87815,152421
2026-03-18 13:55,88039,87945,88109,87940,218587
2026-03-18 14:00,87895,88034,88049,87880,100973
2026-03-18 14:05,88014,87900,88046,87895,161664
2026-03-18 14:10,88154,88016,88223,88014,340578
2026-03-18 14:15,88343,88159,88348,88156,227345
2026-03-18 14:20,88398,88343,88507,88328,295190
2026-03-18 14:25,88467,88413,88517,88378,128374
2026-03-18 14:30,88537,88467,88562,88447,145167
2026-03-18 14:35,88428,88537,88637,88428,259996
2026-03-18 14:40,88547,88437,88572,88378,368969
2026-03-18 14:45,88706,88547,88711,88542,281090
2026-03-18 14:50,88806,88706,88836,88656,368398
2026-03-18 14:55,88930,88806,88960,88746,365775
2026-03-18 15:00,88912,88930,88960,88856,371240
2026-03-18 15:05,89015,88910,89025,88861,446796
2026-03-18 15:10,89134,89000,89134,88935,409014
2026-03-18 15:15,89035,89139,89184,89015,394465
2026-03-18 15:20,89050,89045,89134,89020,285154
2026-03-19 9:00,86277,85894,86317,85849,259145
2026-03-19 9:05,86645,86272,86695,86123,696518
2026-03-19 9:10,86382,86645,86750,86357,624342
2026-03-19 9:15,86750,86387,86840,86317,370658
2026-03-19 9:20,86426,86750,86780,86387,246455
2026-03-19 9:25,86128,86436,86586,86103,612767
2026-03-19 9:30,86406,86128,86416,85968,597539
2026-03-19 9:35,86083,86406,86406,85958,463873
2026-03-19 9:40,86003,86078,86392,85973,415098
2026-03-19 9:45,85874,86008,86068,85859,250959
2026-03-19 9:50,86113,85869,86177,85859,223025
2026-03-19 9:55,86128,86113,86222,86038,167139
2026-03-19 10:00,86232,86133,86302,85949,244268
2026-03-19 10:05,86202,86227,86237,85988,219277
2026-03-19 10:10,86387,86202,86421,86187,154482
2026-03-19 10:15,86282,86397,86418,86252,158660
2026-03-19 10:20,86277,86277,86426,86252,110120
2026-03-19 10:25,86411,86272,86461,86158,128057
2026-03-19 10:30,86421,86406,86471,86272,198696
2026-03-19 10:35,86312,86416,86451,86252,93662
2026-03-19 10:40,86426,86312,86516,86267,101229
2026-03-19 10:45,86362,86426,86441,86297,134932
2026-03-19 10:50,86357,86357,86401,86287,219778
2026-03-19 10:55,86611,86357,86616,86322,208629
2026-03-19 11:00,86586,86611,86795,86571,423724
2026-03-19 11:05,86586,86581,86625,86441,342609
2026-03-19 11:10,86924,86586,86974,86581,382222
2026-03-19 11:15,86854,86924,87009,86825,198324
2026-03-19 11:20,87218,86869,87223,86830,152678
2026-03-19 11:25,87352,87218,87362,87178,169716
2026-03-19 11:30,87312,87352,87362,87163,358137
2026-03-19 11:35,87492,87317,87507,87273,131264
2026-03-19 11:40,87522,87487,87641,87452,160988
2026-03-19 11:45,87546,87522,87681,87492,120339
2026-03-19 11:50,87342,87541,87576,87342,208549
2026-03-19 11:55,87626,87347,87636,87283,126281
2026-03-19 12:00,87636,87626,87646,87472,178950
2026-03-19 12:05,87641,87636,87760,87581,98949
2026-03-19 12:10,87795,87646,87800,87551,121648
2026-03-19 12:15,87865,87800,87880,87696,96560
2026-03-19 12:20,87920,87880,87935,87840,104241
2026-03-19 12:25,87815,87915,88004,87785,135823
2026-03-19 12:30,87611,87815,87840,87576,140029
2026-03-19 12:35,87502,87611,87621,87432,119393
2026-03-19 12:40,87437,87487,87551,87322,140799
2026-03-19 12:45,87497,87442,87536,87407,97726
2026-03-19 12:50,87646,87492,87656,87352,160203
2026-03-19 12:55,87551,87646,87651,87432,163234
2026-03-19 13:00,87307,87546,87576,87263,209370
2026-03-19 13:05,87088,87298,87357,87088,124847
2026-03-19 13:10,86869,87083,87198,86864,185733
2026-03-19 13:15,86874,86869,86919,86745,158713
2026-03-19 13:20,86730,86869,86879,86685,166147
2026-03-19 13:25,86695,86730,86845,86625,311867
2026-03-19 13:30,86596,86705,86730,86561,167624
2026-03-19 13:35,86571,86581,86730,86526,330447
2026-03-19 13:40,86411,86561,86591,86397,641007
2026-03-19 13:45,86397,86406,86531,86307,164174
2026-03-19 13:50,86302,86406,86406,86247,218347
2026-03-19 13:55,86431,86297,86456,86282,258370
2026-03-19 14:00,86521,86441,86551,86387,136732
2026-03-19 14:05,86372,86516,86531,86372,125396
2026-03-19 14:10,86401,86372,86466,86352,97225
2026-03-19 14:15,86421,86411,86466,86332,138697
2026-03-19 14:20,86660,86416,86660,86322,129405
2026-03-19 14:25,86516,86640,86655,86476,148146
2026-03-19 14:30,86297,86521,86611,86277,181563
2026-03-19 14:35,86163,86287,86302,86123,333552
2026-03-19 14:40,86133,86168,86173,86023,203249
2026-03-19 14:45,86153,86128,86177,86048,112797
2026-03-19 14:50,86168,86138,86307,86133,151340
2026-03-19 14:55,86232,86163,86312,86148,199626
2026-03-19 15:00,86118,86242,86242,86058,414161
2026-03-19 15:05,86262,86118,86272,86088,370327
2026-03-19 15:10,86297,86272,86367,86262,352497
2026-03-19 15:15,86372,86287,86377,86252,375070
2026-03-19 15:20,86367,86364,86446,86312,232677
2026-03-20 9:00,86989,86944,87064,86869,128870
2026-03-20 9:05,86705,86969,87118,86606,572892
2026-03-20 9:10,87173,86700,87173,86685,537038
2026-03-20 9:15,87009,87168,87362,86934,478834
2026-03-20 9:20,86725,87009,87009,86720,335408
2026-03-20 9:25,86715,86745,86810,86401,350557
2026-03-20 9:30,86835,86700,86850,86665,189293
2026-03-20 9:35,86680,86835,87009,86670,259393
2026-03-20 9:40,86899,86670,86954,86556,288239
2026-03-20 9:45,86817,86894,86894,86660,140253
2026-03-20 9:50,86820,86820,86825,86596,124905
2026-03-20 9:55,86675,86820,86835,86640,83535
2026-03-20 10:00,86775,86675,86825,86640,150584
2026-03-20 10:05,87088,86745,87103,86725,239175
2026-03-20 10:10,87059,87088,87108,86999,90551
2026-03-20 10:15,86979,87049,87138,86815,294019
2026-03-20 10:20,86790,86979,87019,86635,265146
2026-03-20 10:25,86725,86795,86899,86675,120243
2026-03-20 10:30,86914,86720,86924,86675,95823
2026-03-20 10:35,87098,86914,87203,86884,218742
2026-03-20 10:40,87298,87098,87332,87098,159594
2026-03-20 10:45,87243,87283,87312,87183,111293
2026-03-20 10:50,86864,87233,87243,86845,199446
2026-03-20 10:55,86680,86850,86899,86645,196512
2026-03-20 11:00,86740,86685,86815,86601,243398
2026-03-20 11:05,86650,86745,86765,86566,149013
2026-03-20 11:10,86695,86650,86720,86596,123509
2026-03-20 11:15,86621,86695,86760,86593,116297
2026-03-20 11:20,86680,86621,86695,86586,68383
2026-03-20 11:25,86665,86680,86690,86616,82525
2026-03-20 11:30,86571,86685,86765,86561,143227
2026-03-20 11:35,86635,86571,86750,86566,125356
2026-03-20 11:40,86765,86640,86765,86586,120097
2026-03-20 11:45,86770,86770,86864,86735,130899
2026-03-20 11:50,86830,86775,86889,86750,99582
2026-03-20 11:55,86850,86830,86914,86795,93638
2026-03-20 12:00,86725,86845,86859,86725,94502
2026-03-20 12:05,86760,86745,86825,86690,60755
2026-03-20 12:10,86904,86755,86909,86745,117286
2026-03-20 12:15,86889,86909,86939,86859,78956
2026-03-20 12:20,86934,86884,86954,86874,74986
2026-03-20 12:25,86954,86939,87049,86919,99233
2026-03-20 12:30,86944,86954,86999,86785,119386
2026-03-20 12:35,86805,86944,86949,86785,64695
2026-03-20 12:40,86655,86805,86815,86625,99258
2026-03-20 12:45,86640,86655,86740,86635,108189
2026-03-20 12:50,86730,86635,86760,86630,67419
2026-03-20 12:55,86720,86730,86735,86640,156580
2026-03-20 13:00,86765,86720,86775,86650,81803
2026-03-20 13:05,86805,86760,86909,86715,138979
2026-03-20 13:10,86635,86800,86805,86635,122696
2026-03-20 13:15,86665,86630,86705,86616,62099
2026-03-20 13:20,86561,86655,86665,86531,139627
2026-03-20 13:25,86526,86561,86566,86476,100369
2026-03-20 13:30,86546,86521,86606,86481,83977
2026-03-20 13:35,86551,86556,86566,86496,90499
2026-03-20 13:40,86501,86556,86591,86466,76005
2026-03-20 13:45,86446,86501,86566,86406,134965
2026-03-20 13:50,86461,86446,86511,86367,106075
2026-03-20 13:55,86476,86461,86546,86426,68537
2026-03-20 14:00,86227,86481,86481,86219,148983
2026-03-20 14:05,86262,86227,86372,86173,180899
2026-03-20 14:10,86173,86257,86267,86143,159588
2026-03-20 14:15,86426,86173,86426,86123,156890
2026-03-20 14:20,86332,86421,86446,86262,136187
2026-03-20 14:25,86377,86332,86406,86292,72844
2026-03-20 14:30,86640,86382,86645,86367,195040
2026-03-20 14:35,86501,86645,86645,86406,180148
2026-03-20 14:40,86406,86496,86536,86406,104950
2026-03-20 14:45,86541,86406,86596,86401,93588
2026-03-20 14:50,86586,86541,86630,86531,95846
2026-03-20 14:55,86536,86596,86621,86486,130773
2026-03-20 15:00,86476,86536,86551,86456,92230
2026-03-20 15:05,86705,86471,86705,86456,139879
2026-03-20 15:10,86596,86695,86790,86591,181706
2026-03-20 15:15,86616,86591,86630,86526,160308
2026-03-20 15:20,86456,86611,86616,86446,203005
2026-03-23 9:00,82753,82797,82992,82733,339427
2026-03-23 9:05,81986,82763,82947,81986,1388676
2026-03-23 9:10,81857,81991,82280,81807,1199490
2026-03-23 9:15,82155,81857,82349,81842,697390
2026-03-23 9:20,82399,82155,82459,81867,589962
2026-03-23 9:25,81956,82394,82469,81892,568290
2026-03-23 9:30,81772,81956,82036,81727,717829
2026-03-23 9:35,81508,81772,81857,81488,672422
2026-03-23 9:40,81488,81528,81677,81354,292117
2026-03-23 9:45,81354,81473,81528,81344,344125
2026-03-23 9:50,80991,81344,81374,80961,734151
2026-03-23 9:55,80528,80991,81050,80528,814030
2026-03-23 10:00,80368,80533,80692,80299,632787
2026-03-23 10:05,80667,80388,80677,80309,544810
2026-03-23 10:10,81100,80657,81135,80637,588145
2026-03-23 10:15,81294,81100,81299,80995,394798
2026-03-23 10:20,81523,81299,81568,81145,557644
2026-03-23 10:25,81663,81523,81712,81444,464397
2026-03-23 10:30,81518,81677,81787,81503,474552
2026-03-23 10:35,81528,81518,81906,81424,522900
2026-03-23 10:40,82150,81528,82250,81468,752700
2026-03-23 10:45,81931,82170,82250,81906,401500
2026-03-23 10:50,81807,81931,82135,81767,501924
2026-03-23 10:55,81986,81832,82001,81742,352115
2026-03-23 11:00,81906,81971,82006,81747,246739
2026-03-23 11:05,81971,81892,82036,81827,310066
2026-03-23 11:10,82036,81976,82200,81916,264513
2026-03-23 11:15,81508,82036,82046,81473,588118
2026-03-23 11:20,81777,81493,81817,81439,276697
2026-03-23 11:25,82036,81792,82106,81727,135825
2026-03-23 11:30,81747,82036,82210,81692,279024
2026-03-23 11:35,81548,81737,81802,81523,211426
2026-03-23 11:40,81269,81548,81668,81219,451457
2026-03-23 11:45,81269,81264,81369,81150,188147
2026-03-23 11:50,81284,81264,81354,81160,106215
2026-03-23 11:55,81224,81271,81271,81060,190238
2026-03-23 12:00,81319,81229,81389,81195,184818
2026-03-23 12:05,81110,81319,81409,81090,237129
2026-03-23 12:10,81145,81110,81349,81100,153588
2026-03-23 12:15,80961,81140,81165,80916,394647
2026-03-23 12:20,81080,80961,81135,80886,254416
2026-03-23 12:25,81160,81065,81175,81005,106595
2026-03-23 12:30,81065,81160,81205,80981,125502
2026-03-23 12:35,81155,81065,81160,80981,202273
2026-03-23 12:40,81090,81135,81259,81055,204003
2026-03-23 12:45,81130,81090,81175,81005,438845
2026-03-23 12:50,80941,81125,81229,80911,195639
2026-03-23 12:55,80871,80946,81060,80831,200646
2026-03-23 13:00,80901,80881,80971,80786,253139
2026-03-23 13:05,80791,80906,80911,80687,182188
2026-03-23 13:10,80911,80791,80961,80757,119553
2026-03-23 13:15,81040,80911,81050,80846,88250
2026-03-23 13:20,81080,81030,81155,80986,122586
2026-03-23 13:25,81254,81080,81329,81070,98771
2026-03-23 13:30,81140,81249,81334,81110,112587
2026-03-23 13:35,81155,81140,81224,81085,84704
2026-03-23 13:40,81050,81150,81170,81020,278446
2026-03-23 13:45,80995,81045,81145,80991,82456
2026-03-23 13:50,81015,80991,81065,80931,108024
2026-03-23 13:55,81120,81015,81180,80981,194425
2026-03-23 14:00,81279,81130,81309,81120,155460
2026-03-23 14:05,81473,81284,81478,81249,180427
2026-03-23 14:10,81304,81473,81603,81299,153771
2026-03-23 14:15,81429,81304,81473,81304,181325
2026-03-23 14:20,81155,81429,81483,81150,189626
2026-03-23 14:25,80901,81160,81190,80896,250522
2026-03-23 14:30,80936,80901,81145,80881,407587
2026-03-23 14:35,80916,80936,80946,80801,392161
2026-03-23 14:40,80906,80921,81095,80856,355048
2026-03-23 14:45,80592,80896,80946,80587,605696
2026-03-23 14:50,80478,80592,80617,80453,524106
2026-03-23 14:55,80547,80478,80577,80403,512083
2026-03-23 15:00,80538,80533,80677,80493,505842
2026-03-23 15:05,80413,80533,80582,80408,427632
2026-03-23 15:10,80373,80413,80488,80348,514577
2026-03-23 15:15,80443,80373,80528,80299,585978
2026-03-23 15:20,80513,80453,80542,80318,459380
2026-03-24 9:00,84296,84361,84445,84176,362506
2026-03-24 9:05,83639,84281,84291,83385,932785
2026-03-24 9:10,83778,83634,83803,83335,614785
2026-03-24 9:15,83539,83778,83823,83430,623012
2026-03-24 9:20,83460,83549,83599,83136,499424
2026-03-24 9:25,83843,83440,83878,83430,376701
2026-03-24 9:30,83599,83843,83937,83529,429078
2026-03-24 9:35,83051,83589,83629,83012,448403
2026-03-24 9:40,82768,83041,83136,82444,389568
2026-03-24 9:45,82673,82753,82832,82519,338691
2026-03-24 9:50,82524,82683,82907,82474,305104
2026-03-24 9:55,82573,82534,82753,82489,169104
2026-03-24 10:00,82170,82578,82588,82170,277960
2026-03-24 10:05,82081,82185,82260,82016,248673
2026-03-24 10:10,81956,82081,82106,81782,198127
2026-03-24 10:15,81593,81941,82061,81568,241184
2026-03-24 10:20,82031,81583,82066,81309,442737
2026-03-24 10:25,82250,82051,82300,81971,414426
2026-03-24 10:30,82086,82265,82479,81981,405049
2026-03-24 10:35,81986,82091,82116,81772,229434
2026-03-24 10:40,81563,81986,81986,81488,310306
2026-03-24 10:45,81105,81563,81563,81095,351591
2026-03-24 10:50,81065,81105,81180,80906,338731
2026-03-24 10:55,80717,81065,81095,80647,513521
2026-03-24 11:00,80692,80712,80906,80533,317163
2026-03-24 11:05,80986,80682,81264,80657,463747
2026-03-24 11:10,80846,80971,81304,80771,367887
2026-03-24 11:15,81050,80836,81120,80617,340987
2026-03-24 11:20,81478,81030,81518,80946,242870
2026-03-24 11:25,81722,81483,81752,81429,144147
2026-03-24 11:30,81672,81732,81732,81379,146766
2026-03-24 11:35,81906,81682,81906,81598,133062
2026-03-24 11:40,81747,81906,82056,81722,157501
2026-03-24 11:45,82160,81752,82175,81737,191610
2026-03-24 11:50,81961,82175,82330,81887,190660
2026-03-24 11:55,81877,81921,81991,81747,130405
2026-03-24 12:00,81782,81857,81956,81643,95756
2026-03-24 12:05,82001,81757,82056,81742,82231
2026-03-24 12:10,82220,82001,82220,81901,131796
2026-03-24 12:15,82130,82225,82225,81951,142910
2026-03-24 12:20,82384,82120,82389,82111,132585
2026-03-24 12:25,82429,82379,82603,82359,186304
2026-03-24 12:30,82519,82414,82708,82354,213881
2026-03-24 12:35,82210,82524,82539,82175,277131
2026-03-24 12:40,82688,82210,82688,82135,170058
2026-03-24 12:45,82763,82688,82832,82653,184035
2026-03-24 12:50,82529,82753,82822,82514,117875
2026-03-24 12:55,82539,82529,82593,82384,189459
2026-03-24 13:00,82812,82534,82822,82524,162168
2026-03-24 13:05,82957,82797,82977,82763,219455
2026-03-24 13:10,82847,82962,82962,82693,198006
2026-03-24 13:15,82748,82857,82857,82678,184540
2026-03-24 13:20,82668,82758,82773,82534,161901
2026-03-24 13:25,82394,82678,82688,82364,266184
2026-03-24 13:30,82474,82394,82564,82330,208064
2026-03-24 13:35,82534,82479,82569,82280,170003
2026-03-24 13:40,82454,82529,82628,82404,143650
2026-03-24 13:45,82524,82434,82588,82429,133166
2026-03-24 13:50,82683,82534,82812,82484,311458
2026-03-24 13:55,83051,82683,83116,82663,360287
2026-03-24 14:00,82698,83051,83051,82678,157937
2026-03-24 14:05,82155,82703,82703,82150,341562
2026-03-24 14:10,82086,82160,82414,82066,140573
2026-03-24 14:15,82255,82096,82434,82071,113773
2026-03-24 14:20,82693,82245,83071,82235,375612
2026-03-24 14:25,82439,82700,82733,82250,160984
2026-03-24 14:30,82066,82459,82514,81986,139904
2026-03-24 14:35,82399,82061,82404,82056,200141
2026-03-24 14:40,82653,82384,82688,82295,130498
2026-03-24 14:45,82837,82663,82902,82633,100777
2026-03-24 14:50,82902,82849,83002,82822,186937
2026-03-24 14:55,82897,82912,82982,82713,133788
2026-03-24 15:00,82942,82897,82992,82802,180957
2026-03-24 15:05,83226,82942,83231,82917,353899
2026-03-24 15:10,83191,83226,83231,83071,240839
2026-03-24 15:15,83226,83196,83270,83086,492204
2026-03-24 15:20,83136,83255,83320,83111,353659
2026-03-25 9:00,84978,84923,85167,84898,240836
2026-03-25 9:05,85311,84978,85436,84893,465909
2026-03-25 9:10,85381,85331,85401,85112,366413
2026-03-25 9:15,85720,85391,85809,85376,435142
2026-03-25 9:20,85321,85720,85739,85321,432214
2026-03-25 9:25,85396,85321,85461,85107,329851
2026-03-25 9:30,85500,85396,85620,85262,526500
2026-03-25 9:35,85799,85505,85869,85481,421381
2026-03-25 9:40,85670,85799,85889,85645,211130
2026-03-25 9:45,85889,85680,85889,85635,239048
2026-03-25 9:50,85834,85884,85939,85729,212486
2026-03-25 9:55,85824,85834,85889,85620,223526
2026-03-25 10:00,85919,85809,85978,85809,209593
2026-03-25 10:05,85949,85919,86008,85779,206984
2026-03-25 10:10,85988,85939,85988,85702,167582
2026-03-25 10:15,85824,85988,86073,85794,177586
2026-03-25 10:20,85909,85834,85909,85734,136624
2026-03-25 10:25,85844,85904,86013,85819,138311
2026-03-25 10:30,85879,85849,85914,85724,117073
2026-03-25 10:35,85849,85884,85909,85625,129224
2026-03-25 10:40,85849,85859,86028,85786,174239
2026-03-25 10:45,85779,85846,85968,85724,98451
2026-03-25 10:50,85794,85776,85839,85707,99367
2026-03-25 10:55,85854,85794,85869,85754,70265
2026-03-25 11:00,85351,85849,85909,85331,216839
2026-03-25 11:05,85232,85351,85471,85132,366145
2026-03-25 11:10,85082,85222,85371,85062,297058
2026-03-25 11:15,85018,85087,85127,84868,249971
2026-03-25 11:20,85052,85028,85092,84828,234587
2026-03-25 11:25,85172,85052,85286,85018,189125
2026-03-25 11:30,85102,85172,85257,85057,91531
2026-03-25 11:35,85077,85102,85152,84988,94092
2026-03-25 11:40,84993,85064,85212,84938,94785
2026-03-25 11:45,85013,85003,85052,84903,83611
2026-03-25 11:50,84789,85013,85052,84724,157674
2026-03-25 11:55,84560,84789,84814,84540,137336
2026-03-25 12:00,84495,84560,84669,84380,191053
2026-03-25 12:05,84624,84495,84654,84405,227958
2026-03-25 12:10,84590,84624,84789,84572,126541
2026-03-25 12:15,84231,84582,84631,84206,205847
2026-03-25 12:20,84430,84231,84510,84191,201952
2026-03-25 12:25,84520,84427,84580,84341,153766
2026-03-25 12:30,84470,84515,84525,84366,91694
2026-03-25 12:35,84515,84470,84550,84336,84087
2026-03-25 12:40,84380,84517,84599,84341,129445
2026-03-25 12:45,84351,84377,84440,84261,80661
2026-03-25 12:50,84435,84356,84437,84251,103649
2026-03-25 12:55,84505,84435,84644,84435,135538
2026-03-25 13:00,84500,84502,84570,84455,61278
2026-03-25 13:05,84405,84500,84545,84326,94140
2026-03-25 13:10,84560,84395,84599,84351,114571
2026-03-25 13:15,84420,84545,84649,84410,159444
2026-03-25 13:20,84599,84420,84644,84420,117775
2026-03-25 13:25,84724,84595,84764,84560,89279
2026-03-25 13:30,84814,84724,84833,84664,97411
2026-03-25 13:35,84739,84814,84853,84649,120509
2026-03-25 13:40,84799,84734,84888,84674,132682
2026-03-25 13:45,84689,84799,84918,84679,151941
2026-03-25 13:50,84634,84686,84749,84609,117386
2026-03-25 13:55,84724,84634,84779,84624,193178
2026-03-25 14:00,84599,84729,84794,84595,107177
2026-03-25 14:05,84485,84595,84644,84480,143736
2026-03-25 14:10,84515,84480,84624,84465,104176
2026-03-25 14:15,84490,84510,84525,84380,175293
2026-03-25 14:20,84390,84485,84515,84321,125389
2026-03-25 14:25,84450,84400,84555,84400,115188
2026-03-25 14:30,84102,84450,84495,84082,344590
2026-03-25 14:35,84002,84102,84266,83927,215842
2026-03-25 14:40,84346,84002,84415,83997,258420
2026-03-25 14:45,84316,84351,84395,84211,189194
2026-03-25 14:50,84316,84311,84525,84261,212358
2026-03-25 14:55,84226,84311,84430,84151,112510
2026-03-25 15:00,84291,84226,84306,84117,74035
2026-03-25 15:05,84246,84291,84321,84186,78550
2026-03-25 15:10,84087,84246,84326,84052,96621
2026-03-25 15:15,84226,84092,84271,84087,86614
2026-03-25 15:20,84226,84221,84321,84171,108207
2026-03-26 9:00,83340,83231,83395,83231,118654
2026-03-26 9:05,82807,83340,83360,82489,490250
2026-03-26 9:10,82733,82827,82987,82598,294821
2026-03-26 9:15,82678,82733,82778,82469,330865
2026-03-26 9:20,83098,82653,83128,82573,240197
2026-03-26 9:25,83002,83106,83320,82982,191027
2026-03-26 9:30,82882,83002,83071,82715,185760
2026-03-26 9:35,82947,82897,83136,82854,150433
2026-03-26 9:40,82832,82957,83101,82733,193721
2026-03-26 9:45,82653,82822,82892,82643,112568
2026-03-26 9:50,82710,82648,82867,82600,171030
2026-03-26 9:55,82613,82723,82733,82546,103052
2026-03-26 10:00,82912,82613,82942,82603,173893
2026-03-26 10:05,82768,82917,83083,82758,197249
2026-03-26 10:10,82748,82763,82822,82663,114506
2026-03-26 10:15,82544,82748,82758,82529,160187
2026-03-26 10:20,82529,82544,82608,82414,172073
2026-03-26 10:25,82593,82524,82743,82489,147529
2026-03-26 10:30,82663,82598,82663,82414,178612
2026-03-26 10:35,82643,82663,82773,82618,121624
2026-03-26 10:40,82603,82643,82668,82519,66769
2026-03-26 10:45,82499,82603,82718,82469,76641
2026-03-26 10:50,82409,82494,82554,82404,86126
2026-03-26 10:55,82285,82419,82439,82170,196120
2026-03-26 11:00,82429,82285,82489,82205,209740
2026-03-26 11:05,82359,82424,82564,82340,133802
2026-03-26 11:10,82016,82354,82359,82016,143317
2026-03-26 11:15,81802,82016,82135,81782,156103
2026-03-26 11:20,81787,81797,81847,81608,252910
2026-03-26 11:25,81593,81787,81842,81483,214675
2026-03-26 11:30,81269,81588,81653,81254,191422
2026-03-26 11:35,81195,81264,81334,81030,326606
2026-03-26 11:40,81135,81205,81309,81055,213807
2026-03-26 11:45,81369,81135,81419,81130,193880
2026-03-26 11:50,81299,81364,81453,81219,138214
2026-03-26 11:55,81314,81299,81374,81229,97182
2026-03-26 12:00,81229,81309,81309,81180,108993
2026-03-26 12:05,81339,81224,81448,81205,127649
2026-03-26 12:10,81269,81349,81409,81160,145045
2026-03-26 12:15,81478,81274,81528,81229,270025
2026-03-26 12:20,81309,81473,81473,81249,205131
2026-03-26 12:25,81523,81314,81538,81259,87182
2026-03-26 12:30,81722,81513,81727,81458,177473
2026-03-26 12:35,82106,81722,82106,81692,316976
2026-03-26 12:40,82177,82106,82275,82011,180236
2026-03-26 12:45,82200,82177,82270,82036,199908
2026-03-26 12:50,82071,82195,82215,81993,154650
2026-03-26 12:55,82071,82071,82145,81981,120081
2026-03-26 13:00,82155,82076,82225,81986,132637
2026-03-26 13:05,82150,82170,82300,82066,220337
2026-03-26 13:10,82424,82150,82499,82125,176740
2026-03-26 13:15,82469,82419,82504,82325,146841
2026-03-26 13:20,82275,82469,82494,82210,136625
2026-03-26 13:25,82534,82280,82554,82280,141369
2026-03-26 13:30,82335,82534,82534,82290,117080
2026-03-26 13:35,81956,82335,82345,81951,118860
2026-03-26 13:40,82066,81956,82130,81931,187883
2026-03-26 13:45,82056,82056,82111,81966,182863
2026-03-26 13:50,81961,82056,82125,81951,316552
2026-03-26 13:55,81797,81971,81991,81772,212730
2026-03-26 14:00,81847,81802,81887,81668,181165
2026-03-26 14:05,81837,81862,81951,81817,209604
2026-03-26 14:10,81638,81837,81872,81608,296723
2026-03-26 14:15,81618,81638,81672,81503,173291
2026-03-26 14:20,81548,81613,81638,81528,140908
2026-03-26 14:25,81369,81543,81583,81349,228989
2026-03-26 14:30,81319,81374,81399,81279,133932
2026-03-26 14:35,81404,81309,81414,81210,137195
2026-03-26 14:40,81309,81409,81434,81224,109747
2026-03-26 14:45,81160,81309,81444,81150,165680
2026-03-26 14:50,81050,81160,81219,81040,278612
2026-03-26 14:55,81045,81050,81130,80926,272036
2026-03-26 15:00,80971,81040,81115,80961,218564
2026-03-26 15:05,80966,80966,81120,80861,364353
2026-03-26 15:10,80896,80956,81020,80871,475013
2026-03-26 15:15,81035,80896,81035,80886,293445
2026-03-26 15:20,81025,81035,81070,80936,300563
2026-03-27 9:00,78546,78536,78671,78357,281354
2026-03-27 9:05,78656,78546,78820,78317,502493
2026-03-27 9:10,78332,78666,78780,78283,421344
2026-03-27 9:15,78044,78332,78337,77939,425328
2026-03-27 9:20,78248,78039,78268,77839,338481
2026-03-27 9:25,78009,78253,78437,77889,370608
2026-03-27 9:30,78283,78014,78322,77884,427128
2026-03-27 9:35,77984,78283,78342,77944,295236
2026-03-27 9:40,77994,77989,78103,77904,160383
2026-03-27 9:45,77700,77994,78014,77630,636860
2026-03-27 9:50,77546,77705,77810,77521,264929
2026-03-27 9:55,77576,77546,77660,77396,244559
2026-03-27 10:00,77571,77581,77675,77436,238144
2026-03-27 10:05,77964,77586,78039,77531,348110
2026-03-27 10:10,78302,77969,78302,77894,236343
2026-03-27 10:15,78531,78297,78561,78233,258921
2026-03-27 10:20,78551,78521,78656,78397,216079
2026-03-27 10:25,78626,78546,78736,78512,163800
2026-03-27 10:30,78820,78626,78890,78546,150538
2026-03-27 10:35,78870,78820,78989,78795,162025
2026-03-27 10:40,78805,78870,78925,78651,170541
2026-03-27 10:45,78740,78800,78950,78721,109141
2026-03-27 10:50,78656,78731,78805,78601,122870
2026-03-27 10:55,78651,78641,78726,78472,142796
2026-03-27 11:00,79144,78656,79169,78591,123894
2026-03-27 11:05,78999,79139,79154,78955,199670
2026-03-27 11:10,78701,79024,79034,78651,256045
2026-03-27 11:15,78477,78701,78740,78427,221766
2026-03-27 11:20,78377,78477,78497,78243,139131
2026-03-27 11:25,78357,78387,78442,78260,74462
2026-03-27 11:30,78536,78357,78546,78283,100855
2026-03-27 11:35,78676,78536,78830,78482,117741
2026-03-27 11:40,78845,78691,78890,78611,108365
2026-03-27 11:45,78969,78845,78979,78740,96229
2026-03-27 11:50,78835,78969,79019,78736,113646
2026-03-27 11:55,79029,78835,79049,78820,98228
2026-03-27 12:00,78855,79034,79034,78805,129322
2026-03-27 12:05,78765,78860,79024,78740,198095
2026-03-27 12:10,78837,78760,78920,78676,135861
2026-03-27 12:15,78750,78837,79004,78731,128749
2026-03-27 12:20,78726,78745,78830,78661,74488
2026-03-27 12:25,78596,78726,78726,78556,94569
2026-03-27 12:30,78785,78591,78840,78502,175505
2026-03-27 12:35,79049,78785,79129,78740,190368
2026-03-27 12:40,79303,79049,79388,79004,221196
2026-03-27 12:45,79303,79298,79417,79243,193782
2026-03-27 12:50,79368,79303,79452,79233,202173
2026-03-27 12:55,79671,79373,79671,79368,196296
2026-03-27 13:00,79592,79671,79746,79587,170019
2026-03-27 13:05,79592,79597,79711,79502,150165
2026-03-27 13:10,79716,79597,79721,79472,168370
2026-03-27 13:15,79622,79711,79866,79522,237110
2026-03-27 13:20,79985,79627,79985,79627,149373
2026-03-27 13:25,79791,79950,80010,79771,191563
2026-03-27 13:30,79955,79781,79990,79761,127474
2026-03-27 13:35,80075,79945,80239,79895,176249
2026-03-27 13:40,80264,80075,80328,80025,224812
2026-03-27 13:45,80448,80264,80453,80129,196192
2026-03-27 13:50,80323,80448,80468,80244,174906
2026-03-27 13:55,80433,80314,80448,80184,198825
2026-03-27 14:00,80617,80443,80677,80378,198789
2026-03-27 14:05,80791,80622,80811,80612,225505
2026-03-27 14:10,81045,80776,81080,80762,157924
2026-03-27 14:15,81090,81040,81185,80921,151830
2026-03-27 14:20,80876,81095,81145,80851,155706
2026-03-27 14:25,80667,80881,81095,80667,262229
2026-03-27 14:30,80995,80672,80995,80632,131860
2026-03-27 14:35,80881,80991,80991,80722,125690
2026-03-27 14:40,81060,80871,81180,80727,130464
2026-03-27 14:45,80831,81045,81090,80697,109803
2026-03-27 14:50,80866,80821,80966,80697,79800
2026-03-27 14:55,80786,80871,80881,80727,83012
2026-03-27 15:00,80572,80788,80866,80513,217951
2026-03-27 15:05,80562,80577,80582,80318,126997
2026-03-27 15:10,80562,80552,80587,80289,95276
2026-03-27 15:15,80542,80552,80562,80368,70554
2026-03-27 15:20,80627,80528,80717,80473,99888
2026-03-30 9:00,76774,76983,76983,76565,311844
2026-03-30 9:05,77043,76794,77128,76366,494058
2026-03-30 9:10,77237,77053,77347,76884,359361
2026-03-30 9:15,77212,77232,77406,77172,271651
2026-03-30 9:20,77964,77217,78009,77073,508686
2026-03-30 9:25,77785,77969,78004,77615,452999
2026-03-30 9:30,77521,77780,78034,77426,390761
2026-03-30 9:35,77611,77521,77984,77396,331511
2026-03-30 9:40,77197,77606,77640,77177,278219
2026-03-30 9:45,77426,77217,77591,77182,197117
2026-03-30 9:50,77287,77426,77606,77222,264992
2026-03-30 9:55,77078,77287,77387,77063,343556
2026-03-30 10:00,77561,77083,77571,77043,415907
2026-03-30 10:05,77387,77561,77715,77252,305593
2026-03-30 10:10,77406,77387,77456,77163,236796
2026-03-30 10:15,77277,77406,77655,77197,250213
2026-03-30 10:20,77247,77282,77451,77167,176330
2026-03-30 10:25,77237,77247,77332,77073,214843
2026-03-30 10:30,77252,77237,77307,77038,212283
2026-03-30 10:35,77909,77222,77984,77192,276367
2026-03-30 10:40,77969,77909,78054,77740,216868
2026-03-30 10:45,78317,77979,78442,77959,330294
2026-03-30 10:50,78278,78322,78492,78278,209480
2026-03-30 10:55,78068,78278,78352,77974,319029
2026-03-30 11:00,78123,78044,78163,77934,226971
2026-03-30 11:05,77844,78113,78123,77765,154798
2026-03-30 11:10,77934,77849,77979,77735,142751
2026-03-30 11:15,77974,77929,78163,77894,173734
2026-03-30 11:20,77536,77974,77999,77506,192653
2026-03-30 11:25,77566,77541,77635,77476,124922
2026-03-30 11:30,77486,77556,77561,77347,177753
2026-03-30 11:35,77406,77481,77571,77347,174172
2026-03-30 11:40,77556,77406,77556,77387,151853
2026-03-30 11:45,77844,77556,77849,77506,151369
2026-03-30 11:50,78093,77844,78143,77815,224778
2026-03-30 11:55,77929,78103,78203,77894,228781
2026-03-30 12:00,78064,77944,78064,77849,152028
2026-03-30 12:05,78054,78054,78098,77914,149331
2026-03-30 12:10,78507,78054,78536,78044,253509
2026-03-30 12:15,78447,78507,78512,78332,154644
2026-03-30 12:20,78671,78442,78696,78377,168516
2026-03-30 12:25,78760,78676,78770,78546,226816
2026-03-30 12:30,78427,78765,78800,78407,246937
2026-03-30 12:35,78437,78432,78546,78382,327371
2026-03-30 12:40,78536,78432,78566,78337,156202
2026-03-30 12:45,78561,78531,78740,78526,177628
2026-03-30 12:50,78711,78561,78716,78472,167730
2026-03-30 12:55,78377,78716,78716,78367,159747
2026-03-30 13:00,78452,78367,78541,78278,166279
2026-03-30 13:05,78297,78432,78561,78168,200842
2026-03-30 13:10,78447,78312,78646,78307,223694
2026-03-30 13:15,78377,78442,78546,78248,224538
2026-03-30 13:20,78392,78367,78457,78292,147434
2026-03-30 13:25,78616,78392,78626,78367,144402
2026-03-30 13:30,78541,78626,78656,78462,147338
2026-03-30 13:35,78492,78531,78716,78472,177167
2026-03-30 13:40,78362,78497,78521,78317,239332
2026-03-30 13:45,78253,78367,78402,78198,177616
2026-03-30 13:50,78238,78248,78317,78178,128386
2026-03-30 13:55,78357,78238,78402,78173,173044
2026-03-30 14:00,78427,78357,78472,78292,215378
2026-03-30 14:05,78278,78442,78462,78193,108231
2026-03-30 14:10,78516,78283,78566,78238,143057
2026-03-30 14:15,78337,78512,78561,78297,126686
2026-03-30 14:20,78487,78347,78492,78337,62024
2026-03-30 14:25,78382,78472,78492,78307,108788
2026-03-30 14:30,78422,78387,78492,78342,106395
2026-03-30 14:35,78521,78407,78606,78372,105569
2026-03-30 14:40,78332,78526,78566,78292,127796
2026-03-30 14:45,78322,78337,78387,78268,61078
2026-03-30 14:50,78193,78322,78322,78125,188928
2026-03-30 14:55,78078,78193,78297,78068,98607
2026-03-30 15:00,78138,78078,78173,78054,69696
2026-03-30 15:05,78253,78138,78332,78083,145291
2026-03-30 15:10,78193,78253,78342,78153,94229
2026-03-30 15:15,78183,78198,78258,78143,180533
2026-03-30 15:20,78183,78183,78228,78133,216754
2026-03-31 9:00,76132,75948,76157,75938,255277
2026-03-31 9:05,75908,76157,76242,75873,563472
2026-03-31 9:10,75395,75908,75993,75395,420494
2026-03-31 9:15,75077,75395,75405,75072,437998
2026-03-31 9:20,75102,75077,75365,74888,499488
2026-03-31 9:25,75077,75107,75171,74838,434404
2026-03-31 9:30,75331,75072,75430,75072,456652
2026-03-31 9:35,75122,75321,75341,74893,377089
2026-03-31 9:40,75201,75132,75435,75027,525340
2026-03-31 9:45,76306,75191,76306,75027,543974
2026-03-31 9:50,76590,76296,76705,76252,786028
2026-03-31 9:55,76296,76565,76675,76262,350517
2026-03-31 10:00,76137,76296,76451,76082,315907
2026-03-31 10:05,75948,76167,76700,75883,420046
2026-03-31 10:10,75570,75973,75983,75515,266900
2026-03-31 10:15,76033,75570,76033,75500,267478
2026-03-31 10:20,75978,76033,76107,75689,240910
2026-03-31 10:25,76182,76003,76436,75938,402104
2026-03-31 10:30,76471,76192,76510,76122,552267
2026-03-31 10:35,76849,76456,76958,76456,516957
2026-03-31 10:40,77113,76829,77197,76829,406140
2026-03-31 10:45,77322,77098,77322,77053,409088
2026-03-31 10:50,77073,77322,77332,76973,403060
2026-03-31 10:55,77476,77063,77730,77063,324902
2026-03-31 11:00,77242,77481,77551,77167,334712
2026-03-31 11:05,77187,77247,77292,76988,207209
2026-03-31 11:10,77078,77163,77342,76958,169990
2026-03-31 11:15,76983,77073,77182,76929,173597
2026-03-31 11:20,76924,76978,77158,76874,197978
2026-03-31 11:25,76819,76914,77163,76809,171947
2026-03-31 11:30,76744,76824,76938,76710,158437
2026-03-31 11:35,76789,76744,76824,76615,159664
2026-03-31 11:40,76695,76769,76924,76685,137979
2026-03-31 11:45,76550,76680,76690,76486,157692
2026-03-31 11:50,76834,76550,76844,76481,144100
2026-03-31 11:55,76824,76829,77088,76734,264739
2026-03-31 12:00,76640,76834,76874,76605,123778
2026-03-31 12:05,76894,76650,76899,76605,104207
2026-03-31 12:10,77153,76894,77182,76879,219062
2026-03-31 12:15,76978,77163,77192,76970,154437
2026-03-31 12:20,76744,76968,76978,76705,156442
2026-03-31 12:25,76555,76744,76814,76525,202594
2026-03-31 12:30,76376,76560,76605,76356,155877
2026-03-31 12:35,76013,76371,76371,75998,261758
2026-03-31 12:40,75963,76013,76097,75913,273972
2026-03-31 12:45,75789,75963,75963,75764,172266
2026-03-31 12:50,75903,75789,75923,75634,237218
2026-03-31 12:55,75684,75888,75898,75654,176537
2026-03-31 13:00,75624,75694,75843,75555,201866
2026-03-31 13:05,75589,75619,75694,75470,152473
2026-03-31 13:10,75604,75594,75724,75425,206487
2026-03-31 13:15,75465,75589,75649,75460,133515
2026-03-31 13:20,75784,75470,75838,75425,212025
2026-03-31 13:25,75475,75784,75784,75445,202010
2026-03-31 13:30,75714,75475,75714,75470,188047
2026-03-31 13:35,75684,75714,75878,75609,188909
2026-03-31 13:40,75527,75681,75888,75505,182290
2026-03-31 13:45,75774,75535,75853,75520,205047
2026-03-31 13:50,75604,75774,75804,75500,208409
2026-03-31 13:55,75405,75614,75669,75385,259763
2026-03-31 14:00,75589,75405,75634,75281,266221
2026-03-31 14:05,75550,75585,75669,75465,255362
2026-03-31 14:10,75480,75545,75614,75380,263051
2026-03-31 14:15,75102,75480,75565,75027,376851
2026-03-31 14:20,75495,75102,75515,75072,400805
2026-03-31 14:25,75769,75505,75804,75435,508859
2026-03-31 14:30,75555,75764,75918,75525,231813
2026-03-31 14:35,75684,75555,75739,75455,201208
2026-03-31 14:40,75694,75664,75794,75565,229680
2026-03-31 14:45,75754,75684,75843,75535,243537
2026-03-31 14:50,75933,75754,75943,75629,238132
2026-03-31 14:55,75823,75928,75978,75749,197564
2026-03-31 15:00,75594,75823,75853,75565,199151
2026-03-31 15:05,75221,75594,75599,75201,255201
2026-03-31 15:10,74922,75221,75226,74893,257696
2026-03-31 15:15,74912,74922,74972,74778,344021
2026-03-31 15:20,74878,74903,74972,74838,480198
2026-04-01 9:00,79238,79582,79641,79213,387122
2026-04-01 9:05,78755,79253,79403,78651,863547
2026-04-01 9:10,78576,78736,78979,78536,509466
2026-04-01 9:15,78950,78581,79024,78551,853370
2026-04-01 9:20,78885,78950,78979,78651,410196
2026-04-01 9:25,78900,78877,78925,78686,252529
2026-04-01 9:30,79159,78900,79198,78840,462024
2026-04-01 9:35,79363,79159,79363,78974,299164
2026-04-01 9:40,79447,79363,79447,79223,181101
2026-04-01 9:45,79348,79442,79522,79333,190018
2026-04-01 9:50,79398,79348,79413,79283,159931
2026-04-01 9:55,79378,79383,79472,79283,141498
2026-04-01 10:00,79333,79373,79427,79233,483304
2026-04-01 10:05,78850,79313,79363,78835,204812
2026-04-01 10:10,79198,78860,79213,78681,211020
2026-04-01 10:15,79432,79203,79487,79169,196946
2026-04-01 10:20,79681,79452,79706,79343,370680
2026-04-01 10:25,79816,79676,79836,79582,267030
2026-04-01 10:30,80169,79816,80189,79816,266285
2026-04-01 10:35,80020,80164,80174,79960,241490
2026-04-01 10:40,80099,80010,80124,79945,136080
2026-04-01 10:45,79940,80099,80124,79885,176075
2026-04-01 10:50,80060,79940,80109,79937,119489
2026-04-01 10:55,80055,80055,80099,79990,173430
2026-04-01 11:00,80045,80040,80114,79935,168952
2026-04-01 11:05,80164,80045,80169,80020,152805
2026-04-01 11:10,80010,80164,80209,79995,256182
2026-04-01 11:15,80169,80010,80194,79935,128550
2026-04-01 11:20,80338,80169,80338,80139,166202
2026-04-01 11:25,80348,80333,80503,80284,347772
2026-04-01 11:30,80328,80358,80408,80204,105507
2026-04-01 11:35,80189,80328,80373,80129,286965
2026-04-01 11:40,80284,80199,80378,80199,228928
2026-04-01 11:45,80423,80284,80433,80259,152531
2026-04-01 11:50,80353,80413,80438,80323,142019
2026-04-01 11:55,80388,80353,80443,80333,101123
2026-04-01 12:00,80368,80393,80418,80299,94204
2026-04-01 12:05,80403,80378,80458,80363,107439
2026-04-01 12:10,80483,80393,80488,80373,72382
2026-04-01 12:15,80408,80488,80518,80388,89191
2026-04-01 12:20,80547,80408,80557,80403,112867
2026-04-01 12:25,80528,80552,80612,80478,74266
2026-04-01 12:30,80757,80513,80757,80508,173961
2026-04-01 12:35,80816,80747,80931,80747,235141
2026-04-01 12:40,80727,80811,80836,80717,101696
2026-04-01 12:45,80791,80732,80801,80712,85069
2026-04-01 12:50,80757,80791,80841,80717,91641
2026-04-01 12:55,80747,80762,80771,80692,82167
2026-04-01 13:00,80732,80737,80776,80607,171917
2026-04-01 13:05,80722,80732,80826,80692,158930
2026-04-01 13:10,80776,80732,80821,80712,75161
2026-04-01 13:15,80891,80771,80906,80771,175987
2026-04-01 13:20,80976,80896,80986,80876,108087
2026-04-01 13:25,81035,80976,81040,80976,178068
2026-04-01 13:30,81224,81035,81259,81035,228685
2026-04-01 13:35,81394,81234,81401,81145,306259
2026-04-01 13:40,81409,81394,81439,81254,308691
2026-04-01 13:45,81409,81409,81439,81329,193612
2026-04-01 13:50,81618,81409,81638,81409,293444
2026-04-01 13:55,81518,81618,81722,81463,322479
2026-04-01 14:00,81533,81508,81583,81399,272283
2026-04-01 14:05,81643,81533,81653,81473,259459
2026-04-01 14:10,81672,81648,81782,81643,348667
2026-04-01 14:15,81802,81668,81941,81663,332193
2026-04-01 14:20,81971,81792,82036,81772,384823
2026-04-01 14:25,82101,81971,82116,81901,340503
2026-04-01 14:30,82086,82096,82150,82021,275643
2026-04-01 14:35,82260,82086,82265,82076,537074
2026-04-01 14:40,82250,82260,82280,82145,258705
2026-04-01 14:45,82325,82250,82330,82135,350175
2026-04-01 14:50,82330,82310,82444,82305,591623
2026-04-01 14:55,82135,82335,82364,82106,460478
2026-04-01 15:00,81986,82135,82150,81867,663418
2026-04-01 15:05,82016,81986,82175,81926,517908
2026-04-01 15:10,82061,82006,82096,81926,488589
2026-04-01 15:15,82101,82061,82185,82061,404088
2026-04-01 15:20,81931,82111,82145,81911,505260
2026-04-02 9:00,83046,82847,83061,82758,239977
2026-04-02 9:05,82812,83046,83385,82603,926350
2026-04-02 9:10,82603,82817,82817,82056,697026
2026-04-02 9:15,82588,82598,82633,82230,307554
2026-04-02 9:20,82598,82583,82902,82529,649769
2026-04-02 9:25,82539,82613,82668,82394,180058
2026-04-02 9:30,82394,82539,82738,82310,203200
2026-04-02 9:35,82250,82394,82499,82155,197548
2026-04-02 9:40,82106,82245,82305,81941,298002
2026-04-02 9:45,82509,82103,82588,81991,477850
2026-04-02 9:50,82439,82509,82623,82404,168110
2026-04-02 9:55,82573,82449,82708,82379,263555
2026-04-02 10:00,82703,82573,83126,82559,464662
2026-04-02 10:05,81926,82683,82917,81852,810798
2026-04-02 10:10,82867,81926,82887,81439,741699
2026-04-02 10:15,81827,82877,83061,81797,606064
2026-04-02 10:20,80692,81824,82096,80478,1038498
2026-04-02 10:25,79487,80692,81070,79348,1069459
2026-04-02 10:30,79487,79447,80259,79313,725992
2026-04-02 10:35,79726,79408,79791,79044,1189313
2026-04-02 10:40,79278,79718,79965,79223,961734
2026-04-02 10:45,78621,79298,79592,78601,450383
2026-04-02 10:50,79243,78651,79353,78302,668961
2026-04-02 10:55,79522,79238,79587,79074,691600
2026-04-02 11:00,79353,79542,79632,79164,734713
2026-04-02 11:05,78631,79358,79373,78571,434172
2026-04-02 11:10,78755,78616,79174,78516,749379
2026-04-02 11:15,78497,78755,78800,78288,367041
2026-04-02 11:20,78541,78487,78696,78312,296879
2026-04-02 11:25,78327,78551,78596,78178,165218
2026-04-02 11:30,78093,78337,78357,78044,214036
2026-04-02 11:35,78502,78073,78526,77825,293687
2026-04-02 11:40,78327,78487,78492,77929,255358
2026-04-02 11:45,78347,78322,78516,78253,242315
2026-04-02 11:50,78422,78332,78477,78273,127143
2026-04-02 11:55,78721,78422,78721,78352,218391
2026-04-02 12:00,78422,78721,78726,78402,159888
2026-04-02 12:05,78302,78422,78432,78098,182702
2026-04-02 12:10,78447,78292,78541,78278,70973
2026-04-02 12:15,78616,78437,78636,78412,111858
2026-04-02 12:20,78387,78616,78621,78337,166246
2026-04-02 12:25,78621,78372,78681,78357,82024
2026-04-02 12:30,78487,78621,78651,78407,86511
2026-04-02 12:35,78297,78492,78551,78233,122696
2026-04-02 12:40,77984,78297,78327,77864,207893
2026-04-02 12:45,78108,77994,78283,77949,131374
2026-04-02 12:50,77914,78118,78118,77835,344211
2026-04-02 12:55,77919,77914,77969,77805,187691
2026-04-02 13:00,78034,77909,78049,77800,179341
2026-04-02 13:05,77839,78034,78098,77825,255809
2026-04-02 13:10,78118,77859,78198,77725,357416
2026-04-02 13:15,78402,78123,78422,78039,158195
2026-04-02 13:20,78238,78402,78432,78138,204244
2026-04-02 13:25,78138,78233,78263,78113,111432
2026-04-02 13:30,78163,78138,78218,77949,221732
2026-04-02 13:35,78138,78153,78238,78073,126118
2026-04-02 13:40,78024,78128,78148,78004,109179
2026-04-02 13:45,78098,78034,78153,77999,96895
2026-04-02 13:50,78064,78088,78138,77939,170173
2026-04-02 13:55,77854,78068,78068,77839,133141
2026-04-02 14:00,78158,77854,78208,77835,223637
2026-04-02 14:05,78128,78158,78302,78083,138012
2026-04-02 14:10,78054,78128,78218,78024,148788
2026-04-02 14:15,78168,78064,78243,78019,176918
2026-04-02 14:20,78019,78153,78188,77959,195444
2026-04-02 14:25,77810,78019,78034,77785,238171
2026-04-02 14:30,77889,77795,77919,77725,263978
2026-04-02 14:35,77531,77884,77889,77466,523219
2026-04-02 14:40,77342,77516,77516,77232,644548
2026-04-02 14:45,77217,77327,77387,77158,553550
2026-04-02 14:50,76779,77217,77282,76769,918148
2026-04-02 14:55,76754,76774,77018,76705,648992
2026-04-02 15:00,76779,76764,76884,76680,606709
2026-04-02 15:05,77078,76749,77103,76685,701740
2026-04-02 15:10,77207,77073,77436,77048,834385
2026-04-02 15:15,77615,77222,77617,77222,648941
2026-04-02 15:20,77710,77606,77825,77556,524601
2026-04-03 9:00,79831,79856,79945,79821,225330
2026-04-03 9:05,80587,79846,80617,79821,546772
2026-04-03 9:10,80567,80592,80811,80468,382169
2026-04-03 9:15,80662,80582,80841,80458,303269
2026-04-03 9:20,80318,80672,80811,80279,324833
2026-04-03 9:25,80254,80338,80418,80035,581112
2026-04-03 9:30,80264,80254,80533,80134,262517
2026-04-03 9:35,80035,80264,80423,80035,278611
2026-04-03 9:40,79856,80040,80104,79796,301472
2026-04-03 9:45,80284,79856,80318,79836,223087
2026-04-03 9:50,80418,80279,80453,80129,265314
2026-04-03 9:55,80388,80418,80483,80249,187538
2026-04-03 10:00,80572,80388,80697,80368,223737
2026-04-03 10:05,80458,80572,80632,80448,185974
2026-04-03 10:10,80632,80458,80677,80403,216322
2026-04-03 10:15,80582,80632,80652,80343,256559
2026-04-03 10:20,80428,80587,80612,80403,149627
2026-04-03 10:25,80488,80428,80592,80393,98171
2026-04-03 10:30,80408,80483,80538,80358,117306
2026-04-03 10:35,80269,80393,80483,80134,200050
2026-04-03 10:40,80204,80269,80314,80134,155042
2026-04-03 10:45,80065,80204,80338,80065,100253
2026-04-03 10:50,80124,80065,80234,80025,130790
2026-04-03 10:55,79885,80124,80154,79875,244496
2026-04-03 11:00,79776,79877,79915,79711,200372
2026-04-03 11:05,79875,79781,80025,79651,344904
2026-04-03 11:10,79915,79880,79995,79627,235366
2026-04-03 11:15,79875,79920,80010,79781,78515
2026-04-03 11:20,79985,79880,80010,79766,167796
2026-04-03 11:25,79816,79965,79990,79806,57900
2026-04-03 11:30,79637,79811,79821,79627,69596
2026-04-03 11:35,79408,79637,79641,79298,176224
2026-04-03 11:40,79587,79408,79592,79353,126504
2026-04-03 11:45,79393,79587,79587,79353,77130
2026-04-03 11:50,79577,79393,79637,79253,121985
2026-04-03 11:55,79786,79587,79910,79539,160223
2026-04-03 12:00,79831,79776,79866,79746,87800
2026-04-03 12:05,79866,79841,79925,79771,103870
2026-04-03 12:10,79841,79866,79866,79766,36945
2026-04-03 12:15,79846,79846,79866,79741,86561
2026-04-03 12:20,80065,79831,80085,79831,113853
2026-04-03 12:25,80007,80060,80144,79975,117958
2026-04-03 12:30,80005,80005,80035,79885,106695
2026-04-03 12:35,80129,80005,80194,79985,123289
2026-04-03 12:40,79980,80154,80154,79920,86363
2026-04-03 12:45,80124,79995,80129,79950,56777
2026-04-03 12:50,80159,80119,80219,80065,79917
2026-04-03 12:55,80224,80164,80249,80090,110466
2026-04-03 13:00,80383,80224,80388,80224,128809
2026-04-03 13:05,80353,80373,80413,80294,77209
2026-04-03 13:10,80393,80353,80448,80353,82323
2026-04-03 13:15,80408,80398,80413,80294,48548
2026-04-03 13:20,80433,80403,80508,80383,79744
2026-04-03 13:25,80383,80433,80453,80299,62353
2026-04-03 13:30,80224,80373,80413,80159,126201
2026-04-03 13:35,80299,80239,80408,80194,83966
2026-04-03 13:40,80249,80304,80383,80229,60892
2026-04-03 13:45,80239,80264,80304,80080,51155
2026-04-03 13:50,80353,80229,80373,80219,59915
2026-04-03 13:55,80428,80353,80468,80353,94125
2026-04-03 14:00,80358,80428,80448,80353,60318
2026-04-03 14:05,80597,80363,80617,80363,117270
2026-04-03 14:10,80418,80602,80602,80393,131862
2026-04-03 14:15,80304,80408,80458,80234,99194
2026-04-03 14:20,80174,80304,80333,80070,154460
2026-04-03 14:25,80259,80174,80323,80114,95379
2026-04-03 14:30,80328,80264,80368,80239,86342
2026-04-03 14:35,80249,80333,80428,80219,121249
2026-04-03 14:40,80353,80244,80423,80239,79522
2026-04-03 14:45,80343,80363,80383,80279,100329
2026-04-03 14:50,80483,80343,80488,80314,131310
2026-04-03 14:55,80433,80483,80538,80433,75873
2026-04-03 15:00,80592,80438,80592,80403,137154
2026-04-03 15:05,80528,80592,80617,80488,110995
2026-04-03 15:10,80478,80528,80538,80448,58062
2026-04-03 15:15,80493,80483,80547,80463,115534
2026-04-03 15:20,80338,80488,80508,80304,185900
2026-04-06 9:00,81224,81050,81284,80856,175890
2026-04-06 9:05,81837,81244,82006,81244,479143
2026-04-06 9:10,82096,81822,82230,81742,511041
2026-04-06 9:15,82091,82076,82210,81971,223172
2026-04-06 9:20,81857,82106,82120,81782,246276
2026-04-06 9:25,81588,81877,81884,81558,248023
2026-04-06 9:30,81239,81608,81663,81219,270348
2026-04-06 9:35,81269,81239,81389,81185,211687
2026-04-06 9:40,81339,81279,81349,81025,162629
2026-04-06 9:45,81543,81349,81608,81334,313465
2026-04-06 9:50,81628,81553,81672,81473,144716
2026-04-06 9:55,81712,81638,81802,81553,111884
2026-04-06 10:00,81926,81697,81951,81687,150112
2026-04-06 10:05,82091,81926,82116,81872,143646
2026-04-06 10:10,81936,82091,82096,81757,153949
2026-04-06 10:15,81737,81936,81986,81643,157268
2026-04-06 10:20,81473,81737,81772,81389,114036
2026-04-06 10:25,81603,81468,81663,81419,139251
2026-04-06 10:30,81752,81593,81896,81568,199765
2026-04-06 10:35,81523,81752,81782,81439,71953
2026-04-06 10:40,81618,81503,81618,81434,97047
2026-04-06 10:45,81707,81618,81757,81568,137007
2026-04-06 10:50,81219,81702,81712,81195,173263
2026-04-06 10:55,80986,81224,81269,80951,167123
2026-04-06 11:00,81349,80981,81364,80886,268857
2026-04-06 11:05,81200,81349,81349,81065,126081
2026-04-06 11:10,81911,81195,81946,81165,430515
2026-04-06 11:15,81931,81911,82130,81887,253462
2026-04-06 11:20,82265,81946,82300,81931,291879
2026-04-06 11:25,82275,82275,82489,82235,305232
2026-04-06 11:30,82310,82260,82389,82245,123725
2026-04-06 11:35,82180,82325,82384,82086,182324
2026-04-06 11:40,81887,82185,82235,81822,98213
2026-04-06 11:45,81911,81867,82021,81782,127191
2026-04-06 11:50,81697,81911,81941,81598,101263
2026-04-06 11:55,81558,81702,81807,81508,98295
2026-04-06 12:00,81314,81558,81558,81249,125009
2026-04-06 12:05,81414,81314,81448,81239,192475
2026-04-06 12:10,81354,81419,81448,81249,87981
2026-04-06 12:15,81349,81349,81429,81274,73301
2026-04-06 12:20,81175,81354,81473,81065,223428
2026-04-06 12:25,81324,81185,81389,81130,164559
2026-04-06 12:30,81195,81309,81359,81175,94104
2026-04-06 12:35,81200,81195,81304,81130,68309
2026-04-06 12:40,81035,81200,81284,81005,102149
2026-04-06 12:45,80941,81035,81060,80916,108878
2026-04-06 12:50,81145,80941,81150,80926,183184
2026-04-06 12:55,80866,81140,81140,80861,105924
2026-04-06 13:00,81135,80866,81160,80848,149324
2026-04-06 13:05,81239,81140,81359,81110,155398
2026-04-06 13:10,81010,81249,81274,81010,129861
2026-04-06 13:15,81080,81025,81165,80976,53544
2026-04-06 13:20,81080,81085,81100,80976,64019
2026-04-06 13:25,81065,81090,81135,80926,67936
2026-04-06 13:30,81095,81070,81150,81000,48657
2026-04-06 13:35,81289,81090,81314,81050,111700
2026-04-06 13:40,81264,81274,81389,81215,91989
2026-04-06 13:45,81339,81289,81448,81215,99506
2026-04-06 13:50,81289,81309,81389,81264,61366
2026-04-06 13:55,81384,81294,81414,81254,64172
2026-04-06 14:00,81284,81379,81384,81210,49402
2026-04-06 14:05,81399,81299,81429,81274,75713
2026-04-06 14:10,81543,81404,81573,81309,87879
2026-04-06 14:15,81404,81548,81623,81394,125855
2026-04-06 14:20,81448,81414,81553,81359,88917
2026-04-06 14:25,81473,81450,81553,81339,123515
2026-04-06 14:30,81409,81473,81593,81399,132598
2026-04-06 14:35,81284,81399,81493,81239,109075
2026-04-06 14:40,81155,81279,81329,81155,86062
2026-04-06 14:45,81125,81170,81200,81040,168017
2026-04-06 14:50,81035,81125,81140,80966,109077
2026-04-06 14:55,81050,81020,81155,81010,113549
2026-04-06 15:00,81030,81050,81165,81025,58945
2026-04-06 15:05,81160,81025,81210,81020,61036
2026-04-06 15:10,81374,81170,81419,81170,131223
2026-04-06 15:15,81543,81374,81618,81374,148834
2026-04-06 15:20,81458,81543,81568,81434,76905
2026-04-07 9:00,83255,83186,83290,83036,252268
2026-04-07 9:05,83211,83250,83345,82802,732580
2026-04-07 9:10,83494,83201,83509,82937,644370
2026-04-07 9:15,83848,83504,83868,83290,465523
2026-04-07 9:20,83370,83848,83903,83350,269313
2026-04-07 9:25,83549,83370,83684,83360,218673
2026-04-07 9:30,83908,83554,84012,83499,530175
2026-04-07 9:35,83858,83908,83952,83659,339742
2026-04-07 9:40,83649,83858,83858,83609,204831
2026-04-07 9:45,83895,83649,83918,83569,407581
2026-04-07 9:50,83594,83903,83947,83584,186901
2026-04-07 9:55,83241,83594,83604,83241,335288
2026-04-07 10:00,82852,83255,83295,82837,375330
2026-04-07 10:05,82992,82867,83211,82773,573758
2026-04-07 10:10,82678,82982,83051,82628,290714
2026-04-07 10:15,82763,82693,82892,82593,428760
2026-04-07 10:20,82807,82758,82907,82653,370545
2026-04-07 10:25,82534,82822,82882,82534,163101
2026-04-07 10:30,82663,82539,82812,82454,192542
2026-04-07 10:35,82738,82663,82797,82569,132693
2026-04-07 10:40,82210,82748,82793,82135,270086
2026-04-07 10:45,82409,82192,82454,82155,193753
2026-04-07 10:50,82235,82394,82569,82180,224718
2026-04-07 10:55,81872,82235,82275,81852,238137
2026-04-07 11:00,81921,81872,81946,81583,440163
2026-04-07 11:05,81653,81921,81921,81518,193320
2026-04-07 11:10,81777,81643,81847,81379,567224
2026-04-07 11:15,81633,81777,81797,81468,105167
2026-04-07 11:20,81862,81628,81872,81483,119859
2026-04-07 11:25,81797,81862,81877,81548,145544
2026-04-07 11:30,81896,81812,81936,81762,78620
2026-04-07 11:35,82001,81896,82051,81842,105168
2026-04-07 11:40,81971,82016,82175,81971,100347
2026-04-07 11:45,82125,81996,82125,81887,75805
2026-04-07 11:50,82120,82116,82235,82036,74614
2026-04-07 11:55,82031,82103,82150,81956,100791
2026-04-07 12:00,82076,82016,82081,81936,84702
2026-04-07 12:05,82036,82076,82185,82031,88679
2026-04-07 12:10,82046,82036,82076,81911,55740
2026-04-07 12:15,82135,82051,82135,81911,46210
2026-04-07 12:20,81807,82132,82140,81702,151256
2026-04-07 12:25,81956,81814,82021,81807,157643
2026-04-07 12:30,82076,81966,82111,81916,156243
2026-04-07 12:35,81991,82071,82290,81921,167697
2026-04-07 12:40,81916,81971,82051,81852,138094
2026-04-07 12:45,81966,81906,81986,81827,118070
2026-04-07 12:50,81807,81946,81971,81787,51754
2026-04-07 12:55,81727,81802,81832,81707,117114
2026-04-07 13:00,81682,81727,81832,81643,80897
2026-04-07 13:05,81548,81702,81797,81473,106465
2026-04-07 13:10,81593,81538,81643,81468,111896
2026-04-07 13:15,81458,81588,81588,81324,145008
2026-04-07 13:20,81488,81458,81533,81339,90137
2026-04-07 13:25,81787,81483,81857,81444,134959
2026-04-07 13:30,81892,81797,81906,81677,155007
2026-04-07 13:35,81976,81872,82046,81842,197843
2026-04-07 13:40,81817,81976,81996,81737,192998
2026-04-07 13:45,81966,81822,81981,81792,150365
2026-04-07 13:50,82086,81966,82116,81877,240894
2026-04-07 13:55,81981,82086,82086,81882,163828
2026-04-07 14:00,81857,81976,82021,81817,132203
2026-04-07 14:05,81807,81847,82016,81757,110129
2026-04-07 14:10,81867,81817,81882,81717,69221
2026-04-07 14:15,81862,81857,82006,81842,72594
2026-04-07 14:20,81931,81882,81976,81862,66174
2026-04-07 14:25,81772,81926,82046,81767,108173
2026-04-07 14:30,81528,81767,81792,81503,140233
2026-04-07 14:35,81772,81533,81797,81503,97902
2026-04-07 14:40,81926,81767,81976,81658,96625
2026-04-07 14:45,81936,81936,81956,81777,64897
2026-04-07 14:50,82031,81936,82036,81822,111160
2026-04-07 14:55,82295,82036,82325,82036,199011
2026-04-07 15:00,82305,82300,82379,82170,124363
2026-04-07 15:05,82399,82290,82484,82270,144801
2026-04-07 15:10,82544,82404,82588,82359,251087
2026-04-07 15:15,82444,82529,82534,82394,192041
2026-04-07 15:20,82320,82439,82484,82300,238522
2026-04-08 9:00,88398,87462,88428,87014,1487241
2026-04-08 9:05,87576,88378,88462,87457,1543095
2026-04-08 9:10,87810,87596,87820,87273,1498843
2026-04-08 9:15,87999,87800,88029,87790,904479
2026-04-08 9:20,88024,87994,88159,87905,941293
2026-04-08 9:25,87965,88014,88064,87900,433439
2026-04-08 9:30,87631,87960,88039,87536,843472
2026-04-08 9:35,87307,87651,87676,87258,1029195
2026-04-08 9:40,87213,87317,87492,87193,484547
2026-04-08 9:45,87253,87198,87422,87158,392139
2026-04-08 9:50,87676,87258,87686,87233,450641
2026-04-08 9:55,87387,87671,87770,87362,410612
2026-04-08 10:00,87347,87387,87497,87263,293594
2026-04-08 10:05,87248,87352,87457,87163,217678
2026-04-08 10:10,87591,87263,87696,87233,499128
2026-04-08 10:15,87686,87591,87711,87517,191494
2026-04-08 10:20,87696,87686,87795,87626,260360
2026-04-08 10:25,87860,87696,87880,87536,262055
2026-04-08 10:30,87840,87855,87965,87795,363186
2026-04-08 10:35,87810,87840,87915,87661,317687
2026-04-08 10:40,87741,87820,87880,87706,175899
2026-04-08 10:45,87626,87731,87785,87591,351338
2026-04-08 10:50,87646,87621,87751,87497,319024
2026-04-08 10:55,87606,87626,87741,87452,318269
2026-04-08 11:00,87795,87601,87825,87507,309861
2026-04-08 11:05,87895,87785,87925,87770,196150
2026-04-08 11:10,87900,87895,87989,87840,301038
2026-04-08 11:15,88014,87900,88024,87810,209360
2026-04-08 11:20,87965,88024,88059,87960,251411
2026-04-08 11:25,88024,87965,88144,87965,352609
2026-04-08 11:30,87970,88021,88029,87885,152730
2026-04-08 11:35,87960,87989,88029,87875,123013
2026-04-08 11:40,87975,87955,88049,87925,134168
2026-04-08 11:45,87945,87965,88004,87915,73479
2026-04-08 11:50,88064,87940,88094,87905,146547
2026-04-08 11:55,87945,88064,88084,87940,102899
2026-04-08 12:00,87920,87955,87989,87885,96948
2026-04-08 12:05,88109,87910,88159,87910,258837
2026-04-08 12:10,88159,88114,88169,88054,97350
2026-04-08 12:15,88228,88159,88298,88139,198220
2026-04-08 12:20,88313,88228,88323,88228,281334
2026-04-08 12:25,88213,88308,88333,88189,119940
2026-04-08 12:30,88208,88228,88233,88104,78929
2026-04-08 12:35,88283,88213,88310,88208,161150
2026-04-08 12:40,88278,88268,88298,88203,84497
2026-04-08 12:45,88208,88275,88275,88189,145097
2026-04-08 12:50,88358,88213,88423,88208,273621
2026-04-08 12:55,88408,88353,88418,88338,91876
2026-04-08 13:00,88457,88413,88482,88408,249693
2026-04-08 13:05,88642,88467,88652,88452,362206
2026-04-08 13:10,88761,88647,88781,88632,277828
2026-04-08 13:15,88990,88756,89000,88746,337194
2026-04-08 13:20,88975,88990,89005,88905,232858
2026-04-08 13:25,89070,88975,89095,88897,245921
2026-04-08 13:30,89040,89070,89214,89015,347258
2026-04-08 13:35,89219,89035,89249,89025,362290
2026-04-08 13:40,89269,89219,89299,89179,270025
2026-04-08 13:45,89284,89274,89333,89234,146502
2026-04-08 13:50,89418,89279,89433,89229,391513
2026-04-08 13:55,89582,89423,89582,89358,343420
2026-04-08 14:00,89405,89582,89672,89403,449200
2026-04-08 14:05,89184,89403,89408,89035,759961
2026-04-08 14:10,89085,89184,89289,88975,200034
2026-04-08 14:15,89085,89080,89184,89025,174435
2026-04-08 14:20,88955,89090,89144,88856,159046
2026-04-08 14:25,88756,88965,89065,88731,161218
2026-04-08 14:30,88736,88766,88811,88676,306652
2026-04-08 14:35,88771,88731,89055,88726,337094
2026-04-08 14:40,88452,88776,88851,88432,323989
2026-04-08 14:45,88567,88452,88582,88395,207195
2026-04-08 14:50,88761,88552,88801,88537,299081
2026-04-08 14:55,88806,88756,88871,88681,286341
2026-04-08 15:00,88796,88801,88831,88701,355163
2026-04-08 15:05,88960,88801,88975,88796,373027
2026-04-08 15:10,88895,88960,88960,88686,513343
2026-04-08 15:15,88851,88895,88955,88776,592936
2026-04-08 15:20,88746,88851,88910,88696,509734
2026-04-09 9:00,87716,87920,87920,87696,156089
2026-04-09 9:05,87751,87716,87945,87581,578366
2026-04-09 9:10,87357,87775,87915,87317,783883
2026-04-09 9:15,87800,87352,87935,87352,637692
2026-04-09 9:20,88059,87795,88159,87770,387826
2026-04-09 9:25,88094,88054,88343,88054,358102
2026-04-09 9:30,88074,88114,88179,87977,369945
2026-04-09 9:35,87691,88054,88288,87656,329705
2026-04-09 9:40,88019,87686,88064,87671,228503
2026-04-09 9:45,87636,88029,88044,87626,191133
2026-04-09 9:50,87701,87631,87850,87512,316183
2026-04-09 9:55,87636,87711,87865,87611,169570
2026-04-09 10:00,87790,87636,87825,87591,305411
2026-04-09 10:05,87462,87785,87865,87432,235016
2026-04-09 10:10,87367,87467,87686,87312,264166
2026-04-09 10:15,87374,87372,87492,87213,274437
2026-04-09 10:20,87218,87372,87427,87173,150740
2026-04-09 10:25,87163,87218,87283,86944,424467
2026-04-09 10:30,87074,87158,87332,87014,383251
2026-04-09 10:35,87412,87093,87417,87029,217117
2026-04-09 10:40,87113,87412,87432,87103,173785
2026-04-09 10:45,87103,87113,87173,86969,253371
2026-04-09 10:50,87307,87088,87347,86909,336800
2026-04-09 10:55,87347,87302,87432,87283,205691
2026-04-09 11:00,87576,87357,87596,87347,253047
2026-04-09 11:05,87531,87581,87711,87447,363518
2026-04-09 11:10,87512,87536,87656,87497,217086
2026-04-09 11:15,87472,87522,87551,87387,114830
2026-04-09 11:20,87601,87477,87651,87452,105121
2026-04-09 11:25,87322,87621,87626,87317,133472
2026-04-09 11:30,87278,87342,87357,87213,103250
2026-04-09 11:35,87278,87288,87397,87253,64347
2026-04-09 11:40,87288,87278,87437,87228,117900
2026-04-09 11:45,87392,87288,87407,87243,63399
2026-04-09 11:50,87382,87392,87407,87268,77414
2026-04-09 11:55,87432,87377,87517,87372,100117
2026-04-09 12:00,87322,87432,87462,87298,57210
2026-04-09 12:05,87298,87322,87367,87253,80219
2026-04-09 12:10,87322,87288,87477,87238,81856
2026-04-09 12:15,87253,87322,87332,87248,64352
2026-04-09 12:20,87108,87253,87253,87108,111352
2026-04-09 12:25,87148,87113,87203,87093,63885
2026-04-09 12:30,87248,87143,87263,87138,89468
2026-04-09 12:35,87253,87248,87382,87223,78950
2026-04-09 12:40,87188,87253,87263,87173,45596
2026-04-09 12:45,87133,87183,87208,87113,123580
2026-04-09 12:50,87108,87128,87153,87014,198235
2026-04-09 12:55,86939,87113,87118,86929,222638
2026-04-09 13:00,87019,86939,87069,86914,206548
2026-04-09 13:05,87054,87009,87059,86929,175314
2026-04-09 13:10,86999,87054,87088,86929,172946
2026-04-09 13:15,86989,86999,87074,86979,177507
2026-04-09 13:20,86825,86989,86999,86805,366501
2026-04-09 13:25,86790,86835,86899,86715,225701
2026-04-09 13:30,86705,86780,86790,86695,248913
2026-04-09 13:35,86904,86705,86924,86685,320423
2026-04-09 13:40,86919,86904,86964,86805,219418
2026-04-09 13:45,86894,86924,87009,86815,256313
2026-04-09 13:50,86959,86899,86984,86889,183578
2026-04-09 13:55,86924,86959,86994,86894,249463
2026-04-09 14:00,86840,86924,86989,86800,202365
2026-04-09 14:05,86840,86840,86864,86730,202353
2026-04-09 14:10,86735,86840,86845,86705,113127
2026-04-09 14:15,86904,86735,86964,86735,96375
2026-04-09 14:20,87113,86909,87143,86904,202400
2026-04-09 14:25,87093,87103,87153,87029,83132
2026-04-09 14:30,87402,87093,87412,87074,231467
2026-04-09 14:35,87278,87402,87407,87248,152842
2026-04-09 14:40,87178,87268,87367,87173,126032
2026-04-09 14:45,87029,87178,87218,87019,93089
2026-04-09 14:50,86790,87029,87034,86790,192423
2026-04-09 14:55,86755,86800,86840,86715,125098
2026-04-09 15:00,86959,86755,86969,86735,121402
2026-04-09 15:05,86859,86959,87074,86775,160816
2026-04-09 15:10,86859,86874,86904,86760,140309
2026-04-09 15:15,86790,86864,86894,86785,126172
2026-04-09 15:20,86800,86790,86850,86715,215669
2026-04-10 9:00,88447,88403,88502,88388,192063
2026-04-10 9:05,88871,88437,88890,88373,678526
2026-04-10 9:10,88736,88890,88915,88522,652050
2026-04-10 9:15,88741,88736,88945,88721,320743
2026-04-10 9:20,88557,88736,88736,88457,267420
2026-04-10 9:25,88527,88562,88731,88512,169330
2026-04-10 9:30,88293,88542,88577,88258,224743
2026-04-10 9:35,88671,88288,88696,88273,243842
2026-04-10 9:40,88806,88676,88890,88627,258678
2026-04-10 9:45,88607,88806,88816,88547,105832
2026-04-10 9:50,88691,88597,88701,88492,153531
2026-04-10 9:55,88900,88686,88905,88681,255776
2026-04-10 10:00,88880,88900,88960,88791,290153
2026-04-10 10:05,88925,88885,88970,88816,217482
2026-04-10 10:10,88940,88920,88970,88836,155356
2026-04-10 10:15,89050,88930,89050,88876,166523
2026-04-10 10:20,89114,89050,89114,89040,172574
2026-04-10 10:25,89139,89114,89204,89055,151855
2026-04-10 10:30,89333,89139,89348,89134,200012
2026-04-10 10:35,89353,89338,89408,89284,187208
2026-04-10 10:40,89139,89363,89368,89109,155473
2026-04-10 10:45,89189,89139,89234,88980,175881
2026-04-10 10:50,89194,89184,89309,89149,113526
2026-04-10 10:55,89020,89194,89219,89005,137711
2026-04-10 11:00,88791,89035,89045,88741,193579
2026-04-10 11:05,88786,88791,88836,88627,173284
2026-04-10 11:10,88751,88786,88885,88736,140421
2026-04-10 11:15,88711,88741,88821,88686,124735
2026-04-10 11:20,88642,88711,88816,88592,104027
2026-04-10 11:25,88841,88642,88841,88602,111033
2026-04-10 11:30,88806,88841,88900,88776,73623
2026-04-10 11:35,89015,88791,89035,88791,110297
2026-04-10 11:40,89085,89015,89095,88960,99928
2026-04-10 11:45,88935,89075,89090,88866,87002
2026-04-10 11:50,88925,88940,88995,88866,67804
2026-04-10 11:55,88826,88935,88975,88811,70824
2026-04-10 12:00,88851,88826,88871,88781,71810
2026-04-10 12:05,88786,88846,88900,88781,62359
2026-04-10 12:10,88701,88796,88821,88691,56390
2026-04-10 12:15,88686,88701,88751,88622,151460
2026-04-10 12:20,88706,88701,88736,88637,58761
2026-04-10 12:25,88617,88701,88711,88582,98323
2026-04-10 12:30,88622,88627,88647,88557,47934
2026-04-10 12:35,88766,88622,88771,88617,115626
2026-04-10 12:40,88661,88766,88806,88656,76942
2026-04-10 12:45,88691,88661,88701,88617,45188
2026-04-10 12:50,88522,88696,88716,88522,76325
2026-04-10 12:55,88656,88532,88671,88517,77221
2026-04-10 13:00,88661,88661,88721,88632,63344
2026-04-10 13:05,88637,88656,88781,88622,96851
2026-04-10 13:10,88597,88637,88656,88527,77020
2026-04-10 13:15,88671,88597,88686,88582,51609
2026-04-10 13:20,88686,88671,88706,88656,44527
2026-04-10 13:25,88627,88681,88686,88592,44342
2026-04-10 13:30,88726,88632,88731,88597,113808
2026-04-10 13:35,88736,88721,88806,88676,111266
2026-04-10 13:40,88716,88736,88786,88716,73487
2026-04-10 13:45,88607,88721,88721,88592,110029
2026-04-10 13:50,88642,88612,88676,88597,77888
2026-04-10 13:55,88642,88642,88696,88617,45782
2026-04-10 14:00,88627,88637,88656,88577,72970
2026-04-10 14:05,88642,88627,88716,88607,97198
2026-04-10 14:10,88637,88637,88671,88627,47395
2026-04-10 14:15,88522,88637,88637,88507,106950
2026-04-10 14:20,88587,88522,88592,88413,153026
2026-04-10 14:25,88637,88592,88661,88557,101861
2026-04-10 14:30,88467,88632,88652,88442,80121
2026-04-10 14:35,88492,88467,88582,88457,87639
2026-04-10 14:40,88522,88487,88577,88472,56864
2026-04-10 14:45,88457,88522,88542,88393,91557
2026-04-10 14:50,88457,88462,88487,88413,76521
2026-04-10 14:55,88457,88462,88507,88408,142764
2026-04-10 15:00,88492,88457,88507,88408,84733
2026-04-10 15:05,88378,88487,88517,88373,132437
2026-04-10 15:10,88308,88383,88408,88308,131096
2026-04-10 15:15,88238,88313,88328,88228,193799
2026-04-10 15:20,88213,88233,88248,88129,232357
2026-04-13 9:00,86148,86083,86177,86028,208616
2026-04-13 9:05,86441,86133,86616,86043,540367
2026-04-13 9:10,86586,86436,86606,86182,396852
2026-04-13 9:15,86790,86586,86790,86466,445314
2026-04-13 9:20,86869,86780,86949,86670,375459
2026-04-13 9:25,86944,86866,86979,86825,321549
2026-04-13 9:30,87322,86944,87322,86934,290269
2026-04-13 9:35,87302,87327,87507,87208,443606
2026-04-13 9:40,87064,87302,87312,87044,288294
2026-04-13 9:45,87288,87069,87322,86969,218226
2026-04-13 9:50,87372,87298,87397,87233,157752
2026-04-13 9:55,87631,87362,87701,87352,375666
2026-04-13 10:00,87651,87626,87696,87512,191315
2026-04-13 10:05,87442,87641,87656,87442,138509
2026-04-13 10:10,87601,87437,87631,87377,144164
2026-04-13 10:15,87437,87586,87586,87402,90806
2026-04-13 10:20,87372,87447,87502,87337,93130
2026-04-13 10:25,87447,87372,87462,87253,204385
2026-04-13 10:30,87422,87447,87596,87387,103769
2026-04-13 10:35,87517,87402,87536,87288,117286
2026-04-13 10:40,87482,87517,87566,87372,139075
2026-04-13 10:45,87442,87497,87531,87357,86674
2026-04-13 10:50,87347,87447,87477,87317,69449
2026-04-13 10:55,87288,87352,87357,87223,97969
2026-04-13 11:00,87317,87302,87407,87288,95007
2026-04-13 11:05,87183,87312,87317,87163,103474
2026-04-13 11:10,87138,87178,87183,87019,130006
2026-04-13 11:15,87158,87138,87158,87014,90881
2026-04-13 11:20,87113,87158,87183,87034,128062
2026-04-13 11:25,87029,87113,87128,86979,92609
2026-04-13 11:30,87064,87026,87064,86959,95424
2026-04-13 11:35,87078,87064,87163,87049,74845
2026-04-13 11:40,87083,87078,87098,87004,46775
2026-04-13 11:45,87213,87083,87238,87083,94954
2026-04-13 11:50,87083,87208,87208,87064,79040
2026-04-13 11:55,87103,87083,87133,87024,79192
2026-04-13 12:00,87173,87118,87263,87083,137494
2026-04-13 12:05,87029,87173,87178,86994,92792
2026-04-13 12:10,86919,87034,87034,86909,90791
2026-04-13 12:15,86859,86914,86929,86825,94549
2026-04-13 12:20,86879,86859,86914,86815,57507
2026-04-13 12:25,86964,86879,86964,86869,52417
2026-04-13 12:30,86954,86959,87004,86949,85475
2026-04-13 12:35,86979,86954,87014,86904,74924
2026-04-13 12:40,86969,86979,86994,86909,43736
2026-04-13 12:45,87074,86959,87183,86959,105411
2026-04-13 12:50,87039,87069,87074,86969,77091
2026-04-13 12:55,87148,87044,87153,86994,56976
2026-04-13 13:00,87193,87153,87218,87128,90767
2026-04-13 13:05,87054,87193,87208,87024,71807
2026-04-13 13:10,87054,87044,87123,87004,74423
2026-04-13 13:15,87253,87064,87258,87054,101646
2026-04-13 13:20,87218,87243,87263,87193,66499
2026-04-13 13:25,87143,87223,87223,87074,123755
2026-04-13 13:30,87193,87143,87198,87123,120216
2026-04-13 13:35,87113,87198,87213,87093,97579
2026-04-13 13:40,87034,87123,87128,87019,131574
2026-04-13 13:45,86994,87034,87059,86979,92075
2026-04-13 13:50,87218,86994,87223,86979,182547
2026-04-13 13:55,87417,87223,87442,87178,163082
2026-04-13 14:00,87362,87422,87462,87342,161923
2026-04-13 14:05,87384,87357,87412,87327,73613
2026-04-13 14:10,87327,87387,87412,87298,79259
2026-04-13 14:15,87283,87327,87357,87263,69755
2026-04-13 14:20,87322,87283,87352,87238,58235
2026-04-13 14:25,87397,87317,87427,87298,99001
2026-04-13 14:30,87317,87392,87427,87317,63645
2026-04-13 14:35,87372,87327,87417,87298,70792
2026-04-13 14:40,87352,87372,87392,87337,42605
2026-04-13 14:45,87417,87352,87437,87317,112798
2026-04-13 14:50,87352,87417,87472,87347,111847
2026-04-13 14:55,87283,87347,87357,87258,162513
2026-04-13 15:00,87248,87283,87307,87168,98995
2026-04-13 15:05,87173,87243,87288,87138,65463
2026-04-13 15:10,87113,87173,87173,87098,74052
2026-04-13 15:15,87238,87113,87238,87110,126285
2026-04-13 15:20,87317,87238,87342,87213,113157
2026-04-14 9:00,89702,89846,89896,89702,226781
2026-04-14 9:05,89692,89692,89861,89592,580702
2026-04-14 9:10,89682,89692,89791,89557,467653
2026-04-14 9:15,89926,89687,89926,89602,556994
2026-04-14 9:20,90025,89921,90035,89767,336686
2026-04-14 9:25,90090,90030,90110,89911,397263
2026-04-14 9:30,90309,90090,90309,90050,432613
2026-04-14 9:35,90264,90304,90339,90175,261705
2026-04-14 9:40,90538,90259,90543,90185,442872
2026-04-14 9:45,90583,90543,90603,90404,318707
2026-04-14 9:50,90643,90583,90687,90533,255483
2026-04-14 9:55,90528,90643,90643,90498,162404
2026-04-14 10:00,90364,90523,90543,90359,175410
2026-04-14 10:05,90548,90364,90568,90329,195913
2026-04-14 10:10,90588,90548,90687,90463,188796
2026-04-14 10:15,90692,90588,90742,90573,292181
2026-04-14 10:20,90678,90692,90722,90588,156590
2026-04-14 10:25,90702,90682,90702,90583,148942
2026-04-14 10:30,90404,90697,90757,90374,273988
2026-04-14 10:35,90538,90409,90548,90319,192724
2026-04-14 10:40,90757,90543,90797,90488,250050
2026-04-14 10:45,90767,90752,90797,90663,165496
2026-04-14 10:50,90608,90767,90792,90598,105451
2026-04-14 10:55,90528,90608,90628,90503,165101
2026-04-14 11:00,90374,90543,90543,90374,271011
2026-04-14 11:05,90463,90379,90473,90319,194537
2026-04-14 11:10,90648,90463,90648,90449,220203
2026-04-14 11:15,90727,90643,90742,90613,196577
2026-04-14 11:20,90702,90742,90807,90697,235301
2026-04-14 11:25,90692,90692,90702,90608,111110
2026-04-14 11:30,90767,90692,90777,90682,104884
2026-04-14 11:35,90712,90762,90782,90697,73877
2026-04-14 11:40,90822,90722,90822,90712,169217
2026-04-14 11:45,90847,90817,90872,90797,104564
2026-04-14 11:50,90797,90852,90857,90782,41577
2026-04-14 11:55,90742,90792,90822,90717,40529
2026-04-14 12:00,90707,90737,90762,90687,85292
2026-04-14 12:05,90727,90707,90782,90697,72017
2026-04-14 12:10,90832,90727,90832,90712,100797
2026-04-14 12:15,90847,90827,90877,90802,59655
2026-04-14 12:20,90782,90852,90892,90772,94209
2026-04-14 12:25,90852,90782,90867,90757,69336
2026-04-14 12:30,90882,90852,90902,90832,120416
2026-04-14 12:35,90817,90882,90906,90802,98950
2026-04-14 12:40,90827,90822,90842,90792,51970
2026-04-14 12:45,90792,90819,90837,90777,53121
2026-04-14 12:50,90867,90792,90872,90767,89796
2026-04-14 12:55,90847,90862,90872,90802,46846
2026-04-14 13:00,90877,90852,90897,90812,72480
2026-04-14 13:05,90897,90877,90931,90847,106692
2026-04-14 13:10,90936,90897,90936,90852,95871
2026-04-14 13:15,91053,90936,91066,90931,279182
2026-04-14 13:20,91175,91056,91175,91031,277837
2026-04-14 13:25,91106,91175,91195,91086,210287
2026-04-14 13:30,91076,91111,91135,91066,72509
2026-04-14 13:35,91051,91076,91091,91036,200765
2026-04-14 13:40,90991,91046,91051,90897,178842
2026-04-14 13:45,91031,90986,91066,90936,174811
2026-04-14 13:50,91001,91031,91076,91001,182657
2026-04-14 13:55,90991,91006,91016,90926,105068
2026-04-14 14:00,90752,90993,91001,90702,246635
2026-04-14 14:05,90772,90757,90887,90742,210683
2026-04-14 14:10,90822,90772,90867,90712,142419
2026-04-14 14:15,90802,90822,90902,90767,240311
2026-04-14 14:20,90782,90797,90812,90717,169128
2026-04-14 14:25,90633,90777,90832,90603,196756
2026-04-14 14:30,90608,90638,90663,90598,180547
2026-04-14 14:35,90409,90613,90643,90389,219049
2026-04-14 14:40,90449,90399,90458,90329,268587
2026-04-14 14:45,90503,90454,90513,90429,278067
2026-04-14 14:50,90439,90503,90573,90424,148769
2026-04-14 14:55,90429,90439,90458,90354,148891
2026-04-14 15:00,90329,90429,90473,90324,187274
2026-04-14 15:05,90296,90324,90434,90249,182323
2026-04-14 15:10,90150,90291,90291,90070,200125
2026-04-14 15:15,90070,90145,90177,90035,164233
2026-04-14 15:20,90017,90070,90085,89981,194209
2026-04-15 9:00,93102,92992,93157,92937,794280
2026-04-15 9:05,93012,93107,93142,92818,1092023
2026-04-15 9:10,92967,93007,93276,92962,739743
2026-04-15 9:15,93037,92972,93092,92888,417591
2026-04-15 9:20,93530,93042,93550,93037,620003
2026-04-15 9:25,93711,93520,93764,93485,544439
2026-04-15 9:30,93709,93714,93739,93550,316102
2026-04-15 9:35,93520,93704,93739,93366,287103
2026-04-15 9:40,93420,93515,93525,93390,197704
2026-04-15 9:45,93296,93430,93455,93201,319856
2026-04-15 9:50,93286,93306,93445,93186,300088
2026-04-15 9:55,93186,93281,93405,93087,269239
2026-04-15 10:00,93127,93191,93306,93087,192679
2026-04-15 10:05,93201,93137,93221,93027,231661
2026-04-15 10:10,93480,93206,93485,93181,306285
2026-04-15 10:15,93704,93475,93734,93385,357673
2026-04-15 10:20,93560,93704,93739,93540,229072
2026-04-15 10:25,93171,93570,93585,93168,272512
2026-04-15 10:30,93082,93171,93246,93047,279375
2026-04-15 10:35,92942,93082,93112,92933,270137
2026-04-15 10:40,93152,92942,93186,92838,373538
2026-04-15 10:45,93171,93157,93226,93052,186699
2026-04-15 10:50,93087,93171,93316,93077,184973
2026-04-15 10:55,93062,93087,93196,93027,180795
2026-04-15 11:00,93077,93062,93191,93047,155771
2026-04-15 11:05,93072,93087,93112,92918,198181
2026-04-15 11:10,93062,93067,93067,92942,161114
2026-04-15 11:15,93097,93062,93117,92898,213065
2026-04-15 11:20,93087,93097,93196,92992,165714
2026-04-15 11:25,93127,93087,93157,92972,199557
2026-04-15 11:30,93102,93122,93176,93102,119853
2026-04-15 11:35,93057,93097,93206,93002,192958
2026-04-15 11:40,93161,93067,93266,93057,211224
2026-04-15 11:45,93137,93166,93181,93077,111623
2026-04-15 11:50,93142,93137,93206,93084,134808
2026-04-15 11:55,93286,93152,93301,93142,146619
2026-04-15 12:00,93206,93281,93286,93186,101848
2026-04-15 12:05,93266,93201,93366,93196,177933
2026-04-15 12:10,93231,93251,93321,93191,130952
2026-04-15 12:15,93161,93231,93281,93107,128589
2026-04-15 12:20,93166,93166,93218,93127,101353
2026-04-15 12:25,93142,93166,93221,93092,134018
2026-04-15 12:30,93022,93142,93176,93022,166375
2026-04-15 12:35,93037,93017,93127,92982,167399
2026-04-15 12:40,93002,93037,93077,92997,115998
2026-04-15 12:45,93007,92997,93052,92947,159327
2026-04-15 12:50,93117,93007,93132,93002,155476
2026-04-15 12:55,93231,93117,93236,93107,206045
2026-04-15 13:00,93142,93231,93276,93117,183155
2026-04-15 13:05,93102,93142,93226,93092,129183
2026-04-15 13:10,93097,93102,93142,93042,209610
2026-04-15 13:15,93157,93092,93161,93082,132633
2026-04-15 13:20,93196,93147,93266,93147,153211
2026-04-15 13:25,93281,93196,93286,93161,160114
2026-04-15 13:30,93157,93276,93306,93157,179295
2026-04-15 13:35,93117,93152,93152,93062,185114
2026-04-15 13:40,93037,93117,93186,93027,169159
2026-04-15 13:45,93007,93037,93077,92982,171546
2026-04-15 13:50,93017,93012,93072,92967,152807
2026-04-15 13:55,93027,93012,93062,92952,180069
2026-04-15 14:00,93157,93024,93221,92997,200553
2026-04-15 14:05,92873,93152,93256,92863,235147
2026-04-15 14:10,93157,92873,93157,92803,187283
2026-04-15 14:15,93226,93147,93266,93057,156696
2026-04-15 14:20,93037,93226,93241,93027,99032
2026-04-15 14:25,92748,93037,93062,92639,257013
2026-04-15 14:30,92644,92738,92808,92639,137592
2026-04-15 14:35,92539,92644,92704,92539,142357
2026-04-15 14:40,92385,92544,92569,92355,216678
2026-04-15 14:45,92176,92385,92450,92126,336649
2026-04-15 14:50,91957,92176,92272,91932,289335
2026-04-15 14:55,92236,91927,92253,91798,386760
2026-04-15 15:00,92504,92246,92534,92211,455596
2026-04-15 15:05,92430,92519,92549,92350,225573
2026-04-15 15:10,92330,92440,92455,92275,151282
2026-04-15 15:15,92246,92325,92360,92181,200313
2026-04-15 15:20,92256,92241,92325,92191,256205
2026-04-16 9:00,93047,93047,93082,92918,177983
2026-04-16 9:05,93002,93027,93336,92982,429823
2026-04-16 9:10,93112,93002,93147,92803,296445
2026-04-16 9:15,93117,93097,93196,92878,273115
2026-04-16 9:20,92813,93127,93166,92723,265260
2026-04-16 9:25,92803,92828,92843,92624,211193
2026-04-16 9:30,93037,92803,93052,92798,230766
2026-04-16 9:35,93266,93032,93291,92982,421220
2026-04-16 9:40,93296,93261,93356,93251,234303
2026-04-16 9:45,93385,93301,93450,93211,241174
2026-04-16 9:50,93629,93385,93634,93351,284618
2026-04-16 9:55,93629,93619,93679,93535,247068
2026-04-16 10:00,93609,93639,93784,93555,252715
2026-04-16 10:05,93535,93609,93634,93415,165506
2026-04-16 10:10,93699,93535,93704,93465,143798
2026-04-16 10:15,93759,93689,93774,93590,195482
2026-04-16 10:20,93968,93764,93983,93694,285509
2026-04-16 10:25,93843,93963,94038,93814,279933
2026-04-16 10:30,93824,93843,93978,93799,144889
2026-04-16 10:35,93595,93834,93873,93590,177783
2026-04-16 10:40,93799,93595,93799,93550,164969
2026-04-16 10:45,93843,93799,93903,93764,119431
2026-04-16 10:50,93988,93834,93988,93799,102706
2026-04-16 10:55,94053,93988,94097,93978,225286
2026-04-16 11:00,94197,94058,94212,94013,227506
2026-04-16 11:05,94277,94202,94336,94192,211973
2026-04-16 11:10,94192,94267,94267,94097,90639
2026-04-16 11:15,94234,94182,94311,94167,135030
2026-04-16 11:20,94267,94237,94311,94192,82798
2026-04-16 11:25,94162,94267,94316,94127,96259
2026-04-16 11:30,94157,94162,94187,94077,116930
2026-04-16 11:35,94097,94152,94207,94018,119949
2026-04-16 11:40,94102,94087,94152,93988,83894
2026-04-16 11:45,94122,94097,94197,94048,85272
2026-04-16 11:50,94152,94122,94182,94072,57653
2026-04-16 11:55,94092,94147,94162,94053,93023
2026-04-16 12:00,94082,94092,94107,94033,125532
2026-04-16 12:05,94167,94087,94192,94043,88168
2026-04-16 12:10,94127,94177,94177,94102,45961
2026-04-16 12:15,94038,94127,94127,94028,58699
2026-04-16 12:20,93943,94038,94048,93903,81870
2026-04-16 12:25,93918,93953,94008,93868,89246
2026-04-16 12:30,93943,93913,93963,93824,79319
2026-04-16 12:35,93883,93938,93973,93804,86181
2026-04-16 12:40,94028,93888,94053,93843,68431
2026-04-16 12:45,94003,94033,94053,93943,94778
2026-04-16 12:50,93948,94003,94008,93933,73114
2026-04-16 12:55,94003,93948,94008,93888,254356
2026-04-16 13:00,93903,94008,94033,93858,310946
2026-04-16 13:05,93789,93893,93898,93719,325425
2026-04-16 13:10,93699,93779,93873,93654,299330
2026-04-16 13:15,93829,93704,93848,93694,284776
2026-04-16 13:20,93764,93824,93933,93759,283293
2026-04-16 13:25,93669,93764,93848,93654,279897
2026-04-16 13:30,93659,93659,93699,93590,266506
2026-04-16 13:35,93684,93664,93724,93629,257675
2026-04-16 13:40,93714,93684,93744,93664,238745
2026-04-16 13:45,93769,93724,93814,93694,295838
2026-04-16 13:50,93819,93779,93834,93729,277228
2026-04-16 13:55,93814,93824,93860,93779,280398
2026-04-16 14:00,93714,93814,93819,93669,294046
2026-04-16 14:05,93609,93704,93729,93525,316339
2026-04-16 14:10,93714,93614,93764,93545,354932
2026-04-16 14:15,93639,93709,93774,93609,276289
2026-04-16 14:20,93829,93634,93888,93629,317683
2026-04-16 14:25,93838,93838,93908,93799,275816
2026-04-16 14:30,94122,93838,94142,93814,373855
2026-04-16 14:35,94092,94122,94167,94067,216712
2026-04-16 14:40,94187,94087,94187,94067,184231
2026-04-16 14:45,93978,94187,94197,93928,119254
2026-04-16 14:50,94058,93978,94072,93923,111175
2026-04-16 14:55,94077,94062,94127,93978,193356
2026-04-16 15:00,94023,94072,94122,93983,217912
2026-04-16 15:05,93918,94023,94082,93903,178218
2026-04-16 15:10,94018,93928,94082,93888,125815
2026-04-16 15:15,94003,94013,94023,93858,108850
2026-04-16 15:20,94112,93998,94127,93983,186422
2026-04-17 9:00,94023,94137,94137,93993,151670
2026-04-17 9:05,93669,94013,94092,93570,390720
2026-04-17 9:10,93799,93654,93819,93465,344102
2026-04-17 9:15,93540,93799,93863,93505,215440
2026-04-17 9:20,93814,93540,93838,93525,172071
2026-04-17 9:25,93888,93814,93938,93709,288813
2026-04-17 9:30,93719,93893,93918,93674,185565
2026-04-17 9:35,93953,93714,93978,93699,203932
2026-04-17 9:40,93943,93943,93968,93774,145529
2026-04-17 9:45,94132,93953,94142,93938,185673
2026-04-17 9:50,94167,94132,94267,94122,207665
2026-04-17 9:55,94117,94157,94157,93988,167781
2026-04-17 10:00,93858,94107,94112,93858,159487
2026-04-17 10:05,93878,93863,93898,93704,258119
2026-04-17 10:10,93814,93868,93993,93734,252532
2026-04-17 10:15,93834,93814,93888,93739,128970
2026-04-17 10:20,93819,93824,93893,93734,126261
2026-04-17 10:25,93868,93809,93878,93709,130560
2026-04-17 10:30,94043,93863,94102,93764,206475
2026-04-17 10:35,94043,94043,94117,93978,130262
2026-04-17 10:40,93933,94043,94048,93834,111261
2026-04-17 10:45,93878,93918,93948,93824,75045
2026-04-17 10:50,93883,93873,93963,93834,67331
2026-04-17 10:55,93973,93888,93998,93838,124769
2026-04-17 11:00,93918,93978,94018,93913,64822
2026-04-17 11:05,94122,93923,94142,93923,167227
2026-04-17 11:10,93888,94122,94137,93834,151446
2026-04-17 11:15,94058,93888,94077,93843,90996
2026-04-17 11:20,93953,94053,94062,93893,61260
2026-04-17 11:25,93928,93953,93998,93853,72706
2026-04-17 11:30,93764,93928,93958,93749,163559
2026-04-17 11:35,93739,93764,93863,93734,88327
2026-04-17 11:40,93799,93734,93858,93729,93998
2026-04-17 11:45,93764,93789,93834,93724,83808
2026-04-17 11:50,93674,93771,93804,93639,164167
2026-04-17 11:55,93724,93674,93754,93649,79008
2026-04-17 12:00,93689,93724,93749,93659,101813
2026-04-17 12:05,93654,93689,93719,93649,71141
2026-04-17 12:10,93654,93649,93704,93619,57716
2026-04-17 12:15,93535,93654,93659,93530,141187
2026-04-17 12:20,93535,93535,93605,93530,66879
2026-04-17 12:25,93520,93535,93560,93495,95574
2026-04-17 12:30,93490,93515,93535,93415,247474
2026-04-17 12:35,93306,93495,93550,93296,210609
2026-04-17 12:40,93266,93301,93356,93251,120193
2026-04-17 12:45,93371,93266,93381,93216,152647
2026-04-17 12:50,93376,93371,93405,93321,115734
2026-04-17 12:55,93505,93376,93535,93366,138467
2026-04-17 13:00,93410,93510,93570,93356,151715
2026-04-17 13:05,93490,93415,93530,93361,101278
2026-04-17 13:10,93505,93495,93590,93445,110067
2026-04-17 13:15,93609,93505,93634,93465,123191
2026-04-17 13:20,93784,93605,93809,93605,160210
2026-04-17 13:25,93799,93779,93819,93759,132367
2026-04-17 13:30,93769,93789,93843,93729,133595
2026-04-17 13:35,93883,93759,93898,93754,113760
2026-04-17 13:40,93669,93883,93883,93639,126062
2026-04-17 13:45,93739,93659,93764,93629,72400
2026-04-17 13:50,93804,93729,93829,93724,66692
2026-04-17 13:55,93749,93799,93804,93704,60305
2026-04-17 14:00,93689,93739,93784,93684,78573
2026-04-17 14:05,93744,93684,93744,93575,128957
2026-04-17 14:10,93809,93734,93898,93684,141329
2026-04-17 14:15,93853,93814,93883,93784,78141
2026-04-17 14:20,93744,93853,93883,93714,77760
2026-04-17 14:25,93779,93744,93814,93689,83488
2026-04-17 14:30,93679,93784,93784,93674,56294
2026-04-17 14:35,93664,93679,93714,93590,66195
2026-04-17 14:40,93684,93659,93824,93605,130459
2026-04-17 14:45,93719,93676,93734,93644,74944
2026-04-17 14:50,93699,93719,93739,93659,77253
2026-04-17 14:55,93714,93699,93759,93669,61973
2026-04-17 15:00,93679,93714,93719,93669,70623
2026-04-17 15:05,93654,93684,93724,93619,78720
2026-04-17 15:10,93739,93654,93809,93654,128034
2026-04-17 15:15,93804,93734,93824,93714,118934
2026-04-17 15:20,93749,93804,93819,93739,97812
2026-04-20 9:00,93809,94067,94067,93784,260088
2026-04-20 9:05,93674,93843,93873,93590,448801
2026-04-20 9:10,93739,93679,93809,93341,321198
2026-04-20 9:15,93729,93729,93838,93455,320192
2026-04-20 9:20,93863,93724,93913,93600,358424
2026-04-20 9:25,93928,93863,93928,93729,260102
2026-04-20 9:30,94182,93918,94237,93888,335854
2026-04-20 9:35,93973,94182,94182,93923,191696
2026-04-20 9:40,93878,93973,93973,93754,117335
2026-04-20 9:45,93958,93878,93978,93789,237871
2026-04-20 9:50,94117,93958,94147,93903,199915
2026-04-20 9:55,94247,94117,94296,94067,192221
2026-04-20 10:00,94530,94247,94540,94237,401368
2026-04-20 10:05,94620,94532,94625,94481,193904
2026-04-20 10:10,94675,94620,94700,94520,215717
2026-04-20 10:15,94640,94690,94839,94630,209483
2026-04-20 10:20,94590,94635,94725,94530,141088
2026-04-20 10:25,94630,94590,94660,94491,86354
2026-04-20 10:30,94670,94630,94680,94456,139801
2026-04-20 10:35,94799,94660,94854,94630,178050
2026-04-20 10:40,94690,94799,94809,94640,112378
2026-04-20 10:45,94705,94695,94764,94615,134250
2026-04-20 10:50,94715,94705,94789,94670,78566
2026-04-20 10:55,94978,94710,95008,94700,243407
2026-04-20 11:00,94889,94973,95003,94854,117774
2026-04-20 11:05,94814,94899,94904,94720,114538
2026-04-20 11:10,94824,94809,94879,94700,114622
2026-04-20 11:15,94884,94819,94914,94804,86839
2026-04-20 11:20,94874,94889,94944,94864,74982
2026-04-20 11:25,94904,94874,94949,94794,91333
2026-04-20 11:30,94968,94909,94993,94869,96661
2026-04-20 11:35,94904,94973,95013,94869,92752
2026-04-20 11:40,94829,94899,94978,94814,112091
2026-04-20 11:45,94839,94829,94864,94764,124244
2026-04-20 11:50,94744,94829,94834,94710,101195
2026-04-20 11:55,94744,94749,94839,94685,90265
2026-04-20 12:00,94834,94749,94869,94695,80491
2026-04-20 12:05,94849,94834,94894,94764,149102
2026-04-20 12:10,94739,94849,94859,94725,66699
2026-04-20 12:15,94640,94749,94759,94610,117765
2026-04-20 12:20,94769,94640,94779,94565,213460
2026-04-20 12:25,94809,94766,94824,94739,222754
2026-04-20 12:30,94904,94809,94914,94764,132229
2026-04-20 12:35,94789,94904,94904,94789,69511
2026-04-20 12:40,94754,94794,94819,94710,94296
2026-04-20 12:45,94600,94744,94764,94550,149378
2026-04-20 12:50,94670,94590,94670,94575,88592
2026-04-20 12:55,94690,94665,94715,94595,86226
2026-04-20 13:00,94645,94690,94754,94630,143645
2026-04-20 13:05,94725,94645,94725,94590,89053
2026-04-20 13:10,94650,94722,94769,94625,155733
2026-04-20 13:15,94620,94640,94720,94605,79131
2026-04-20 13:20,94560,94620,94650,94535,102570
2026-04-20 13:25,94620,94555,94680,94510,123964
2026-04-20 13:30,94580,94620,94685,94580,166132
2026-04-20 13:35,94540,94580,94580,94486,107267
2026-04-20 13:40,94600,94540,94605,94456,180797
2026-04-20 13:45,94655,94595,94695,94570,89956
2026-04-20 13:50,94675,94655,94725,94600,86646
2026-04-20 13:55,94685,94675,94690,94585,114274
2026-04-20 14:00,94739,94685,94774,94670,139323
2026-04-20 14:05,94680,94739,94804,94670,146211
2026-04-20 14:10,94655,94680,94725,94615,170075
2026-04-20 14:15,94645,94655,94690,94590,110231
2026-04-20 14:20,94555,94645,94685,94535,155777
2026-04-20 14:25,94550,94555,94590,94486,99651
2026-04-20 14:30,94252,94550,94560,94242,203511
2026-04-20 14:35,94252,94257,94356,94207,232597
2026-04-20 14:40,94142,94252,94282,94082,135463
2026-04-20 14:45,93983,94142,94167,93883,227140
2026-04-20 14:50,93993,93988,94092,93943,146793
2026-04-20 14:55,94137,93998,94152,93903,196499
2026-04-20 15:00,94127,94142,94167,94058,102645
2026-04-20 15:05,94257,94122,94286,94102,134219
2026-04-20 15:10,94187,94267,94267,94117,107958
2026-04-20 15:15,94217,94192,94311,94112,127495
2026-04-20 15:20,94202,94217,94257,94192,84348
2026-04-21 9:00,95491,95257,95526,95202,222436
2026-04-21 9:05,95924,95486,95984,95441,787617
2026-04-21 9:10,96308,95924,96317,95924,719884
2026-04-21 9:15,96074,96298,96313,96044,336289
2026-04-21 9:20,96029,96074,96148,95770,330903
2026-04-21 9:25,95919,96024,96103,95840,271384
2026-04-21 9:30,95944,95914,96084,95820,202301
2026-04-21 9:35,95904,95934,95964,95730,242927
2026-04-21 9:40,95949,95904,96024,95805,297356
2026-04-21 9:45,95919,95959,96098,95899,260000
2026-04-21 9:50,95954,95919,96024,95845,173570
2026-04-21 9:55,96168,95954,96173,95845,234722
2026-04-21 10:00,95969,96163,96168,95954,144842
2026-04-21 10:05,96208,95964,96238,95939,228700
2026-04-21 10:10,96243,96208,96273,96143,134499
2026-04-21 10:15,95999,96248,96263,95944,118378
2026-04-21 10:20,96173,95994,96208,95949,156406
2026-04-21 10:25,96342,96163,96352,96163,214941
2026-04-21 10:30,96183,96332,96357,96158,108427
2026-04-21 10:35,96108,96193,96243,96103,133969
2026-04-21 10:40,95874,96108,96108,95835,259645
2026-04-21 10:45,95800,95869,95899,95710,165993
2026-04-21 10:50,95631,95800,95800,95611,187167
2026-04-21 10:55,95596,95631,95825,95566,195299
2026-04-21 11:00,95576,95596,95650,95491,168247
2026-04-21 11:05,95636,95576,95680,95516,122542
2026-04-21 11:10,95785,95645,95835,95640,193925
2026-04-21 11:15,95790,95780,95835,95670,99379
2026-04-21 11:20,96039,95805,96074,95800,301100
2026-04-21 11:25,96034,96044,96054,95894,137185
2026-04-21 11:30,96093,96034,96203,96009,281390
2026-04-21 11:35,96049,96093,96128,96019,130108
2026-04-21 11:40,96128,96044,96128,95979,199130
2026-04-21 11:45,96213,96113,96223,96108,166901
2026-04-21 11:50,96168,96213,96273,96133,203310
2026-04-21 11:55,96188,96168,96253,96148,126662
2026-04-21 12:00,96148,96188,96228,96138,161214
2026-04-21 12:05,96173,96163,96218,96108,90897
2026-04-21 12:10,96148,96178,96198,96074,143846
2026-04-21 12:15,96133,96148,96153,96014,153583
2026-04-21 12:20,96059,96138,96168,95979,120068
2026-04-21 12:25,96049,96069,96108,96004,138663
2026-04-21 12:30,96079,96049,96098,96019,99188
2026-04-21 12:35,96069,96069,96118,96009,105252
2026-04-21 12:40,96118,96074,96148,96034,105087
2026-04-21 12:45,96098,96118,96148,95989,118262
2026-04-21 12:50,96183,96098,96203,96074,155132
2026-04-21 12:55,96218,96183,96253,96163,173452
2026-04-21 13:00,96322,96218,96342,96208,175696
2026-04-21 13:05,96322,96322,96437,96248,223168
2026-04-21 13:10,96143,96322,96322,96128,141316
2026-04-21 13:15,96283,96158,96295,96158,177825
2026-04-21 13:20,96263,96283,96308,96198,101034
2026-04-21 13:25,96392,96273,96427,96268,183907
2026-04-21 13:30,96322,96392,96422,96293,138134
2026-04-21 13:35,96382,96322,96412,96288,118128
2026-04-21 13:40,96412,96377,96437,96347,118586
2026-04-21 13:45,96337,96412,96412,96303,102760
2026-04-21 13:50,96283,96332,96407,96238,211247
2026-04-21 13:55,96288,96288,96377,96253,125557
2026-04-21 14:00,96347,96293,96397,96273,102516
2026-04-21 14:05,96382,96347,96477,96342,156353
2026-04-21 14:10,96437,96382,96482,96372,176555
2026-04-21 14:15,96522,96447,96527,96427,128113
2026-04-21 14:20,96527,96522,96537,96479,83243
2026-04-21 14:25,96462,96532,96546,96447,86396
2026-04-21 14:30,96387,96462,96482,96359,85687
2026-04-21 14:35,96382,96389,96407,96293,156556
2026-04-21 14:40,96527,96377,96537,96367,161187
2026-04-21 14:45,96447,96529,96532,96427,67991
2026-04-21 14:50,96532,96447,96551,96437,113347
2026-04-21 14:55,96487,96522,96532,96432,101994
2026-04-21 15:00,96546,96477,96556,96442,198271
2026-04-21 15:05,96467,96546,96556,96447,195739
2026-04-21 15:10,96541,96462,96581,96442,259535
2026-04-21 15:15,96432,96546,96576,96427,213190
2026-04-21 15:20,96487,96437,96517,96417,241215
2026-04-22 9:00,96765,96556,96815,96551,184951
2026-04-22 9:05,96203,96765,96857,96183,461081
2026-04-22 9:10,96656,96198,96741,96143,406895
2026-04-22 9:15,96522,96651,96770,96337,326549
2026-04-22 9:20,96268,96522,96532,96233,213410
2026-04-22 9:25,96467,96258,96507,96248,213493
2026-04-22 9:30,96656,96462,96686,96457,312528
2026-04-22 9:35,96701,96661,96751,96591,342693
2026-04-22 9:40,96442,96701,96701,96293,541181
2026-04-22 9:45,96467,96437,96671,96427,510670
2026-04-22 9:50,96382,96464,96546,96372,194939
2026-04-22 9:55,96268,96382,96477,96253,304424
2026-04-22 10:00,96223,96263,96402,96193,379233
2026-04-22 10:05,96138,96218,96367,96108,321237
2026-04-22 10:10,96118,96138,96218,95999,352815
2026-04-22 10:15,96034,96118,96258,95939,417764
2026-04-22 10:20,95864,96034,96103,95864,221724
2026-04-22 10:25,95835,95860,95944,95780,196292
2026-04-22 10:30,95596,95840,95845,95581,237154
2026-04-22 10:35,95486,95596,95611,95416,203701
2026-04-22 10:40,95780,95476,95835,95451,236485
2026-04-22 10:45,95611,95780,95864,95581,164912
2026-04-22 10:50,95929,95621,95934,95566,213640
2026-04-22 10:55,95855,95939,95954,95810,171546
2026-04-22 11:00,95884,95855,95929,95810,144006
2026-04-22 11:05,95800,95884,95939,95730,159191
2026-04-22 11:10,95994,95800,96014,95760,128613
2026-04-22 11:15,96049,95989,96163,95979,178681
2026-04-22 11:20,96193,96046,96198,96019,157840
2026-04-22 11:25,96064,96193,96233,96019,167149
2026-04-22 11:30,96203,96074,96208,96024,104230
2026-04-22 11:35,96198,96203,96253,96123,101806
2026-04-22 11:40,96198,96198,96283,96158,106095
2026-04-22 11:45,96188,96188,96278,96173,87591
2026-04-22 11:50,96213,96188,96253,96153,62197
2026-04-22 11:55,96288,96213,96362,96188,122240
2026-04-22 12:00,96148,96293,96308,96118,98843
2026-04-22 12:05,96313,96148,96362,96118,89139
2026-04-22 12:10,96253,96317,96342,96233,71779
2026-04-22 12:15,96108,96253,96258,96098,100447
2026-04-22 12:20,96148,96108,96178,96084,71538
2026-04-22 12:25,96163,96148,96298,96130,108771
2026-04-22 12:30,96352,96178,96357,96138,154154
2026-04-22 12:35,96427,96362,96541,96347,226187
2026-04-22 12:40,96213,96432,96457,96208,183776
2026-04-22 12:45,96313,96223,96342,96203,97292
2026-04-22 12:50,96372,96313,96382,96303,118941
2026-04-22 12:55,96298,96367,96397,96273,114564
2026-04-22 13:00,96308,96298,96397,96273,105131
2026-04-22 13:05,96313,96313,96352,96233,76516
2026-04-22 13:10,96417,96308,96427,96263,115510
2026-04-22 13:15,96412,96422,96477,96352,172276
2026-04-22 13:20,96298,96402,96412,96258,116674
2026-04-22 13:25,96357,96298,96382,96263,75316
2026-04-22 13:30,96327,96352,96412,96303,84286
2026-04-22 13:35,96317,96332,96372,96258,161554
2026-04-22 13:40,96342,96317,96417,96313,106177
2026-04-22 13:45,96337,96342,96387,96283,112266
2026-04-22 13:50,96248,96327,96367,96248,118889
2026-04-22 13:55,96019,96253,96268,96014,181990
2026-04-22 14:00,96019,96024,96064,95949,265747
2026-04-22 14:05,96034,96024,96138,96009,145311
2026-04-22 14:10,96233,96029,96268,96014,145197
2026-04-22 14:15,96347,96238,96387,96233,229599
2026-04-22 14:20,96721,96352,96741,96342,547214
2026-04-22 14:25,96880,96716,96970,96701,452559
2026-04-22 14:30,96631,96880,96880,96591,207541
2026-04-22 14:35,96731,96636,96805,96616,196856
2026-04-22 14:40,96731,96726,96795,96671,170994
2026-04-22 14:45,96746,96746,96875,96731,199416
2026-04-22 14:50,96751,96741,96830,96726,119945
2026-04-22 14:55,96920,96756,96935,96751,223703
2026-04-22 15:00,96855,96925,96945,96830,226948
2026-04-22 15:05,96805,96855,96965,96795,291902
2026-04-22 15:10,96780,96805,96840,96756,229801
2026-04-22 15:15,96751,96780,96790,96721,179549
2026-04-22 15:20,96780,96751,96790,96701,112244
2026-04-23 9:00,98115,98000,98279,97995,482887
2026-04-23 9:05,98657,98110,98672,98040,1109981
2026-04-23 9:10,98567,98657,99020,98478,900995
2026-04-23 9:15,97990,98582,98707,97965,636287
2026-04-23 9:20,98642,98000,98722,97721,885165
2026-04-23 9:25,98936,98642,98966,98592,518201
2026-04-23 9:30,99359,98931,99359,98916,624864
2026-04-23 9:35,99279,99359,99414,99130,361406
2026-04-23 9:40,99210,99279,99414,99110,217697
2026-04-23 9:45,99230,99200,99299,99090,186160
2026-04-23 9:50,99125,99225,99309,99090,274820
2026-04-23 9:55,99135,99125,99230,99055,212859
2026-04-23 10:00,99279,99135,99324,99070,291513
2026-04-23 10:05,98911,99279,99324,98911,370002
2026-04-23 10:10,98981,98911,99095,98881,287498
2026-04-23 10:15,99080,98981,99205,98896,252425
2026-04-23 10:20,98702,99080,99080,98602,270916
2026-04-23 10:25,98876,98692,98921,98617,197060
2026-04-23 10:30,98811,98871,99040,98662,324442
2026-04-23 10:35,98677,98806,98961,98642,231308
2026-04-23 10:40,98388,98662,98667,98363,315758
2026-04-23 10:45,98622,98388,98717,98378,222058
2026-04-23 10:50,98612,98622,98707,98498,174888
2026-04-23 10:55,98343,98612,98652,98289,330817
2026-04-23 11:00,98348,98348,98473,98284,182288
2026-04-23 11:05,98244,98358,98433,98184,219328
2026-04-23 11:10,98055,98249,98348,98055,186494
2026-04-23 11:15,97811,98050,98095,97731,252748
2026-04-23 11:20,97856,97806,97945,97721,254765
2026-04-23 11:25,97811,97846,98105,97766,252419
2026-04-23 11:30,97602,97811,97915,97602,256835
2026-04-23 11:35,97617,97597,97647,97393,243383
2026-04-23 11:40,97318,97607,97736,97298,220577
2026-04-23 11:45,97209,97313,97368,97164,204223
2026-04-23 11:50,97149,97209,97348,97109,217121
2026-04-23 11:55,97199,97139,97452,97124,238355
2026-04-23 12:00,96785,97201,97204,96770,301965
2026-04-23 12:05,96925,96785,97004,96711,185640
2026-04-23 12:10,96352,96920,96920,96278,238536
2026-04-23 12:15,96253,96352,96402,95989,365015
2026-04-23 12:20,96009,96248,96382,95994,263391
2026-04-23 12:25,96103,96009,96314,95999,211588
2026-04-23 12:30,96074,96093,96233,96024,193310
2026-04-23 12:35,95904,96069,96253,95889,462548
2026-04-23 12:40,95292,95904,95909,95252,423071
2026-04-23 12:45,95845,95292,95855,95277,591212
2026-04-23 12:50,96298,95845,96342,95820,332664
2026-04-23 12:55,96113,96303,96432,96074,203540
2026-04-23 13:00,96253,96113,96337,96098,111201
2026-04-23 13:05,96014,96248,96268,95989,109028
2026-04-23 13:10,96273,96014,96322,95914,169719
2026-04-23 13:15,96452,96273,96532,96248,160276
2026-04-23 13:20,96377,96442,96541,96332,171009
2026-04-23 13:25,96283,96377,96467,96193,197882
2026-04-23 13:30,96347,96268,96422,96238,130170
2026-04-23 13:35,96785,96347,96785,96347,182622
2026-04-23 13:40,96795,96780,96880,96706,221291
2026-04-23 13:45,96770,96790,96895,96691,158018
2026-04-23 13:50,96905,96761,96935,96691,125781
2026-04-23 13:55,97064,96890,97141,96855,251800
2026-04-23 14:00,97144,97059,97223,97014,180918
2026-04-23 14:05,97189,97134,97253,97109,216946
2026-04-23 14:10,97433,97189,97547,97179,388306
2026-04-23 14:15,97288,97433,97487,97248,151546
2026-04-23 14:20,97238,97288,97338,97074,275101
2026-04-23 14:25,97064,97238,97258,96994,102654
2026-04-23 14:30,97169,97064,97189,96965,111785
2026-04-23 14:35,97403,97174,97413,97164,196034
2026-04-23 14:40,97248,97393,97477,97233,182445
2026-04-23 14:45,97393,97248,97408,97144,102975
2026-04-23 14:50,97567,97413,97582,97393,166674
2026-04-23 14:55,97781,97567,97890,97562,207972
2026-04-23 15:00,97925,97781,97945,97766,114416
2026-04-23 15:05,97826,97930,97930,97761,141221
2026-04-23 15:10,97736,97826,97826,97706,140941
2026-04-23 15:15,97781,97736,97786,97612,132990
2026-04-23 15:20,97831,97776,97886,97771,147638
2026-04-24 9:00,98423,98259,98473,98254,131734
2026-04-24 9:05,98050,98443,98592,97652,521128
2026-04-24 9:10,97796,98045,98129,97771,244362
2026-04-24 9:15,97532,97806,97925,97517,304135
2026-04-24 9:20,97562,97532,97890,97467,257656
2026-04-24 9:25,97507,97562,97676,97433,210328
2026-04-24 9:30,97761,97512,97920,97507,326518
2026-04-24 9:35,97666,97756,97895,97522,239542
2026-04-24 9:40,97791,97662,97856,97567,115773
2026-04-24 9:45,97821,97788,97826,97572,92452
2026-04-24 9:50,97975,97821,97980,97706,158654
2026-04-24 9:55,97771,97980,98090,97746,215509
2026-04-24 10:00,97701,97776,97876,97637,141798
2026-04-24 10:05,97527,97681,97691,97444,212052
2026-04-24 10:10,97622,97527,97637,97442,151935
2026-04-24 10:15,97582,97622,97791,97567,153329
2026-04-24 10:20,97403,97582,97602,97338,182145
2026-04-24 10:25,97567,97408,97567,97358,223465
2026-04-24 10:30,97612,97562,97836,97517,211865
2026-04-24 10:35,97388,97607,97612,97268,172311
2026-04-24 10:40,97577,97378,97617,97318,143900
2026-04-24 10:45,97562,97582,97592,97467,155716
2026-04-24 10:50,97786,97562,97796,97537,180061
2026-04-24 10:55,97915,97786,97980,97761,240500
2026-04-24 11:00,97836,97915,98050,97771,192657
2026-04-24 11:05,97791,97836,97950,97736,153403
2026-04-24 11:10,97751,97791,97831,97627,143289
2026-04-24 11:15,97542,97746,97766,97447,166940
2026-04-24 11:20,97452,97532,97612,97428,110093
2026-04-24 11:25,97194,97447,97482,97174,204744
2026-04-24 11:30,97273,97194,97308,97144,119974
2026-04-24 11:35,97268,97268,97393,97228,250919
2026-04-24 11:40,97258,97273,97343,97149,112836
2026-04-24 11:45,97383,97248,97482,97248,232830
2026-04-24 11:50,97328,97368,97423,97263,201024
2026-04-24 11:55,97383,97318,97462,97268,136698
2026-04-24 12:00,97472,97373,97517,97318,191676
2026-04-24 12:05,97333,97477,97562,97288,178887
2026-04-24 12:10,97318,97328,97368,97273,72220
2026-04-24 12:15,97288,97318,97373,97253,69720
2026-04-24 12:20,97368,97298,97403,97273,60588
2026-04-24 12:25,97398,97368,97433,97283,95064
2026-04-24 12:30,97223,97388,97423,97223,126772
2026-04-24 12:35,97268,97223,97363,97199,205530
2026-04-24 12:40,97104,97268,97318,97104,309578
2026-04-24 12:45,97054,97114,97179,96999,203157
2026-04-24 12:50,97029,97059,97119,96999,145558
2026-04-24 12:55,96915,97034,97104,96905,125819
2026-04-24 13:00,96576,96915,96915,96571,270145
2026-04-24 13:05,96751,96591,96800,96482,292917
2026-04-24 13:10,97054,96751,97079,96651,421837
2026-04-24 13:15,97233,97044,97268,96955,377723
2026-04-24 13:20,97119,97238,97248,97089,119141
2026-04-24 13:25,97014,97134,97209,97004,141577
2026-04-24 13:30,97159,97009,97228,96999,209385
2026-04-24 13:35,97154,97164,97240,97119,150843
2026-04-24 13:40,97218,97154,97228,97129,98070
2026-04-24 13:45,97442,97218,97447,97199,304461
2026-04-24 13:50,97567,97438,97642,97418,309612
2026-04-24 13:55,97507,97567,97597,97447,138421
2026-04-24 14:00,97438,97507,97517,97433,130809
2026-04-24 14:05,97482,97438,97487,97303,118586
2026-04-24 14:10,97373,97477,97512,97283,99024
2026-04-24 14:15,97482,97358,97497,97258,99927
2026-04-24 14:20,97413,97477,97497,97393,95075
2026-04-24 14:25,97676,97428,97676,97418,202645
2026-04-24 14:30,97567,97666,97681,97522,91920
2026-04-24 14:35,97607,97567,97716,97557,145140
2026-04-24 14:40,97681,97602,97761,97582,102192
2026-04-24 14:45,97622,97681,97721,97572,95096
2026-04-24 14:50,97731,97632,97746,97617,103017
2026-04-24 14:55,97731,97731,97766,97686,97763
2026-04-24 15:00,97786,97736,97841,97731,138166
2026-04-24 15:05,97706,97791,97841,97706,190683
2026-04-24 15:10,97617,97706,97716,97612,218953
2026-04-24 15:15,97652,97622,97691,97607,258320
2026-04-24 15:20,97686,97652,97691,97642,74761
2026-04-27 9:00,98752,98548,98752,98518,155632
2026-04-27 9:05,98697,98757,98941,98602,409749
2026-04-27 9:10,98906,98712,98921,98468,380832
2026-04-27 9:15,98826,98906,99055,98791,309431
2026-04-27 9:20,99011,98841,99175,98732,395280
2026-04-27 9:25,98881,99006,99120,98861,167980
2026-04-27 9:30,99130,98881,99135,98787,412609
2026-04-27 9:35,99200,99140,99235,99006,181433
2026-04-27 9:40,99215,99200,99254,99150,146759
2026-04-27 9:45,99274,99225,99289,99105,224558
2026-04-27 9:50,99294,99274,99339,99259,153423
2026-04-27 9:55,99150,99294,99314,99135,156818
2026-04-27 10:00,99608,99155,99618,99150,528151
2026-04-27 10:05,99792,99603,99862,99568,607169
2026-04-27 10:10,99628,99792,99792,99528,234520
2026-04-27 10:15,99434,99613,99683,99419,195000
2026-04-27 10:20,99464,99434,99513,99309,178197
2026-04-27 10:25,99374,99454,99603,99354,202398
2026-04-27 10:30,99399,99374,99528,99140,210353
2026-04-27 10:35,99588,99389,99658,99359,199745
2026-04-27 10:40,99623,99608,99717,99558,177121
2026-04-27 10:45,99732,99623,99762,99608,165126
2026-04-27 10:50,99782,99732,99812,99692,200096
2026-04-27 10:55,99742,99777,99797,99653,140800
2026-04-27 11:00,99782,99752,99847,99673,156825
2026-04-27 11:05,99892,99777,99892,99742,207305
2026-04-27 11:10,100011,99887,100056,99867,319886
2026-04-27 11:15,100076,100011,100106,99981,157848
2026-04-27 11:20,100021,100076,100111,99986,104713
2026-04-27 11:25,100091,100021,100126,100001,98735
2026-04-27 11:30,100101,100086,100121,100026,94228
2026-04-27 11:35,100315,100101,100315,100081,251252
2026-04-27 11:40,100160,100315,100369,100160,194904
2026-04-27 11:45,100170,100170,100190,100106,92994
2026-04-27 11:50,100180,100170,100190,100096,76033
2026-04-27 11:55,100106,100180,100220,100091,95443
2026-04-27 12:00,100205,100106,100220,100091,102938
2026-04-27 12:05,100096,100205,100260,100096,137004
2026-04-27 12:10,100076,100111,100190,100071,96527
2026-04-27 12:15,100155,100071,100220,100016,166304
2026-04-27 12:20,100245,100155,100245,100106,94186
2026-04-27 12:25,100131,100245,100250,100096,135003
2026-04-27 12:30,100141,100136,100190,100076,180272
2026-04-27 12:35,100165,100141,100200,100116,122972
2026-04-27 12:40,100145,100165,100200,100096,203152
2026-04-27 12:45,100240,100136,100270,100111,345612
2026-04-27 12:50,100220,100245,100285,100190,223756
2026-04-27 12:55,100394,100220,100399,100220,266484
2026-04-27 13:00,100479,100394,100554,100389,333283
2026-04-27 13:05,100399,100489,100489,100305,180100
2026-04-27 13:10,100439,100394,100524,100389,206864
2026-04-27 13:15,100384,100439,100459,100335,136602
2026-04-27 13:20,100409,100389,100434,100355,120827
2026-04-27 13:25,100439,100409,100464,100360,147562
2026-04-27 13:30,100444,100444,100539,100424,147358
2026-04-27 13:35,100474,100454,100564,100439,181299
2026-04-27 13:40,100638,100484,100668,100469,160983
2026-04-27 13:45,100633,100638,100718,100593,142928
2026-04-27 13:50,100434,100633,100638,100419,80152
2026-04-27 13:55,100355,100434,100494,100345,137488
2026-04-27 14:00,100345,100355,100434,100245,141786
2026-04-27 14:05,100091,100345,100384,100086,146043
2026-04-27 14:10,100399,100091,100399,100066,131130
2026-04-27 14:15,100275,100394,100394,100195,73943
2026-04-27 14:20,100409,100285,100449,100255,111933
2026-04-27 14:25,100365,100404,100489,100325,116243
2026-04-27 14:30,100255,100365,100374,100205,135519
2026-04-27 14:35,99931,100255,100265,99931,178728
2026-04-27 14:40,99673,99931,100016,99638,314477
2026-04-27 14:45,99837,99678,99912,99663,266834
2026-04-27 14:50,99673,99837,99877,99658,147197
2026-04-27 14:55,99792,99678,99857,99663,166455
2026-04-27 15:00,99707,99797,99852,99673,146591
2026-04-27 15:05,99752,99712,99832,99658,140848
2026-04-27 15:10,99638,99752,99762,99545,273549
2026-04-27 15:15,99697,99633,99742,99573,295744
2026-04-27 15:20,99692,99683,99707,99573,352821
2026-04-28 9:00,100345,100409,100534,100250,188475
2026-04-28 9:05,100180,100355,100529,99976,701671
2026-04-28 9:10,100409,100180,100484,100066,392333
2026-04-28 9:15,100618,100424,100638,100409,379662
2026-04-28 9:20,100335,100618,100803,100290,393670
2026-04-28 9:25,100544,100355,100748,100335,305444
2026-04-28 9:30,100350,100539,100539,100200,287379
2026-04-28 9:35,100499,100355,100783,100315,397437
2026-04-28 9:40,100942,100489,100942,100484,403704
2026-04-28 9:45,100932,100942,100982,100788,181288
2026-04-28 9:50,101017,100932,101081,100867,242593
2026-04-28 9:55,101246,101027,101251,100982,203674
2026-04-28 10:00,101310,101251,101400,101236,242727
2026-04-28 10:05,101345,101295,101390,101141,182869
2026-04-28 10:10,101485,101350,101514,101251,231424
2026-04-28 10:15,101470,101485,101604,101465,218080
2026-04-28 10:20,101410,101485,101569,101380,207055
2026-04-28 10:25,101360,101420,101504,101345,151574
2026-04-28 10:30,101261,101350,101521,101241,184397
2026-04-28 10:35,101345,101256,101375,101191,214217
2026-04-28 10:40,101445,101350,101494,101246,118418
2026-04-28 10:45,101216,101445,101534,101191,190438
2026-04-28 10:50,100867,101211,101285,100793,222113
2026-04-28 10:55,100884,100877,101007,100827,191129
2026-04-28 11:00,100584,100872,101002,100556,217090
2026-04-28 11:05,100559,100579,100618,100394,218228
2026-04-28 11:10,100499,100559,100653,100489,113295
2026-04-28 11:15,100693,100504,100708,100459,149299
2026-04-28 11:20,100922,100678,100952,100668,215487
2026-04-28 11:25,101027,100927,101111,100852,142029
2026-04-28 11:30,100683,101022,101056,100658,161374
2026-04-28 11:35,100872,100673,100952,100663,154897
2026-04-28 11:40,100743,100877,100892,100708,91509
2026-04-28 11:45,100678,100743,100773,100618,123825
2026-04-28 11:50,100623,100693,100768,100574,136561
2026-04-28 11:55,100429,100638,100643,100419,140167
2026-04-28 12:00,100350,100419,100514,100330,105341
2026-04-28 12:05,100404,100350,100454,100300,116090
2026-04-28 12:10,100633,100414,100638,100365,95518
2026-04-28 12:15,100698,100628,100818,100613,297225
2026-04-28 12:20,100857,100698,100882,100668,177092
2026-04-28 12:25,100793,100857,100867,100713,73095
2026-04-28 12:30,100987,100783,100992,100768,175685
2026-04-28 12:35,101012,100972,101091,100952,109771
2026-04-28 12:40,101086,101012,101166,100972,126669
2026-04-28 12:45,101017,101091,101116,100997,98637
2026-04-28 12:50,101012,101027,101101,100982,96651
2026-04-28 12:55,101027,101012,101056,100977,74207
2026-04-28 13:00,100937,101032,101091,100902,103829
2026-04-28 13:05,100914,100937,101002,100897,136981
2026-04-28 13:10,101146,100907,101151,100907,174498
2026-04-28 13:15,101046,101156,101176,101032,140418
2026-04-28 13:20,101066,101037,101081,100997,107880
2026-04-28 13:25,101051,101061,101066,100987,58327
2026-04-28 13:30,101091,101046,101176,101046,94018
2026-04-28 13:35,101096,101101,101171,101051,111126
2026-04-28 13:40,101022,101096,101111,100987,79097
2026-04-28 13:45,101042,101037,101096,101002,94739
2026-04-28 13:50,101032,101032,101061,100927,119831
2026-04-28 13:55,100977,101032,101136,100907,201488
2026-04-28 14:00,100922,100982,101002,100867,118389
2026-04-28 14:05,100827,100922,100962,100713,126975
2026-04-28 14:10,100793,100832,100912,100758,186084
2026-04-28 14:15,100653,100788,100803,100633,125025
2026-04-28 14:20,100574,100653,100658,100504,148639
2026-04-28 14:25,100618,100569,100708,100569,113182
2026-04-28 14:30,100504,100618,100683,100484,136866
2026-04-28 14:35,100355,100504,100524,100320,148224
2026-04-28 14:40,100414,100350,100429,100175,346883
2026-04-28 14:45,100434,100419,100584,100355,179911
2026-04-28 14:50,100539,100444,100564,100389,115552
2026-04-28 14:55,100623,100544,100683,100539,103271
2026-04-28 15:00,100444,100613,100683,100434,163441
2026-04-28 15:05,100444,100439,100549,100384,121885
2026-04-28 15:10,100399,100434,100504,100355,74622
2026-04-28 15:15,100365,100394,100424,100305,111605
2026-04-28 15:20,100270,100365,100389,100255,170834
2026-04-29 9:00,99920,99750,100010,99745,153345
2026-04-29 9:05,99925,99930,100090,99800,367210
2026-04-29 9:10,100115,99925,100130,99815,155843
2026-04-29 9:15,100165,100115,100235,100040,153016
2026-04-29 9:20,99940,100165,100165,99730,342620
2026-04-29 9:25,100055,99945,100095,99910,131146
2026-04-29 9:30,100230,100050,100240,99930,122991
2026-04-29 9:35,100425,100215,100455,100165,184091
2026-04-29 9:40,100590,100420,100630,100385,173481
2026-04-29 9:45,100570,100575,100710,100525,132935
2026-04-29 9:50,100330,100565,100595,100305,183268
2026-04-29 9:55,100320,100330,100435,100255,160623
2026-04-29 10:00,100030,100310,100455,100025,206620
2026-04-29 10:05,99740,100030,100050,99725,353852
2026-04-29 10:10,99685,99740,99800,99520,322676
2026-04-29 10:15,99915,99690,99935,99625,209928
2026-04-29 10:20,100045,99910,100060,99785,208504
2026-04-29 10:25,100025,100050,100210,99985,217642
2026-04-29 10:30,99935,100030,100110,99835,172849
2026-04-29 10:35,100265,99945,100280,99895,248555
2026-04-29 10:40,100215,100270,100345,100120,139786
2026-04-29 10:45,100280,100220,100365,100205,86667
2026-04-29 10:50,100255,100275,100335,100200,92137
2026-04-29 10:55,100300,100250,100315,100180,152262
2026-04-29 11:00,100405,100295,100435,100245,95583
2026-04-29 11:05,100165,100405,100435,100125,112056
2026-04-29 11:10,100300,100165,100340,100165,93644
2026-04-29 11:15,100155,100300,100305,100110,124529
2026-04-29 11:20,100210,100150,100425,100125,181332
2026-04-29 11:25,100260,100205,100270,100040,259295
2026-04-29 11:30,100150,100265,100320,100115,124040
2026-04-29 11:35,100080,100150,100250,100075,78452
2026-04-29 11:40,100025,100080,100170,100015,52004
2026-04-29 11:45,99980,100025,100050,99920,111233
2026-04-29 11:50,100155,99975,100160,99965,245334
2026-04-29 11:55,100105,100145,100260,100045,184332
2026-04-29 12:00,100190,100105,100230,100075,98038
2026-04-29 12:05,100440,100197,100460,100170,210333
2026-04-29 12:10,100380,100440,100515,100375,149463
2026-04-29 12:15,100415,100375,100485,100305,266464
2026-04-29 12:20,100570,100415,100600,100410,204801
2026-04-29 12:25,100575,100575,100595,100470,135670
2026-04-29 12:30,100515,100575,100585,100510,50952
2026-04-29 12:35,100535,100510,100555,100425,67848
2026-04-29 12:40,100550,100535,100555,100460,77932
2026-04-29 12:45,100535,100547,100565,100420,86212
2026-04-29 12:50,100515,100535,100560,100495,50689
2026-04-29 12:55,100470,100505,100555,100455,62580
2026-04-29 13:00,100515,100467,100525,100440,59145
2026-04-29 13:05,100610,100515,100660,100510,177460
2026-04-29 13:10,100745,100620,100800,100610,98121
2026-04-29 13:15,100780,100750,100855,100690,108320
2026-04-29 13:20,100725,100780,100815,100705,80874
2026-04-29 13:25,100835,100725,100835,100690,97648
2026-04-29 13:30,101155,100825,101165,100825,209845
2026-04-29 13:35,101190,101150,101300,101080,257461
2026-04-29 13:40,101120,101190,101250,101070,135194
2026-04-29 13:45,101085,101120,101155,101030,145505
2026-04-29 13:50,101185,101085,101225,101025,155760
2026-04-29 13:55,101105,101185,101190,101075,77012
2026-04-29 14:00,101005,101110,101140,101005,94794
2026-04-29 14:05,100855,101000,101025,100825,132143
2026-04-29 14:10,100710,100855,100865,100605,145381
2026-04-29 14:15,100720,100710,100820,100650,121864
2026-04-29 14:20,100705,100725,100800,100680,130900
2026-04-29 14:25,100675,100705,100750,100635,77883
2026-04-29 14:30,100975,100690,101005,100665,234252
2026-04-29 14:35,100965,100975,101065,100935,122835
2026-04-29 14:40,100975,100960,101040,100945,78556
2026-04-29 14:45,100945,100975,101030,100850,151238
2026-04-29 14:50,101095,100945,101120,100910,99070
2026-04-29 14:55,101265,101092,101270,101065,102674
2026-04-29 15:00,101190,101265,101270,101100,110068
2026-04-29 15:05,101100,101190,101210,101070,68403
2026-04-29 15:10,101055,101107,101107,100965,108865
2026-04-29 15:15,100945,101050,101060,100895,142062
2026-04-29 15:20,100925,100935,100940,100830,127737
2026-04-30 9:00,102005,101755,102105,101730,218449
2026-04-30 9:05,102060,101995,102230,101925,667081
2026-04-30 9:10,101935,102065,102230,101835,332974
2026-04-30 9:15,101575,101945,101945,101535,314295
2026-04-30 9:20,101600,101572,101775,101405,197996
2026-04-30 9:25,101455,101615,101650,101430,144905
2026-04-30 9:30,101815,101465,101815,101450,164185
2026-04-30 9:35,101700,101815,101865,101640,141406
2026-04-30 9:40,101875,101700,101915,101670,108566
2026-04-30 9:45,101610,101875,101905,101515,107302
2026-04-30 9:50,101440,101610,101635,101365,152374
2026-04-30 9:55,101145,101435,101595,101105,253335
2026-04-30 10:00,101060,101140,101305,101055,230475
2026-04-30 10:05,100820,101065,101115,100740,244057
2026-04-30 10:10,100940,100820,101060,100760,123691
2026-04-30 10:15,100980,100925,101040,100850,74126
2026-04-30 10:20,101110,100980,101130,100965,142645
2026-04-30 10:25,101105,101105,101130,100960,68473
2026-04-30 10:30,100955,101095,101115,100945,60826
2026-04-30 10:35,100975,100957,101265,100870,163037
2026-04-30 10:40,101160,100975,101160,100715,222127
2026-04-30 10:45,101155,101135,101320,101135,174987
2026-04-30 10:50,101085,101175,101185,100965,84168
2026-04-30 10:55,101335,101085,101355,101070,119792
2026-04-30 11:00,101625,101325,101630,101262,229530
2026-04-30 11:05,101595,101625,101700,101545,164985
2026-04-30 11:10,101715,101600,101735,101535,156494
2026-04-30 11:15,101710,101710,101745,101665,92304
2026-04-30 11:20,101455,101715,101725,101430,137335
2026-04-30 11:25,101360,101450,101500,101340,73912
2026-04-30 11:30,100670,101365,101380,100660,330898
2026-04-30 11:35,100995,100675,101055,100550,399053
2026-04-30 11:40,100950,101000,101200,100905,223770
2026-04-30 11:45,100690,100935,101010,100655,126469
2026-04-30 11:50,100755,100680,100790,100610,93401
2026-04-30 11:55,100595,100755,100780,100575,204023
2026-04-30 12:00,100875,100587,100935,100535,220042
2026-04-30 12:05,101025,100865,101050,100800,161791
2026-04-30 12:10,100850,101025,101035,100715,133021
2026-04-30 12:15,100660,100850,100880,100610,62681
2026-04-30 12:20,100710,100660,100770,100630,44315
2026-04-30 12:25,100745,100695,100835,100660,67086
2026-04-30 12:30,100810,100745,100820,100690,52859
2026-04-30 12:35,100955,100810,100980,100730,109476
2026-04-30 12:40,100990,100965,101130,100890,198107
2026-04-30 12:45,100885,100995,101060,100845,81482
2026-04-30 12:50,101020,100890,101065,100865,133813
2026-04-30 12:55,100935,101020,101060,100825,94750
2026-04-30 13:00,100865,100940,100980,100785,77683
2026-04-30 13:05,100615,100850,100905,100585,146805
2026-04-30 13:10,100630,100625,100765,100555,109734
2026-04-30 13:15,100495,100645,100675,100470,162427
2026-04-30 13:20,100255,100500,100500,100230,218161
2026-04-30 13:25,100300,100255,100345,100120,149303
2026-04-30 13:30,100045,100300,100300,100040,171447
2026-04-30 13:35,100070,100050,100085,99900,234101
2026-04-30 13:40,100100,100070,100130,99990,104400
2026-04-30 13:45,100355,100100,100365,100090,160777
2026-04-30 13:50,100185,100355,100360,100130,108137
2026-04-30 13:55,100000,100180,100185,99985,118150
2026-04-30 14:00,100015,100000,100080,99845,190219
2026-04-30 14:05,100265,100025,100290,100005,190620
2026-04-30 14:10,100400,100270,100435,100210,188263
2026-04-30 14:15,100225,100415,100420,100210,92035
2026-04-30 14:20,100155,100225,100275,100070,103141
2026-04-30 14:25,100160,100145,100350,100110,184904
2026-04-30 14:30,100255,100165,100295,100075,170160
2026-04-30 14:35,100375,100250,100410,100195,127021
2026-04-30 14:40,100345,100375,100385,100275,100902
2026-04-30 14:45,100185,100340,100345,100150,81318
2026-04-30 14:50,100195,100185,100215,100055,115284
2026-04-30 14:55,100260,100190,100290,100165,156713
2026-04-30 15:00,100180,100255,100255,100125,126368
2026-04-30 15:05,100010,100175,100230,100000,147245
2026-04-30 15:10,100005,100025,100115,99945,162437
2026-04-30 15:15,99990,100020,100030,99960,128298
2026-04-30 15:20,99970,99990,100030,99965,117151
2026-05-04 9:00,102455,102530,102630,102400,255163
2026-05-04 9:05,102340,102475,102555,101865,564833
2026-05-04 9:10,102425,102360,102495,102135,470181
2026-05-04 9:15,102285,102420,102480,102175,269215
2026-05-04 9:20,102220,102285,102410,102200,227481
2026-05-04 9:25,102242,102225,102380,102155,258459
2026-05-04 9:30,102390,102245,102500,102195,363789
2026-05-04 9:35,102570,102375,102590,102375,301994
2026-05-04 9:40,102225,102575,102575,102200,193170
2026-05-04 9:45,102325,102235,102475,102200,270648
2026-05-04 9:50,102285,102325,102440,102240,179247
2026-05-04 9:55,102630,102265,102640,102232,380626
2026-05-04 10:00,102610,102620,102755,102600,274394
2026-05-04 10:05,102615,102605,102700,102500,161482
2026-05-04 10:10,102650,102610,102745,102595,108053
2026-05-04 10:15,102915,102650,102960,102630,358441
2026-05-04 10:20,102920,102915,102975,102860,187006
2026-05-04 10:25,103055,102915,103065,102905,377155
2026-05-04 10:30,103195,103055,103230,102980,248312
2026-05-04 10:35,103165,103205,103295,103135,260391
2026-05-04 10:40,103400,103165,103410,103155,194436
2026-05-04 10:45,103520,103410,103545,103360,193914
2026-05-04 10:50,103620,103525,103640,103520,219523
2026-05-04 10:55,103745,103610,103745,103605,188930
2026-05-04 11:00,103715,103742,103905,103700,252337
2026-05-04 11:05,103920,103700,103945,103675,149209
2026-05-04 11:10,103935,103920,104040,103880,208508
2026-05-04 11:15,103980,103930,104060,103860,146720
2026-05-04 11:20,104070,103980,104105,103950,130835
2026-05-04 11:25,103965,104070,104105,103945,121358
2026-05-04 11:30,104035,103960,104115,103900,131003
2026-05-04 11:35,104085,104045,104120,103990,150346
2026-05-04 11:40,104275,104085,104280,104070,200809
2026-05-04 11:45,104335,104275,104460,104255,336201
2026-05-04 11:50,104570,104340,104590,104325,235558
2026-05-04 11:55,104595,104570,104845,104570,342459
2026-05-04 12:00,104470,104605,104700,104360,181629
2026-05-04 12:05,104310,104460,104470,104280,146939
2026-05-04 12:10,104465,104310,104530,104270,178466
2026-05-04 12:15,104240,104460,104460,104205,132497
2026-05-04 12:20,104310,104245,104380,104200,96246
2026-05-04 12:25,104385,104310,104420,104280,81287
2026-05-04 12:30,104490,104375,104515,104365,134570
2026-05-04 12:35,104470,104490,104495,104340,109980
2026-05-04 12:40,104505,104470,104540,104390,111028
2026-05-04 12:45,104650,104505,104690,104490,255683
2026-05-04 12:50,104745,104650,104755,104590,212150
2026-05-04 12:55,104725,104750,104850,104710,279990
2026-05-04 13:00,104925,104735,104930,104725,186456
2026-05-04 13:05,104820,104925,104930,104785,147196
2026-05-04 13:10,104835,104835,104850,104750,113471
2026-05-04 13:15,104900,104835,104905,104785,138566
2026-05-04 13:20,104820,104900,104940,104775,236813
2026-05-04 13:25,104785,104830,104905,104755,155600
2026-05-04 13:30,104730,104785,104805,104710,114106
2026-05-04 13:35,104830,104730,104890,104715,122903
2026-05-04 13:40,104780,104840,104885,104765,128587
2026-05-04 13:45,104760,104780,104825,104660,116256
2026-05-04 13:50,104800,104765,104825,104750,112680
2026-05-04 13:55,104760,104800,104955,104735,254908
2026-05-04 14:00,104765,104760,104855,104720,115788
2026-05-04 14:05,104660,104765,104810,104545,174222
2026-05-04 14:10,104925,104662,104955,104655,181284
2026-05-04 14:15,104925,104925,104930,104790,140906
2026-05-04 14:20,104990,104920,105015,104865,239514
2026-05-04 14:25,104945,104985,105025,104925,158870
2026-05-04 14:30,104905,104945,104955,104855,129333
2026-05-04 14:35,104950,104910,105015,104905,105294
2026-05-04 14:40,104940,104952,105010,104800,139824
2026-05-04 14:45,105015,104940,105030,104895,126327
2026-05-04 14:50,104960,105015,105015,104910,119561
2026-05-04 14:55,105065,104960,105065,104900,221716
2026-05-04 15:00,105060,105060,105145,105005,413567
2026-05-04 15:05,105055,105055,105120,104995,372780
2026-05-04 15:10,105255,105060,105300,105035,404796
2026-05-04 15:15,105225,105260,105300,105200,402191
2026-05-04 15:20,105295,105230,105295,105195,265593
2026-05-06 9:00,111355,111460,111500,110820,1289948
2026-05-06 9:05,111920,111350,112195,111300,1700123
2026-05-06 9:10,111140,111910,111925,110500,970658
2026-05-06 9:15,111880,111160,111960,111135,829368
2026-05-06 9:20,111695,111885,111995,111580,572829
2026-05-06 9:25,112210,111695,112280,111630,717724
2026-05-06 9:30,111305,112235,112300,111195,566872
2026-05-06 9:35,111665,111305,111895,111270,418137
2026-05-06 9:40,111880,111665,111920,111625,296415
2026-05-06 9:45,112115,111880,112180,111870,271082
2026-05-06 9:50,112450,112130,112450,112035,323978
2026-05-06 9:55,112510,112450,112565,112260,279499
2026-05-06 10:00,112455,112515,112705,112455,286078
2026-05-06 10:05,112485,112455,112705,112350,302464
2026-05-06 10:10,112415,112470,112580,112155,401345
2026-05-06 10:15,112240,112420,112535,112110,304338
2026-05-06 10:20,112020,112235,112400,112000,333756
2026-05-06 10:25,111785,112025,112100,111725,300922
2026-05-06 10:30,111955,111785,111965,111720,199450
2026-05-06 10:35,112500,111955,112545,111935,275305
2026-05-06 10:40,112410,112495,112615,112355,272976
2026-05-06 10:45,112685,112410,112690,112265,315369
2026-05-06 10:50,112795,112682,112840,112630,327913
2026-05-06 10:55,112690,112810,112935,112670,261414
2026-05-06 11:00,112870,112695,113000,112655,265935
2026-05-06 11:05,112830,112870,112930,112790,215137
2026-05-06 11:10,112600,112825,112835,112565,298424
2026-05-06 11:15,112790,112600,112800,112470,191356
2026-05-06 11:20,112950,112790,112990,112765,198692
2026-05-06 11:25,112995,112950,113025,112860,254159
2026-05-06 11:30,112960,112995,113020,112850,166839
2026-05-06 11:35,113190,112960,113195,112950,227836
2026-05-06 11:40,112915,113185,113265,112905,238052
2026-05-06 11:45,112760,112905,112935,112495,284862
2026-05-06 11:50,112880,112760,112955,112725,262137
2026-05-06 11:55,112860,112860,112940,112800,130937
2026-05-06 12:00,113010,112860,113060,112850,222416
2026-05-06 12:05,113310,113005,113315,112935,283571
2026-05-06 12:10,113345,113305,113360,113235,183177
2026-05-06 12:15,113605,113345,113630,113335,217877
2026-05-06 12:20,113695,113605,113705,113530,219077
2026-05-06 12:25,113650,113695,113700,113460,194172
2026-05-06 12:30,113717,113650,113725,113635,155893
2026-05-06 12:35,114040,113717,114060,113700,321698
2026-05-06 12:40,113770,114065,114070,113745,268364
2026-05-06 12:45,113845,113765,113845,113640,286400
2026-05-06 12:50,113305,113840,113870,113175,486986
2026-05-06 12:55,113430,113290,113455,113050,347115
2026-05-06 13:00,113585,113425,113585,113310,169641
2026-05-06 13:05,113735,113580,113790,113525,236078
2026-05-06 13:10,113600,113735,113865,113585,192706
2026-05-06 13:15,113765,113590,113820,113535,194329
2026-05-06 13:20,113780,113765,113835,113605,203033
2026-05-06 13:25,113920,113790,113935,113770,185040
2026-05-06 13:30,114090,113920,114100,113915,283192
2026-05-06 13:35,114030,114095,114320,113990,254302
2026-05-06 13:40,113960,114030,114065,113765,193946
2026-05-06 13:45,113830,113955,113960,113775,248315
2026-05-06 13:50,113715,113830,113845,113605,354544
2026-05-06 13:55,113530,113710,113795,113505,247214
2026-05-06 14:00,113435,113530,113700,113380,294075
2026-05-06 14:05,113360,113450,113455,113115,376624
2026-05-06 14:10,113340,113360,113480,113320,208994
2026-05-06 14:15,113245,113340,113400,113165,263102
2026-05-06 14:20,113610,113240,113690,113225,299964
2026-05-06 14:25,113625,113605,113660,113460,201871
2026-05-06 14:30,113830,113625,113900,113600,224137
2026-05-06 14:35,113890,113825,113910,113735,169284
2026-05-06 14:40,113895,113890,114030,113695,217224
2026-05-06 14:45,114010,113890,114020,113585,344491
2026-05-06 14:50,114185,114010,114250,114005,312859
2026-05-06 14:55,113985,114175,114200,113965,210353
2026-05-06 15:00,113995,113970,114120,113835,201422
2026-05-06 15:05,113950,113990,114105,113895,193631
2026-05-06 15:10,113745,113945,113975,113745,223421
2026-05-06 15:15,113560,113755,113795,113555,286320
2026-05-06 15:20,113570,113560,113615,113295,415603
2026-05-07 9:00,115970,115305,116025,115110,344902
2026-05-07 9:05,114240,115990,116180,114215,1124029
2026-05-07 9:10,114510,114230,114810,113540,774072
2026-05-07 9:15,114180,114520,114730,114180,815150
2026-05-07 9:20,113620,114195,114350,113490,688734
2026-05-07 9:25,112500,113615,113795,112330,764701
2026-05-07 9:30,111680,112500,112805,111635,1136220
2026-05-07 9:35,113590,111710,113610,111660,690238
2026-05-07 9:40,113045,113590,113690,113015,648787
2026-05-07 9:45,113415,113045,113475,112885,412481
2026-05-07 9:50,113665,113400,113755,113245,414622
2026-05-07 9:55,113035,113665,113810,112905,385988
2026-05-07 10:00,112280,113070,113070,112280,286417
2026-05-07 10:05,112475,112300,112510,112000,428360
2026-05-07 10:10,112065,112475,112475,111885,357409
2026-05-07 10:15,112430,112075,112665,111865,240431
2026-05-07 10:20,112535,112400,112675,112250,239270
2026-05-07 10:25,112185,112530,112680,112100,260087
2026-05-07 10:30,112535,112185,112805,112050,303879
2026-05-07 10:35,111955,112535,112550,111815,473397
2026-05-07 10:40,112950,111935,112970,111925,268804
2026-05-07 10:45,113450,112950,113475,112940,249283
2026-05-07 10:50,113545,113445,113660,113340,237880
2026-05-07 10:55,113800,113530,113925,113470,208091
2026-05-07 11:00,114020,113810,114025,113650,239085
2026-05-07 11:05,114005,114015,114300,113795,327845
2026-05-07 11:10,114170,114015,114220,113985,279345
2026-05-07 11:15,113955,114170,114180,113845,328632
2026-05-07 11:20,114095,113950,114275,113880,217137
2026-05-07 11:25,113930,114100,114100,113620,193266
2026-05-07 11:30,114135,113935,114215,113905,150336
2026-05-07 11:35,114015,114135,114200,113900,117975
2026-05-07 11:40,113720,114035,114070,113650,156597
2026-05-07 11:45,113415,113730,113760,113395,233363
2026-05-07 11:50,113215,113415,113440,113215,169710
2026-05-07 11:55,113365,113220,113435,113050,145004
2026-05-07 12:00,113460,113365,113760,113315,196935
2026-05-07 12:05,113230,113480,113520,113120,100654
2026-05-07 12:10,113000,113220,113225,112920,94917
2026-05-07 12:15,113215,113020,113320,112890,195874
2026-05-07 12:20,113420,113215,113495,113200,91200
2026-05-07 12:25,113450,113425,113505,113265,82052
2026-05-07 12:30,113915,113440,113935,113430,137465
2026-05-07 12:35,114075,113920,114130,113835,218414
2026-05-07 12:40,114055,114060,114195,113990,155106
2026-05-07 12:45,113860,114045,114150,113850,135341
2026-05-07 12:50,114005,113850,114035,113825,191327
2026-05-07 12:55,114050,113990,114115,113880,180271
2026-05-07 13:00,113835,114035,114035,113690,208886
2026-05-07 13:05,113860,113840,113950,113535,301453
2026-05-07 13:10,113665,113865,113880,113580,239150
2026-05-07 13:15,113575,113675,113775,113515,200877
2026-05-07 13:20,113840,113565,113842,113500,327340
2026-05-07 13:25,113920,113845,113930,113715,302511
2026-05-07 13:30,114085,113920,114145,113835,334087
2026-05-07 13:35,113650,114080,114080,113650,241672
2026-05-07 13:40,113745,113650,113800,113620,220369
2026-05-07 13:45,113935,113740,113990,113730,201782
2026-05-07 13:50,114005,113930,114065,113845,256922
2026-05-07 13:55,113900,114015,114085,113845,177191
2026-05-07 14:00,114020,113920,114090,113795,181449
2026-05-07 14:05,114285,114020,114525,114000,420833
2026-05-07 14:10,114550,114285,114600,114195,300197
2026-05-07 14:15,114985,114545,115005,114535,243025
2026-05-07 14:20,114960,114995,115260,114795,632667
2026-05-07 14:25,115100,114955,115145,114790,312740
2026-05-07 14:30,115355,115095,115360,115050,254078
2026-05-07 14:35,115650,115365,115680,115310,270173
2026-05-07 14:40,115545,115645,115670,115350,380810
2026-05-07 14:45,115970,115545,115975,115520,497798
2026-05-07 14:50,115880,115970,116075,115855,427696
2026-05-07 14:55,115770,115880,116040,115760,396882
2026-05-07 15:00,115675,115770,115800,115580,330306
2026-05-07 15:05,115510,115675,115800,115435,150353
2026-05-07 15:10,115120,115510,115535,115100,158179
2026-05-07 15:15,115245,115120,115435,115065,162061
2026-05-07 15:20,115500,115245,115530,115240,201446
2026-05-08 9:00,113235,113000,113245,112905,165749
2026-05-08 9:05,113175,113190,113445,112875,624695
2026-05-08 9:10,112955,113195,113340,112730,761490
2026-05-08 9:15,112895,112950,113060,112660,348714
2026-05-08 9:20,112945,112912,113150,112705,280274
2026-05-08 9:25,113020,112970,113075,112895,153325
2026-05-08 9:30,113075,113005,113235,112960,259824
2026-05-08 9:35,113840,113075,113865,113005,565075
2026-05-08 9:40,113780,113845,114010,113570,564114
2026-05-08 9:45,114160,113765,114165,113650,208290
2026-05-08 9:50,113960,114150,114160,113890,356745
2026-05-08 9:55,114190,113980,114240,113950,277509
2026-05-08 10:00,114575,114190,114625,114175,275552
2026-05-08 10:05,114475,114580,114685,114345,284065
2026-05-08 10:10,114675,114475,114740,114465,201922
2026-05-08 10:15,114730,114675,114850,114605,291131
2026-05-08 10:20,115040,114730,115070,114695,293378
2026-05-08 10:25,114800,115040,115050,114600,256448
2026-05-08 10:30,114510,114790,114855,114437,207414
2026-05-08 10:35,114075,114510,114555,114050,503095
2026-05-08 10:40,114155,114080,114160,113965,367688
2026-05-08 10:45,114510,114155,114515,114000,253835
2026-05-08 10:50,114450,114495,114625,114342,159733
2026-05-08 10:55,113915,114450,114505,113885,258256
2026-05-08 11:00,113770,113915,113955,113700,190504
2026-05-08 11:05,113800,113780,113945,113525,201866
2026-05-08 11:10,114035,113795,114145,113650,255802
2026-05-08 11:15,113770,114045,114140,113700,181322
2026-05-08 11:20,113630,113770,113795,113360,238164
2026-05-08 11:25,114005,113630,114165,113315,445202
2026-05-08 11:30,113885,114005,114115,113810,151801
2026-05-08 11:35,113685,113885,114060,113590,249787
2026-05-08 11:40,113950,113670,113970,113380,324067
2026-05-08 11:45,113990,113930,114035,113765,191199
2026-05-08 11:50,114215,113995,114410,113995,237749
2026-05-08 11:55,114315,114210,114335,114035,147341
2026-05-08 12:00,114110,114315,114335,114065,112170
2026-05-08 12:05,114360,114110,114425,114110,218799
2026-05-08 12:10,114545,114365,114545,114285,179789
2026-05-08 12:15,114300,114545,114590,114285,157409
2026-05-08 12:20,114230,114295,114340,114130,106449
2026-05-08 12:25,114190,114230,114290,114120,142634
2026-05-08 12:30,114400,114190,114400,114085,163555
2026-05-08 12:35,114535,114405,114615,114380,263489
2026-05-08 12:40,114450,114535,114600,114365,154892
2026-05-08 12:45,114415,114450,114560,114365,172447
2026-05-08 12:50,114210,114415,114500,114195,134373
2026-05-08 12:55,114435,114210,114435,114125,218980
2026-05-08 13:00,114470,114415,114660,114410,215592
2026-05-08 13:05,114570,114465,114650,114345,167596
2026-05-08 13:10,114755,114575,114870,114570,247480
2026-05-08 13:15,114425,114755,114805,114370,163946
2026-05-08 13:20,114840,114415,114845,114345,179278
2026-05-08 13:25,114780,114840,114900,114730,144449
2026-05-08 13:30,114900,114785,114970,114690,145209
2026-05-08 13:35,114670,114895,114900,114620,112496
2026-05-08 13:40,114430,114670,114670,114375,136193
2026-05-08 13:45,114380,114435,114460,114300,134809
2026-05-08 13:50,114585,114380,114745,114275,198785
2026-05-08 13:55,114835,114585,114915,114580,176629
2026-05-08 14:00,114960,114835,114985,114685,127102
2026-05-08 14:05,114945,114960,115015,114875,113561
2026-05-08 14:10,114910,114935,115205,114885,174248
2026-05-08 14:15,115270,114915,115315,114895,155260
2026-05-08 14:20,115455,115270,115600,115255,216579
2026-05-08 14:25,115505,115445,115650,115405,197508
2026-05-08 14:30,115525,115505,115550,115185,208408
2026-05-08 14:35,115465,115520,115575,115350,217369
2026-05-08 14:40,115540,115470,115620,115415,227889
2026-05-08 14:45,115635,115545,115830,115520,195895
2026-05-08 14:50,115630,115630,115755,115540,177659
2026-05-08 14:55,115605,115630,115710,115530,158081
2026-05-08 15:00,115490,115620,115680,115460,185181
2026-05-08 15:05,115770,115480,115825,115450,179639
2026-05-08 15:10,115715,115770,115830,115665,148540
2026-05-08 15:15,115775,115715,115800,115680,136262
2026-05-08 15:20,115855,115770,115870,115770,102990
2026-05-11 9:00,121020,120630,121120,120630,415791
2026-05-11 9:05,120835,121020,121445,120580,1009609
2026-05-11 9:10,121070,120835,121500,120740,674953
2026-05-11 9:15,120945,121015,121070,120450,426884
2026-05-11 9:20,121305,120925,121330,120890,475959
2026-05-11 9:25,121590,121305,121655,121245,455289
2026-05-11 9:30,121670,121620,121710,121330,702155
2026-05-11 9:35,121920,121675,122005,121475,647250
2026-05-11 9:40,122060,121920,122270,121885,432758
2026-05-11 9:45,122490,122060,122585,121925,403546
2026-05-11 9:50,122620,122490,122725,122425,394665
2026-05-11 9:55,120965,122615,122615,120960,767540
2026-05-11 10:00,120575,120965,121295,120450,741690
2026-05-11 10:05,120525,120545,120620,119900,616171
2026-05-11 10:10,121245,120550,121280,120530,357707
2026-05-11 10:15,121570,121235,121670,121195,267691
2026-05-11 10:20,121780,121555,121820,121250,254678
2026-05-11 10:25,121985,121780,122040,121665,284797
2026-05-11 10:30,122170,121960,122250,121770,294103
2026-05-11 10:35,122100,122170,122395,122045,313049
2026-05-11 10:40,122025,122100,122225,121840,365262
2026-05-11 10:45,122255,122005,122330,121905,186268
2026-05-11 10:50,122175,122255,122460,122140,229544
2026-05-11 10:55,122355,122175,122420,121910,252456
2026-05-11 11:00,122305,122355,122490,122285,205107
2026-05-11 11:05,122180,122305,122410,122110,168288
2026-05-11 11:10,122075,122190,122205,121880,207564
2026-05-11 11:15,121800,122075,122190,121725,189166
2026-05-11 11:20,121605,121800,121875,121550,223559
2026-05-11 11:25,121980,121605,122110,121525,259545
2026-05-11 11:30,122050,121980,122190,121950,187893
2026-05-11 11:35,121625,122050,122155,121495,630339
2026-05-11 11:40,121505,121625,121695,121410,268371
2026-05-11 11:45,121570,121505,121715,121400,333738
2026-05-11 11:50,121195,121580,121595,121140,379208
2026-05-11 11:55,121485,121195,121715,121180,269177
2026-05-11 12:00,121440,121485,121615,121260,231016
2026-05-11 12:05,121120,121440,121530,121055,237002
2026-05-11 12:10,121375,121140,121480,121005,192049
2026-05-11 12:15,121625,121380,121800,121310,204727
2026-05-11 12:20,121630,121615,121725,121265,207135
2026-05-11 12:25,121910,121630,121935,121525,244981
2026-05-11 12:30,121990,121915,122020,121845,218423
2026-05-11 12:35,121640,121995,122000,121575,209854
2026-05-11 12:40,121855,121645,121860,121565,266348
2026-05-11 12:45,121900,121865,121975,121800,108556
2026-05-11 12:50,121925,121900,122000,121785,238401
2026-05-11 12:55,122060,121920,122150,121920,190738
2026-05-11 13:00,122110,122060,122120,121965,142191
2026-05-11 13:05,121945,122100,122115,121900,133559
2026-05-11 13:10,121895,121945,122060,121840,207771
2026-05-11 13:15,122190,121895,122215,121785,282644
2026-05-11 13:20,122275,122190,122290,122105,152877
2026-05-11 13:25,122615,122260,122640,122260,373326
2026-05-11 13:30,122545,122610,122690,122435,267150
2026-05-11 13:35,122500,122545,122560,122265,206492
2026-05-11 13:40,122370,122505,122515,122305,152440
2026-05-11 13:45,122170,122370,122400,122165,151654
2026-05-11 13:50,122455,122185,122455,122000,244365
2026-05-11 13:55,122700,122455,122705,122375,217829
2026-05-11 14:00,122800,122700,122905,122630,365774
2026-05-11 14:05,122865,122810,122940,122755,175029
2026-05-11 14:10,123030,122860,123155,122850,287354
2026-05-11 14:15,123210,123015,123230,122880,326059
2026-05-11 14:20,123190,123195,123305,123090,242053
2026-05-11 14:25,123000,123180,123190,122855,239945
2026-05-11 14:30,123120,123005,123235,122930,151985
2026-05-11 14:35,122905,123120,123275,122845,229941
2026-05-11 14:40,122640,122910,122910,122360,311841
2026-05-11 14:45,122040,122645,122750,121900,337890
2026-05-11 14:50,122140,122040,122380,121955,268622
2026-05-11 14:55,122200,122155,122345,122075,176849
2026-05-11 15:00,121900,122210,122235,121850,574017
2026-05-11 15:05,121880,121900,121940,121595,543812
2026-05-11 15:10,122045,121880,122050,121790,278707
2026-05-11 15:15,121850,122040,122270,121820,425114
2026-05-11 15:20,121630,121850,121850,121500,444341
2026-05-12 9:00,124050,124065,124150,123800,276843
2026-05-12 9:05,123480,124070,124800,123400,1119451
2026-05-12 9:10,123740,123485,124105,123320,656112
2026-05-12 9:15,123700,123775,124000,123510,549166
2026-05-12 9:20,123370,123690,123835,123255,482928
2026-05-12 9:25,123225,123375,123400,122580,495419
2026-05-12 9:30,123875,123230,123910,123220,425612
2026-05-12 9:35,124005,123880,124105,123680,231361
2026-05-12 9:40,123945,124000,124115,123810,223662
2026-05-12 9:45,123880,123945,124155,123870,190209
2026-05-12 9:50,124000,123890,124140,123860,174623
2026-05-12 9:55,123660,124000,124065,123510,238394
2026-05-12 10:00,123605,123660,123700,123260,246389
2026-05-12 10:05,123115,123600,123650,122650,317702
2026-05-12 10:10,122565,123110,123145,122395,310135
2026-05-12 10:15,121850,122570,122580,121805,295557
2026-05-12 10:20,121300,121855,121855,121070,893874
2026-05-12 10:25,120890,121300,121450,120510,734605
2026-05-12 10:30,119845,120890,120890,119835,931541
2026-05-12 10:35,118265,119845,120100,117055,920961
2026-05-12 10:40,116425,118275,118620,115645,1058748
2026-05-12 10:45,118895,116385,118985,116205,1464287
2026-05-12 10:50,119080,118895,119700,118720,962843
2026-05-12 10:55,117515,119080,119150,117350,911630
2026-05-12 11:00,117720,117525,118010,117020,651937
2026-05-12 11:05,118985,117630,119005,117595,389371
2026-05-12 11:10,119885,119010,119895,118930,470774
2026-05-12 11:15,119930,119885,120750,119875,713081
2026-05-12 11:20,120225,119925,120470,119720,502965
2026-05-12 11:25,120585,120225,120765,120100,247884
2026-05-12 11:30,120180,120580,120675,120160,229466
2026-05-12 11:35,120205,120210,120565,120100,193594
2026-05-12 11:40,119735,120190,120255,119670,246793
2026-05-12 11:45,120400,119735,120525,119435,404840
2026-05-12 11:50,120655,120400,120670,120380,184556
2026-05-12 11:55,121320,120650,121420,120570,342992
2026-05-12 12:00,121545,121325,121560,121210,203392
2026-05-12 12:05,120600,121545,121600,120380,425076
2026-05-12 12:10,120340,120595,120650,120300,214864
2026-05-12 12:15,120295,120350,120635,120160,166115
2026-05-12 12:20,120030,120295,120405,119980,134360
2026-05-12 12:25,120005,120030,120420,119950,147918
2026-05-12 12:30,120340,120015,120350,119955,93558
2026-05-12 12:35,120175,120355,120430,120005,143277
2026-05-12 12:40,120120,120185,120410,119940,123090
2026-05-12 12:45,120135,120120,120390,120065,124100
2026-05-12 12:50,119715,120140,120140,119610,263488
2026-05-12 12:55,119670,119715,119850,119640,151576
2026-05-12 13:00,119355,119670,119680,119160,220288
2026-05-12 13:05,119825,119350,119900,119350,252726
2026-05-12 13:10,119585,119820,120075,119585,199953
2026-05-12 13:15,119230,119585,119620,118970,291690
2026-05-12 13:20,118980,119245,119345,118870,169569
2026-05-12 13:25,118770,119000,119005,118660,139873
2026-05-12 13:30,118695,118755,118895,118600,116774
2026-05-12 13:35,118965,118695,119090,118660,251359
2026-05-12 13:40,118600,118965,119000,118440,233458
2026-05-12 13:45,118610,118625,118650,118260,198026
2026-05-12 13:50,117980,118610,118760,117980,240719
2026-05-12 13:55,118065,118000,118280,117630,339592
2026-05-12 14:00,118030,118050,118105,117705,162814
2026-05-12 14:05,118450,118075,118760,118072,493220
2026-05-12 14:10,118045,118445,118490,117970,167743
2026-05-12 14:15,117265,118055,118085,117200,186736
2026-05-12 14:20,117505,117270,117700,117005,221077
2026-05-12 14:25,118410,117530,118435,117445,295701
2026-05-12 14:30,118580,118410,118635,118305,225849
2026-05-12 14:35,118250,118595,118595,117960,279555
2026-05-12 14:40,117630,118250,118385,117570,202049
2026-05-12 14:45,117755,117655,117895,117435,181907
2026-05-12 14:50,118715,117775,118875,117700,336537
2026-05-12 14:55,118915,118720,119110,118615,323762
2026-05-12 15:00,118765,118915,119125,118690,190870
2026-05-12 15:05,118505,118770,118845,118395,254354
2026-05-12 15:10,118850,118495,118850,118230,185696
2026-05-12 15:15,119615,118845,119650,118815,457200
2026-05-12 15:20,119665,119610,120010,119580,369675
2026-05-13 9:00,116500,116485,116665,116340,256728
2026-05-13 9:05,116115,116495,116640,115440,1228089
2026-05-13 9:10,115925,116110,116550,115520,861854
2026-05-13 9:15,115160,115920,115960,115020,592888
2026-05-13 9:20,116090,115160,116090,114920,655083
2026-05-13 9:25,115975,116080,116280,115710,655990
2026-05-13 9:30,115460,115970,116275,115170,599672
2026-05-13 9:35,115410,115475,115670,114905,794784
2026-05-13 9:40,115685,115410,115685,115000,336420
2026-05-13 9:45,116215,115685,116525,115585,380525
2026-05-13 9:50,116290,116220,116785,116060,356837
2026-05-13 9:55,116630,116285,116735,116250,285374
2026-05-13 10:00,116990,116630,117125,116620,395976
2026-05-13 10:05,117705,116995,117725,116935,202273
2026-05-13 10:10,118205,117725,118225,117465,312966
2026-05-13 10:15,118970,118190,118980,118175,346136
2026-05-13 10:20,119200,118940,119350,118400,482422
2026-05-13 10:25,119200,119190,119270,118940,244560
2026-05-13 10:30,120020,119220,120100,119195,186372
2026-05-13 10:35,119890,120017,120035,119435,242562
2026-05-13 10:40,120665,119885,120785,119735,257007
2026-05-13 10:45,120580,120695,121010,120385,305959
2026-05-13 10:50,120875,120575,121110,120215,298955
2026-05-13 10:55,119997,120885,121075,119900,406152
2026-05-13 11:00,120420,120010,120670,119745,457887
2026-05-13 11:05,120355,120435,120675,120110,272600
2026-05-13 11:10,119845,120355,120360,119815,185168
2026-05-13 11:15,120170,119835,120270,119755,171745
2026-05-13 11:20,120645,120160,120680,120120,133357
2026-05-13 11:25,120655,120630,120785,120472,115540
2026-05-13 11:30,120810,120640,120845,120560,123502
2026-05-13 11:35,121135,120810,121170,120760,154427
2026-05-13 11:40,121075,121135,121290,120915,186085
2026-05-13 11:45,121250,121075,121370,121000,188744
2026-05-13 11:50,120957,121215,121285,120920,138475
2026-05-13 11:55,120710,120955,120970,120600,167725
2026-05-13 12:00,120680,120710,120840,120500,125588
2026-05-13 12:05,120740,120680,120825,120280,135191
2026-05-13 12:10,120995,120715,121010,120680,105601
2026-05-13 12:15,120990,120995,121050,120695,86768
2026-05-13 12:20,121125,120990,121135,120950,103193
2026-05-13 12:25,120925,121095,121135,120850,98045
2026-05-13 12:30,121020,120935,121020,120785,111169
2026-05-13 12:35,121230,121020,121230,120965,110390
2026-05-13 12:40,121305,121220,121380,121160,158251
2026-05-13 12:45,121365,121300,121495,121300,93922
2026-05-13 12:50,121300,121375,121465,121285,87377
2026-05-13 12:55,121465,121295,121475,121135,125575
2026-05-13 13:00,121445,121470,121550,121335,150701
2026-05-13 13:05,121795,121445,121945,121425,243356
2026-05-13 13:10,121930,121795,122065,121795,257626
2026-05-13 13:15,121725,121920,121992,121690,185655
2026-05-13 13:20,121880,121707,122020,121595,241880
2026-05-13 13:25,122210,121885,122265,121885,158388
2026-05-13 13:30,122165,122245,122275,122030,179320
2026-05-13 13:35,121730,122155,122305,121720,223427
2026-05-13 13:40,122025,121720,122135,121710,218382
2026-05-13 13:45,121755,122020,122075,121755,101170
2026-05-13 13:50,121930,121760,122110,121710,178823
2026-05-13 13:55,122020,121930,122030,121585,154349
2026-05-13 14:00,121745,122020,122080,121705,145736
2026-05-13 14:05,122080,121740,122130,121385,184807
2026-05-13 14:10,122460,122080,122500,122065,251024
2026-05-13 14:15,122210,122455,122570,122185,244592
2026-05-13 14:20,122130,122210,122270,121990,199384
2026-05-13 14:25,122065,122135,122265,122005,186418
2026-05-13 14:30,121900,122055,122085,121720,165139
2026-05-13 14:35,122115,121895,122170,121790,195579
2026-05-13 14:40,122315,122115,122440,122080,208880
2026-05-13 14:45,122265,122310,122455,122240,173501
2026-05-13 14:50,122335,122260,122410,122170,125795
2026-05-13 14:55,122550,122335,122680,122240,274738
2026-05-13 15:00,122695,122560,122745,122505,137777
2026-05-13 15:05,122690,122695,122795,122630,135337
2026-05-13 15:10,122635,122677,122720,122490,145727
2026-05-13 15:15,122705,122640,122780,122555,178134
2026-05-13 15:20,122750,122700,122760,122625,190615
2026-05-14 9:00,123040,122790,123130,122745,219758
2026-05-14 9:05,122935,123080,123965,122605,893290
2026-05-14 9:10,122805,122970,123705,122720,539528
2026-05-14 9:15,123795,122800,123845,122775,456964
2026-05-14 9:20,123305,123795,123960,123225,629669
2026-05-14 9:25,124115,123285,124365,123055,584384
2026-05-14 9:30,124170,124075,124300,123710,479430
2026-05-14 9:35,124005,124170,124300,123650,345030
2026-05-14 9:40,124240,123975,124320,123785,325331
2026-05-14 9:45,124505,124240,124515,124115,304173
2026-05-14 9:50,124665,124505,124710,124320,340002
2026-05-14 9:55,124950,124665,124970,124620,374093
2026-05-14 10:00,124910,124940,125230,124870,302116
2026-05-14 10:05,124525,124910,125205,124310,415346
2026-05-14 10:10,124810,124545,124930,124290,298921
2026-05-14 10:15,124700,124795,125050,124650,238597
2026-05-14 10:20,124405,124745,124795,124000,334016
2026-05-14 10:25,124725,124400,124750,124190,229468
2026-05-14 10:30,125230,124700,125265,124675,323556
2026-05-14 10:35,125165,125230,125230,124940,189428
2026-05-14 10:40,125370,125155,125412,125155,251846
2026-05-14 10:45,124665,125370,125395,124635,213600
2026-05-14 10:50,124655,124675,124770,124210,179214
2026-05-14 10:55,124090,124655,124655,124025,181618
2026-05-14 11:00,123445,124120,124120,123420,231471
2026-05-14 11:05,123940,123437,123970,123420,318248
2026-05-14 11:10,123760,123925,123940,123450,133827
2026-05-14 11:15,123855,123785,124015,123660,191667
2026-05-14 11:20,124060,123855,124100,123735,126718
2026-05-14 11:25,124190,124080,124335,123995,100645
2026-05-14 11:30,124095,124190,124275,123910,137731
2026-05-14 11:35,124120,124095,124195,124000,97715
2026-05-14 11:40,123960,124105,124195,123865,114672
2026-05-14 11:45,123655,123960,123960,123545,120545
2026-05-14 11:50,123235,123635,123785,123120,154271
2026-05-14 11:55,123060,123265,123470,123010,95084
2026-05-14 12:00,123250,123055,123270,122890,167702
2026-05-14 12:05,123530,123270,123655,123245,197735
2026-05-14 12:10,123845,123530,123905,123360,167885
2026-05-14 12:15,123870,123845,124000,123755,158329
2026-05-14 12:20,123470,123870,123880,123355,124080
2026-05-14 12:25,123675,123450,123775,123445,99395
2026-05-14 12:30,123540,123695,123895,123445,140097
2026-05-14 12:35,123365,123540,123550,123305,52327
2026-05-14 12:40,123355,123365,123465,123000,108553
2026-05-14 12:45,123430,123370,123495,123285,116035
2026-05-14 12:50,123045,123405,123430,123020,108767
2026-05-14 12:55,123050,123025,123320,122975,145941
2026-05-14 13:00,123000,123050,123190,122900,106239
2026-05-14 13:05,123235,123005,123235,122880,77725
2026-05-14 13:10,123865,123240,123875,123240,300538
2026-05-14 13:15,123870,123855,124045,123705,197153
2026-05-14 13:20,124110,123870,124110,123765,201079
2026-05-14 13:25,124200,124110,124255,124050,163638
2026-05-14 13:30,124180,124185,124265,124035,224949
2026-05-14 13:35,124160,124180,124200,124030,238570
2026-05-14 13:40,124295,124160,124375,124030,360224
2026-05-14 13:45,124165,124295,124340,124080,310120
2026-05-14 13:50,124240,124175,124400,124105,352948
2026-05-14 13:55,123940,124240,124245,123870,406369
2026-05-14 14:00,123715,123940,123940,123590,416228
2026-05-14 14:05,123825,123715,123950,123565,450297
2026-05-14 14:10,123645,123825,123865,123475,412986
2026-05-14 14:15,123245,123645,123770,123220,457068
2026-05-14 14:20,123270,123245,123270,122945,458835
2026-05-14 14:25,123360,123270,123595,123215,540778
2026-05-14 14:30,123440,123355,123530,123275,359978
2026-05-14 14:35,123235,123440,123480,123130,179358
2026-05-14 14:40,123195,123260,123385,123060,176651
2026-05-14 14:45,123695,123185,123700,123030,214384
2026-05-14 14:50,123700,123695,123885,123420,288204
2026-05-14 14:55,123735,123700,123880,123550,153303
2026-05-14 15:00,124315,123735,124315,123655,273065
2026-05-14 15:05,124645,124300,124650,124205,305599
2026-05-14 15:10,124840,124650,124910,124640,372742
2026-05-14 15:15,124525,124840,124940,124435,309309
2026-05-14 15:20,124195,124525,124540,124175,304389
2026-05-15 9:00,124380,124535,124545,124290,114079
2026-05-15 9:05,124265,124380,124620,123985,618897
2026-05-15 9:10,124980,124290,125000,124265,452903
2026-05-15 9:15,125410,124970,125420,124805,362459
2026-05-15 9:20,125485,125420,125525,125335,282533
2026-05-15 9:25,125900,125485,126035,125485,544936
2026-05-15 9:30,125600,125900,126140,125545,379244
2026-05-15 9:35,125785,125600,126100,125575,351911
2026-05-15 9:40,124930,125785,125790,124855,429111
2026-05-15 9:45,124940,124920,124985,124540,478587
2026-05-15 9:50,124260,124940,124985,124235,332031
2026-05-15 9:55,124805,124260,124875,124225,178089
2026-05-15 10:00,124895,124805,125000,124605,126637
2026-05-15 10:05,124720,124905,124965,124630,125540
2026-05-15 10:10,124505,124755,124805,124275,243715
2026-05-15 10:15,124280,124475,124540,124075,263189
2026-05-15 10:20,124037,124290,124370,123935,228750
2026-05-15 10:25,124000,124030,124100,123770,178466
2026-05-15 10:30,123165,124000,124085,123150,254720
2026-05-15 10:35,123550,123165,123700,123040,278719
2026-05-15 10:40,123825,123535,123995,123535,166318
2026-05-15 10:45,123370,123830,123830,123300,139365
2026-05-15 10:50,122510,123385,123410,122455,299818
2026-05-15 10:55,122210,122520,122740,121970,427896
2026-05-15 11:00,121545,122240,122375,121015,476959
2026-05-15 11:05,120840,121535,121595,120700,489046
2026-05-15 11:10,121195,120840,121200,120380,384198
2026-05-15 11:15,120080,121180,121250,119705,686763
2026-05-15 11:20,120150,120090,120305,119350,698585
2026-05-15 11:25,120955,120180,121130,120095,583935
2026-05-15 11:30,120585,120925,121200,119780,587735
2026-05-15 11:35,120840,120575,121035,120050,270589
2026-05-15 11:40,120500,120865,121025,120335,268955
2026-05-15 11:45,121470,120540,121490,120470,186795
2026-05-15 11:50,121285,121470,121560,120835,368426
2026-05-15 11:55,121125,121265,121650,120955,259623
2026-05-15 12:00,120625,121135,121150,120485,227926
2026-05-15 12:05,120685,120650,120780,120380,105477
2026-05-15 12:10,120510,120635,120700,120220,155903
2026-05-15 12:15,120245,120525,120620,120205,101059
2026-05-15 12:20,120120,120245,120670,120055,152370
2026-05-15 12:25,120420,120125,120460,120120,127609
2026-05-15 12:30,120350,120420,120420,120160,113745
2026-05-15 12:35,120045,120300,120355,119985,170253
2026-05-15 12:40,120810,120040,120930,120015,183455
2026-05-15 12:45,120740,120810,121000,120475,156926
2026-05-15 12:50,120835,120740,121000,120620,281637
2026-05-15 12:55,120695,120805,120950,120520,201898
2026-05-15 13:00,120250,120695,120915,120115,212542
2026-05-15 13:05,120252,120250,120270,119960,226886
2026-05-15 13:10,119880,120260,120330,119870,258492
2026-05-15 13:15,119815,119880,119900,119635,203912
2026-05-15 13:20,119380,119810,119825,119235,313887
2026-05-15 13:25,119205,119380,119450,118900,569069
2026-05-15 13:30,118900,119195,119380,118660,558547
2026-05-15 13:35,119050,118875,119420,118505,779548
2026-05-15 13:40,119360,119045,119475,118820,641745
2026-05-15 13:45,118905,119370,119780,118780,444580
2026-05-15 13:50,118425,118910,118995,118255,327843
2026-05-15 13:55,117975,118470,118470,117970,320556
2026-05-15 14:00,117485,117975,118100,117455,434779
2026-05-15 14:05,117880,117485,117880,117390,418300
2026-05-15 14:10,117885,117875,117995,117525,244783
2026-05-15 14:15,118980,117855,118990,117855,394028
2026-05-15 14:20,118560,118970,119050,118050,410453
2026-05-15 14:25,118035,118590,118695,117905,343624
2026-05-15 14:30,117350,118035,118035,117305,234881
2026-05-15 14:35,116730,117340,117340,116570,655705
2026-05-15 14:40,116660,116725,117100,116435,464137
2026-05-15 14:45,116100,116675,116720,115930,448957
2026-05-15 14:50,116290,116085,116455,115850,562834
2026-05-15 14:55,115995,116290,116500,115820,605947
2026-05-15 15:00,115320,115995,116005,115240,512477
2026-05-15 15:05,116115,115385,116315,115095,639910
2026-05-15 15:10,116235,116150,116525,115925,500351
2026-05-15 15:15,116640,116235,116695,115800,686279
2026-05-15 15:20,117220,116650,117400,116640,594173
2026-05-18 9:00,115035,116060,116340,115035,277020
2026-05-18 9:05,113675,115035,115195,113650,892472
2026-05-18 9:10,112705,113705,113770,112350,866810
2026-05-18 9:15,112125,112705,113685,111950,821160
2026-05-18 9:20,112800,112090,112860,111545,1106089
2026-05-18 9:25,114465,112800,114465,112770,888510
2026-05-18 9:30,114720,114450,115170,114035,1007600
2026-05-18 9:35,113955,114720,114945,113030,929749
2026-05-18 9:40,113860,113960,114760,113540,698764
2026-05-18 9:45,113565,113865,113915,112805,317693
2026-05-18 9:50,115175,113495,115185,113120,362744
2026-05-18 9:55,115025,115125,115155,114040,291982
2026-05-18 10:00,116700,115015,116715,115015,381161
2026-05-18 10:05,115560,116670,117000,115110,433692
2026-05-18 10:10,116165,115525,116400,115480,431974
2026-05-18 10:15,115640,116155,116495,115020,308500
2026-05-18 10:20,114770,115610,115665,114670,255719
2026-05-18 10:25,115935,114725,116115,114570,329118
2026-05-18 10:30,116470,115950,116470,115635,230885
2026-05-18 10:35,116800,116430,116970,116385,240871
2026-05-18 10:40,116640,116795,116940,115925,279144
2026-05-18 10:45,117310,116610,117455,116610,283997
2026-05-18 10:50,117685,117340,117990,117140,408378
2026-05-18 10:55,117555,117685,118105,117440,297760
2026-05-18 11:00,117210,117555,118345,116995,423046
2026-05-18 11:05,117795,117190,117860,117125,228771
2026-05-18 11:10,117735,117840,117920,117200,267371
2026-05-18 11:15,118750,117720,118780,117525,295814
2026-05-18 11:20,118790,118750,118990,118565,361966
2026-05-18 11:25,119535,118805,119540,118730,227736
2026-05-18 11:30,119375,119530,119900,119350,323479
2026-05-18 11:35,119215,119375,119670,119030,327768
2026-05-18 11:40,118850,119215,119315,118415,275293
2026-05-18 11:45,118970,118850,119275,118700,202270
2026-05-18 11:50,118525,118955,119440,118490,162053
2026-05-18 11:55,118000,118525,118575,117905,230044
2026-05-18 12:00,118770,117990,118880,117825,281651
2026-05-18 12:05,118625,118805,118830,118125,115906
2026-05-18 12:10,118720,118605,119000,118535,179074
2026-05-18 12:15,118330,118720,118795,118115,160274
2026-05-18 12:20,117790,118340,118450,117630,210094
2026-05-18 12:25,117850,117820,118190,117750,105517
2026-05-18 12:30,117905,117850,118325,117740,207564
2026-05-18 12:35,118160,117915,118570,117655,276709
2026-05-18 12:40,118675,118160,118795,118035,226503
2026-05-18 12:45,118440,118675,118875,118395,179760
2026-05-18 12:50,118745,118440,118790,118325,127473
2026-05-18 12:55,118225,118705,118775,118140,104049
2026-05-18 13:00,118555,118210,118835,118060,142532
2026-05-18 13:05,118310,118575,118715,118100,173223
2026-05-18 13:10,118605,118305,118635,118070,189795
2026-05-18 13:15,119240,118600,119340,118540,276045
2026-05-18 13:20,118840,119245,119350,118810,205720
2026-05-18 13:25,117880,118815,118900,117795,207196
2026-05-18 13:30,117775,117880,118000,117510,217399
2026-05-18 13:35,117750,117775,117895,117475,183114
2026-05-18 13:40,117775,117775,117950,117500,142507
2026-05-18 13:45,117940,117825,118290,117730,276202
2026-05-18 13:50,117710,117920,118190,117685,132989
2026-05-18 13:55,117820,117680,118035,117670,155800
2026-05-18 14:00,118130,117810,118300,117705,142071
2026-05-18 14:05,118350,118130,118460,117635,242869
2026-05-18 14:10,118245,118350,118550,118230,166649
2026-05-18 14:15,117250,118245,118260,117205,176315
2026-05-18 14:20,117080,117250,117315,116505,312974
2026-05-18 14:25,117370,117085,117535,116935,206369
2026-05-18 14:30,117785,117395,117930,117395,195621
2026-05-18 14:35,118055,117755,118075,117410,203354
2026-05-18 14:40,118165,118055,118320,117890,211494
2026-05-18 14:45,117975,118140,118195,117865,149527
2026-05-18 14:50,118525,117980,118610,117845,162054
2026-05-18 14:55,118590,118525,118820,118480,150308
2026-05-18 15:00,118065,118585,118590,117885,166370
2026-05-18 15:05,117905,118065,118215,117845,114938
2026-05-18 15:10,118220,117900,118390,117800,147389
2026-05-18 15:15,118450,118235,118530,118110,117733
2026-05-18 15:20,118115,118450,118475,118080,212178
2026-05-19 9:00,115950,116105,116185,115835,160978
2026-05-19 9:05,115495,115960,116300,115340,458343
2026-05-19 9:10,115955,115450,116150,115000,582292
2026-05-19 9:15,115025,115950,115960,114870,393519
2026-05-19 9:20,116255,115025,116260,114920,336506
2026-05-19 9:25,115660,116255,116480,115390,400963
2026-05-19 9:30,116077,115640,116230,115625,287864
2026-05-19 9:35,115740,116065,116440,115635,307033
2026-05-19 9:40,115145,115740,115875,115075,185166
2026-05-19 9:45,115290,115145,115515,115070,137517
2026-05-19 9:50,115375,115315,115420,114865,303651
2026-05-19 9:55,114665,115370,115500,114640,217057
2026-05-19 10:00,114365,114660,114930,114260,427972
2026-05-19 10:05,114490,114365,114490,113980,509797
2026-05-19 10:10,114770,114495,114940,114225,462355
2026-05-19 10:15,114080,114770,114770,113950,273941
2026-05-19 10:20,113610,114085,114125,113480,285569
2026-05-19 10:25,113255,113600,113685,113140,328754
2026-05-19 10:30,113195,113260,113575,113090,410157
2026-05-19 10:35,113835,113190,113870,112955,369649
2026-05-19 10:40,113530,113820,114075,113325,261615
2026-05-19 10:45,113615,113530,114060,113125,293227
2026-05-19 10:50,113100,113615,113895,112875,167420
2026-05-19 10:55,112770,113100,113160,112645,200030
2026-05-19 11:00,112390,112785,112855,112350,154823
2026-05-19 11:05,112335,112415,112460,112045,233960
2026-05-19 11:10,112045,112340,112475,111895,327499
2026-05-19 11:15,111845,112045,112105,111755,280165
2026-05-19 11:20,112595,111845,112775,111820,646314
2026-05-19 11:25,112600,112595,112760,112310,279010
2026-05-19 11:30,112500,112600,113075,112425,232672
2026-05-19 11:35,112720,112545,112995,112490,104083
2026-05-19 11:40,113100,112770,113100,112535,110582
2026-05-19 11:45,113600,113080,113625,112965,257930
2026-05-19 11:50,113340,113575,113665,112930,184786
2026-05-19 11:55,113600,113330,113710,113130,152219
2026-05-19 12:00,113240,113625,113630,113050,158041
2026-05-19 12:05,113335,113255,113515,112950,98404
2026-05-19 12:10,113980,113345,114050,113335,163289
2026-05-19 12:15,114135,114000,114250,113975,196166
2026-05-19 12:20,114380,114100,114400,113945,198238
2026-05-19 12:25,114355,114390,114405,113790,227607
2026-05-19 12:30,114955,114380,115050,114310,200075
2026-05-19 12:35,115110,114955,115160,114750,202664
2026-05-19 12:40,115085,115110,115280,114890,214419
2026-05-19 12:45,114650,115085,115110,114555,329096
2026-05-19 12:50,114845,114650,115055,114560,245555
2026-05-19 12:55,114375,114845,114845,114340,203013
2026-05-19 13:00,114310,114395,114640,114145,210475
2026-05-19 13:05,114025,114305,114335,113785,186007
2026-05-19 13:10,113695,114010,114010,113480,319268
2026-05-19 13:15,113535,113690,113935,113480,169387
2026-05-19 13:20,113505,113560,113590,113175,188680
2026-05-19 13:25,113145,113500,113525,113030,223725
2026-05-19 13:30,113245,113160,113275,112905,214846
2026-05-19 13:35,113485,113225,113550,113020,387382
2026-05-19 13:40,113210,113505,113555,112920,312664
2026-05-19 13:45,113150,113210,113435,112965,221849
2026-05-19 13:50,112915,113150,113300,112765,177578
2026-05-19 13:55,113320,112925,113545,112915,360272
2026-05-19 14:00,113670,113330,113720,113270,245135
2026-05-19 14:05,113385,113670,113785,113345,180783
2026-05-19 14:10,114140,113355,114175,113150,289257
2026-05-19 14:15,114000,114135,114255,113805,332638
2026-05-19 14:20,114355,114000,114395,113610,268543
2026-05-19 14:25,114050,114330,114345,113720,280957
2026-05-19 14:30,114915,114055,114970,114030,306262
2026-05-19 14:35,114790,114940,114970,114565,225188
2026-05-19 14:40,115340,114800,115340,114700,309342
2026-05-19 14:45,114715,115345,115345,114470,376301
2026-05-19 14:50,114795,114740,114920,114500,205148
2026-05-19 14:55,114655,114795,115100,114605,260146
2026-05-19 15:00,114752,114645,115075,114630,129505
2026-05-19 15:05,114445,114752,114795,114390,267581
2026-05-19 15:10,114440,114445,114600,114300,130388
2026-05-19 15:15,114305,114435,114785,114280,351363
2026-05-19 15:20,114350,114320,114435,114185,448908
2026-05-20 9:00,114455,114795,114940,114400,186990
2026-05-20 9:05,113280,114455,115120,113225,661123
2026-05-20 9:10,112325,113280,113735,112220,579382
2026-05-20 9:15,111575,112315,112600,111530,487101
2026-05-20 9:20,111200,111555,112045,111020,791859
2026-05-20 9:25,112205,111180,112315,110680,890215
2026-05-20 9:30,113575,112205,113595,112040,762377
2026-05-20 9:35,113380,113590,113720,112705,590417
2026-05-20 9:40,112995,113380,113520,112495,471645
2026-05-20 9:45,112240,112995,113065,112020,283255
2026-05-20 9:50,112090,112225,112760,111970,307823
2026-05-20 9:55,113090,112120,113115,111990,417926
2026-05-20 10:00,112125,113105,113110,111845,294564
2026-05-20 10:05,112355,112115,112585,111605,199726
2026-05-20 10:10,113305,112380,113510,111945,359701
2026-05-20 10:15,113090,113305,113405,112625,256464
2026-05-20 10:20,113075,113090,113305,112470,271492
2026-05-20 10:25,112260,113075,113280,112205,147137
2026-05-20 10:30,111840,112265,112265,111505,305078
2026-05-20 10:35,111785,111835,112130,111490,188430
2026-05-20 10:40,112025,111785,112395,111590,214392
2026-05-20 10:45,111980,112010,112170,111785,93786
2026-05-20 10:50,112985,111975,113160,111730,293619
2026-05-20 10:55,113105,112945,113225,112505,238798
2026-05-20 11:00,113495,113135,113690,113035,206573
2026-05-20 11:05,113765,113510,113900,113190,328051
2026-05-20 11:10,113555,113765,114005,113555,193664
2026-05-20 11:15,114275,113575,114315,113445,206435
2026-05-20 11:20,114500,114275,114540,114020,209906
2026-05-20 11:25,114200,114500,114760,114190,203273
2026-05-20 11:30,112345,114200,114230,112125,243359
2026-05-20 11:35,110670,112285,112570,110485,1119927
2026-05-20 11:40,112045,110670,112045,110520,626235
2026-05-20 11:45,111445,112045,112335,110910,437097
2026-05-20 11:50,111685,111495,111970,111185,355427
2026-05-20 11:55,111545,111685,112030,111405,264793
2026-05-20 12:00,111330,111600,112055,111265,194776
2026-05-20 12:05,111805,111355,111895,111130,176259
2026-05-20 12:10,111740,111840,112160,111530,229186
2026-05-20 12:15,111305,111740,111880,111240,176572
2026-05-20 12:20,111260,111305,111520,111170,123211
2026-05-20 12:25,110785,111260,111350,110740,189660
2026-05-20 12:30,111250,110785,111485,110770,268593
2026-05-20 12:35,111345,111190,111490,111000,204378
2026-05-20 12:40,111545,111345,111880,111270,238693
2026-05-20 12:45,111195,111545,111610,111160,127472
2026-05-20 12:50,111225,111185,111355,111075,117806
2026-05-20 12:55,111535,111270,111535,111200,121164
2026-05-20 13:00,111770,111490,111800,111330,138423
2026-05-20 13:05,111830,111770,112160,111660,253897
2026-05-20 13:10,112500,111805,112710,111725,270627
2026-05-20 13:15,112740,112495,112940,112275,195095
2026-05-20 13:20,112490,112735,112950,112295,166800
2026-05-20 13:25,112595,112490,112840,112315,141731
2026-05-20 13:30,112400,112560,112670,112310,128764
2026-05-20 13:35,112220,112395,112445,112100,119113
2026-05-20 13:40,112300,112220,112310,112025,129147
2026-05-20 13:45,111840,112295,112335,111815,128318
2026-05-20 13:50,111965,111890,112030,111670,142587
2026-05-20 13:55,111390,111985,111990,111370,160158
2026-05-20 14:00,112060,111387,112120,111372,167437
2026-05-20 14:05,112140,112075,112465,111980,221575
2026-05-20 14:10,111660,112120,112285,111620,160439
2026-05-20 14:15,111700,111650,111840,111555,105314
2026-05-20 14:20,111900,111720,111985,111490,117957
2026-05-20 14:25,111790,111900,112135,111750,109563
2026-05-20 14:30,112050,111785,112090,111610,117257
2026-05-20 14:35,112195,112040,112250,111920,124515
2026-05-20 14:40,112485,112200,112615,112000,142384
2026-05-20 14:45,111850,112490,112520,111745,143211
2026-05-20 14:50,111895,111830,111945,111745,98661
2026-05-20 14:55,112595,111895,112605,111885,134432
2026-05-20 15:00,112705,112580,112865,112475,179205
2026-05-20 15:05,112640,112705,113075,112525,257695
2026-05-20 15:10,112710,112640,112885,112505,180462
2026-05-20 15:15,113310,112710,113320,112660,102621
2026-05-20 15:20,113440,113310,113500,113285,162367
2026-05-21 9:00,117720,117695,117800,117525,226213
2026-05-21 9:05,118490,117720,118655,117700,919328
2026-05-21 9:10,118280,118500,118700,117600,1188486
2026-05-21 9:15,118510,118320,118655,118210,332452
2026-05-21 9:20,118755,118515,118855,118435,284444
2026-05-21 9:25,118465,118765,118855,118460,213729
2026-05-21 9:30,118985,118485,119320,118405,447453
2026-05-21 9:35,119575,118990,119645,118990,362087
2026-05-21 9:40,119890,119595,119890,119510,216540
2026-05-21 9:45,119545,119890,120015,119535,315064
2026-05-21 9:50,120015,119565,120100,119540,259298
2026-05-21 9:55,120055,120025,120150,119875,171608
2026-05-21 10:00,120260,120060,120375,120040,272925
2026-05-21 10:05,120025,120260,120350,120000,210351
2026-05-21 10:10,120390,120022,120450,119910,191175
2026-05-21 10:15,120610,120385,120610,120305,176411
2026-05-21 10:20,120695,120605,120780,120535,254865
2026-05-21 10:25,120915,120695,120990,120685,125206
2026-05-21 10:30,120895,120915,121035,120610,336216
2026-05-21 10:35,121100,120920,121190,120860,229957
2026-05-21 10:40,121480,121100,121500,121030,297551
2026-05-21 10:45,121000,121480,121495,120970,376823
2026-05-21 10:50,120980,120990,121000,120780,203710
2026-05-21 10:55,120600,120980,121050,120435,226901
2026-05-21 11:00,120765,120600,120875,120360,239503
2026-05-21 11:05,120930,120750,121000,120700,166541
2026-05-21 11:10,121105,120925,121160,120895,106446
2026-05-21 11:15,121165,121100,121185,120910,84222
2026-05-21 11:20,121215,121165,121325,121135,84089
2026-05-21 11:25,121435,121200,121445,121105,91269
2026-05-21 11:30,121662,121435,121675,121420,247252
2026-05-21 11:35,121800,121665,121880,121550,221576
2026-05-21 11:40,121925,121810,121975,121805,135274
2026-05-21 11:45,121725,121930,121930,121720,93877
2026-05-21 11:50,121760,121725,121815,121625,108441
2026-05-21 11:55,121880,121750,121905,121715,136580
2026-05-21 12:00,121940,121880,121965,121700,143817
2026-05-21 12:05,121780,121940,122000,121775,132717
2026-05-21 12:10,122060,121795,122070,121715,181061
2026-05-21 12:15,121965,122065,122085,121930,64469
2026-05-21 12:20,122085,121965,122100,121735,161562
2026-05-21 12:25,122250,122085,122400,122080,283105
2026-05-21 12:30,122415,122250,122420,122125,131490
2026-05-21 12:35,122270,122410,122455,122260,109218
2026-05-21 12:40,122485,122290,122495,122260,136436
2026-05-21 12:45,122460,122470,122525,122335,122039
2026-05-21 12:50,122285,122460,122580,122195,150919
2026-05-21 12:55,122420,122285,122425,122165,173502
2026-05-21 13:00,122430,122420,122465,122315,119300
2026-05-21 13:05,122600,122430,122675,122410,188489
2026-05-21 13:10,122640,122605,122700,122495,97145
2026-05-21 13:15,122490,122640,122655,122440,134377
2026-05-21 13:20,122380,122485,122575,122370,152452
2026-05-21 13:25,122635,122380,122695,122370,171507
2026-05-21 13:30,122410,122635,122730,122370,148258
2026-05-21 13:35,122385,122405,122490,122300,102207
2026-05-21 13:40,122565,122375,122650,122365,87976
2026-05-21 13:45,122835,122545,122840,122540,180502
2026-05-21 13:50,122850,122820,122895,122800,115066
2026-05-21 13:55,122670,122845,122865,122650,102053
2026-05-21 14:00,122775,122670,122920,122640,122470
2026-05-21 14:05,122860,122785,122925,122755,116297
2026-05-21 14:10,122850,122855,122885,122675,104490
2026-05-21 14:15,122820,122855,122900,122735,96444
2026-05-21 14:20,122935,122830,122950,122785,118964
2026-05-21 14:25,123095,122930,123205,122900,260712
2026-05-21 14:30,122835,123090,123100,122660,189195
2026-05-21 14:35,123040,122817,123045,122700,163612
2026-05-21 14:40,122905,123040,123040,122805,137874
2026-05-21 14:45,122925,122905,123020,122825,107471
2026-05-21 14:50,122820,122910,122945,122485,218668
2026-05-21 14:55,123105,122815,123130,122740,221909
2026-05-21 15:00,122965,123105,123135,122920,113626
2026-05-21 15:05,123045,122975,123090,122900,152343
2026-05-21 15:10,123230,123055,123320,122950,229645
2026-05-21 15:15,122880,123230,123280,122880,296172
2026-05-21 15:20,122955,122895,122955,122685,476934
2026-05-22 9:00,123655,124105,124120,123565,197247
2026-05-22 9:05,123825,123705,124140,123250,648925
2026-05-22 9:10,123070,123830,123935,123060,792679
2026-05-22 9:15,122820,123060,123500,122680,530803
2026-05-22 9:20,123385,122785,123435,122580,386902
2026-05-22 9:25,123280,123385,123655,123165,390467
2026-05-22 9:30,123320,123295,123540,123135,272920
2026-05-22 9:35,123460,123320,123550,122905,305374
2026-05-22 9:40,123640,123465,123770,123260,269563
2026-05-22 9:45,123610,123645,123670,123270,171910
2026-05-22 9:50,123210,123635,123730,123100,174827
2026-05-22 9:55,122550,123210,123260,122515,288698
2026-05-22 10:00,122400,122555,122715,122260,257221
2026-05-22 10:05,122405,122400,122735,122120,233661
2026-05-22 10:10,122880,122420,122915,122225,189808
2026-05-22 10:15,123145,122870,123235,122700,178122
2026-05-22 10:20,123345,123150,123385,122945,189492
2026-05-22 10:25,123170,123345,123345,122905,126751
2026-05-22 10:30,123145,123165,123300,122725,156684
2026-05-22 10:35,123335,123135,123335,122950,197981
2026-05-22 10:40,123225,123335,123460,123200,181759
2026-05-22 10:45,123525,123200,123555,123170,148587
2026-05-22 10:50,123590,123525,123700,123495,196293
2026-05-22 10:55,123380,123570,123725,123370,256355
2026-05-22 11:00,123390,123380,123470,123210,110229
2026-05-22 11:05,123240,123380,123400,123175,86852
2026-05-22 11:10,123170,123280,123435,123110,107349
2026-05-22 11:15,123250,123150,123355,123080,99516
2026-05-22 11:20,123220,123250,123445,123140,89556
2026-05-22 11:25,122945,123215,123225,122905,102574
2026-05-22 11:30,123035,122945,123055,122845,78095
2026-05-22 11:35,123070,123040,123135,122970,112205
2026-05-22 11:40,123255,123070,123255,123010,117343
2026-05-22 11:45,123265,123255,123450,123210,74470
2026-05-22 11:50,123315,123275,123350,123180,63289
2026-05-22 11:55,123210,123315,123360,123035,73854
2026-05-22 12:00,123295,123210,123330,123115,57156
2026-05-22 12:05,123005,123290,123310,122985,57386
2026-05-22 12:10,123015,122990,123025,122820,100483
2026-05-22 12:15,123160,123015,123180,122975,60131
2026-05-22 12:20,122930,123160,123190,122900,80715
2026-05-22 12:25,122960,122920,123015,122800,75944
2026-05-22 12:30,122915,122960,123010,122810,168954
2026-05-22 12:35,122980,122920,123070,122875,73740
2026-05-22 12:40,123140,122980,123185,122955,81978
2026-05-22 12:45,123075,123135,123255,123050,68636
2026-05-22 12:50,122985,123070,123150,122955,76042
2026-05-22 12:55,123090,122985,123240,122935,89086
2026-05-22 13:00,123240,123090,123370,123065,122628
2026-05-22 13:05,123500,123240,123530,123195,179772
2026-05-22 13:10,123580,123495,123615,123415,192726
2026-05-22 13:15,123435,123585,123620,123435,103087
2026-05-22 13:20,123535,123435,123540,123340,94937
2026-05-22 13:25,123505,123540,123610,123420,81277
2026-05-22 13:30,123405,123505,123595,123360,102553
2026-05-22 13:35,123490,123415,123615,123330,169151
2026-05-22 13:40,123400,123485,123510,123385,152995
2026-05-22 13:45,123290,123405,123450,123265,85323
2026-05-22 13:50,123370,123290,123460,123280,79816
2026-05-22 13:55,123365,123370,123470,123305,108044
2026-05-22 14:00,123635,123360,123670,123360,274385
2026-05-22 14:05,123650,123620,123705,123530,147958
2026-05-22 14:10,123545,123650,123705,123520,104646
2026-05-22 14:15,123600,123545,123605,123500,70462
2026-05-22 14:20,123570,123600,123650,123490,131082
2026-05-22 14:25,123570,123570,123700,123535,147163
2026-05-22 14:30,123760,123570,123775,123545,225615
2026-05-22 14:35,123700,123755,123785,123625,144887
2026-05-22 14:40,123690,123695,123800,123570,216785
2026-05-22 14:45,123705,123700,123775,123575,99765
2026-05-22 14:50,123710,123720,123750,123630,118638
2026-05-22 14:55,123515,123705,123750,123515,95906
2026-05-22 15:00,123040,123520,123520,122895,301096
2026-05-22 15:05,123190,123050,123415,122980,290526
2026-05-22 15:10,123090,123190,123220,123065,129902
2026-05-22 15:15,123145,123085,123165,123020,106882
2026-05-22 15:20,123045,123150,123225,123025,153973
2026-05-26 9:00,127640,126380,127710,126270,545818
2026-05-26 9:05,126435,127645,127855,126105,1131709
2026-05-26 9:10,126020,126445,126750,125850,624814
2026-05-26 9:15,126210,126020,126350,125890,424338
2026-05-26 9:20,126265,126200,126395,125980,367421
2026-05-26 9:25,126810,126265,126830,126205,461615
2026-05-26 9:30,127440,126815,127440,126800,569621
2026-05-26 9:35,128020,127440,128020,127435,726729
2026-05-26 9:40,127880,128020,128250,127750,810665
2026-05-26 9:45,128040,127885,128235,127835,511963
2026-05-26 9:50,128035,128040,128120,127690,346361
2026-05-26 9:55,127945,128055,128110,127810,213448
2026-05-26 10:00,127935,127950,128145,127835,229448
2026-05-26 10:05,127730,127935,128095,127455,253067
2026-05-26 10:10,127140,127730,127815,126675,275667
2026-05-26 10:15,127755,127140,127760,126895,304295
2026-05-26 10:20,127810,127750,127940,127650,151858
2026-05-26 10:25,127905,127810,127965,127670,159710
2026-05-26 10:30,127510,127905,127920,127475,140954
2026-05-26 10:35,127000,127540,127575,126980,210891
2026-05-26 10:40,126305,126980,127040,126225,285394
2026-05-26 10:45,126935,126315,126990,126225,223780
2026-05-26 10:50,127395,126930,127460,126880,260349
2026-05-26 10:55,127420,127395,127740,127315,261388
2026-05-26 11:00,127465,127415,127570,127320,129579
2026-05-26 11:05,127580,127465,127600,127340,157948
2026-05-26 11:10,127670,127580,127800,127565,101387
2026-05-26 11:15,127595,127680,127725,127535,89893
2026-05-26 11:20,127530,127595,127620,127410,104825
2026-05-26 11:25,127365,127535,127615,127305,95913
2026-05-26 11:30,127585,127360,127630,127310,68329
2026-05-26 11:35,127600,127572,127655,127420,58395
2026-05-26 11:40,127685,127600,127740,127545,84202
2026-05-26 11:45,127530,127680,127720,127480,63396
2026-05-26 11:50,127425,127510,127530,127230,90066
2026-05-26 11:55,127385,127445,127535,127320,51834
2026-05-26 12:00,127350,127370,127420,127150,70099
2026-05-26 12:05,127300,127355,127360,127100,105422
2026-05-26 12:10,127455,127300,127480,127265,96556
2026-05-26 12:15,127270,127460,127490,127195,68673
2026-05-26 12:20,127620,127270,127640,127260,107243
2026-05-26 12:25,127635,127620,127695,127615,63908
2026-05-26 12:30,127735,127635,127755,127540,84535
2026-05-26 12:35,127880,127740,127885,127725,100792
2026-05-26 12:40,127845,127880,127895,127820,63323
2026-05-26 12:45,127690,127845,127875,127675,67969
2026-05-26 12:50,127760,127690,127845,127680,100628
2026-05-26 12:55,127760,127760,127780,127650,70778
2026-05-26 13:00,127855,127760,127870,127735,69307
2026-05-26 13:05,127695,127855,127860,127685,63356
2026-05-26 13:10,127885,127690,127885,127665,106525
2026-05-26 13:15,128050,127882,128075,127875,277570
2026-05-26 13:20,127905,128045,128055,127875,122998
2026-05-26 13:25,127880,127915,127990,127810,81754
2026-05-26 13:30,127645,127870,127890,127640,111314
2026-05-26 13:35,127835,127650,127860,127550,101106
2026-05-26 13:40,127650,127850,127855,127570,89616
2026-05-26 13:45,127530,127645,127660,127465,79571
2026-05-26 13:50,127435,127530,127530,127215,156040
2026-05-26 13:55,127450,127445,127490,127300,176290
2026-05-26 14:00,127265,127440,127515,127220,118963
2026-05-26 14:05,126935,127250,127255,126805,183128
2026-05-26 14:10,127100,126935,127185,126760,168810
2026-05-26 14:15,127285,127095,127330,127040,108728
2026-05-26 14:20,127165,127280,127330,127155,65298
2026-05-26 14:25,127035,127170,127180,127020,74754
2026-05-26 14:30,127215,127040,127295,127020,78110
2026-05-26 14:35,127085,127215,127250,127080,55421
2026-05-26 14:40,127050,127095,127255,126905,151250
2026-05-26 14:45,127405,127065,127445,127005,143874
2026-05-26 14:50,127325,127405,127465,127250,117490
2026-05-26 14:55,127360,127317,127395,127235,121787
2026-05-26 15:00,127195,127355,127400,127195,96863
2026-05-26 15:05,127125,127195,127270,127035,79059
2026-05-26 15:10,127005,127120,127265,127000,112435
2026-05-26 15:15,126925,127020,127100,126920,101514
2026-05-26 15:20,126910,126915,127020,126870,205395
2026-05-27 9:00,133685,129745,133725,129645,1401572
2026-05-27 9:05,133660,133685,134205,133000,1563437
2026-05-27 9:10,133390,133695,133895,133325,1049439
2026-05-27 9:15,133220,133390,134040,133220,795375
2026-05-27 9:20,132220,133310,133400,132120,376768
2026-05-27 9:25,131725,132220,132500,131040,441929
2026-05-27 9:30,132945,131720,133020,131685,475544
2026-05-27 9:35,132930,132945,133560,132870,347378
2026-05-27 9:40,132670,132930,133050,132160,402612
2026-05-27 9:45,133315,132670,133500,132665,277583
2026-05-27 9:50,133360,133330,133530,133175,184082
2026-05-27 9:55,132775,133335,133460,132700,166061
2026-05-27 10:00,132775,132775,132890,132450,238044
2026-05-27 10:05,132465,132805,132820,132135,144322
2026-05-27 10:10,132270,132450,132720,132190,183571
2026-05-27 10:15,132280,132260,132370,131960,189915
2026-05-27 10:20,132760,132280,132820,132160,141427
2026-05-27 10:25,133195,132775,133500,132745,205823
2026-05-27 10:30,133395,133210,133430,132945,138096
2026-05-27 10:35,133295,133395,133545,132985,181024
2026-05-27 10:40,133390,133295,133480,133075,115486
2026-05-27 10:45,133240,133400,133450,133125,140250
2026-05-27 10:50,133115,133240,133350,133000,125767
2026-05-27 10:55,133285,133115,133330,133085,104128
2026-05-27 11:00,133330,133285,133570,133200,165301
2026-05-27 11:05,133380,133330,133500,133230,96891
2026-05-27 11:10,133465,133380,133465,133110,185886
2026-05-27 11:15,133700,133435,133790,133330,224926
2026-05-27 11:20,133895,133700,133995,133670,300806
2026-05-27 11:25,134070,133885,134235,133855,367799
2026-05-27 11:30,134265,134070,134355,133995,310946
2026-05-27 11:35,134485,134235,134487,134165,244596
2026-05-27 11:40,134700,134490,134835,134440,338297
2026-05-27 11:45,134745,134685,134815,134505,277702
2026-05-27 11:50,134575,134745,134855,134530,325359
2026-05-27 11:55,134830,134570,134840,134465,358454
2026-05-27 12:00,134605,134820,134830,134600,347231
2026-05-27 12:05,134555,134615,134725,134450,261290
2026-05-27 12:10,134540,134575,134695,134435,252734
2026-05-27 12:15,134340,134545,134665,134315,318341
2026-05-27 12:20,134470,134350,134540,134150,290033
2026-05-27 12:25,134565,134440,134630,134370,225288
2026-05-27 12:30,134750,134565,134750,134470,210987
2026-05-27 12:35,134615,134715,134730,134305,271483
2026-05-27 12:40,134730,134635,134755,134560,220194
2026-05-27 12:45,134555,134730,134735,134520,182803
2026-05-27 12:50,134177,134550,134680,134155,230650
2026-05-27 12:55,133860,134177,134580,133855,372428
2026-05-27 13:00,133950,133885,134100,133685,329478
2026-05-27 13:05,133920,133950,134070,133855,259394
2026-05-27 13:10,134110,133920,134200,133920,309452
2026-05-27 13:15,133865,134110,134265,133865,253539
2026-05-27 13:20,133625,133870,133945,133550,234476
2026-05-27 13:25,132975,133670,133830,132975,373772
2026-05-27 13:30,132025,132970,133065,132025,438148
2026-05-27 13:35,132530,132020,132675,131915,404683
2026-05-27 13:40,132910,132470,132945,132280,292575
2026-05-27 13:45,133020,132910,133065,132525,293890
2026-05-27 13:50,133065,133040,133280,133020,229729
2026-05-27 13:55,133445,133115,133445,133115,242010
2026-05-27 14:00,132905,133440,133445,132885,295878
2026-05-27 14:05,132405,132905,133000,132350,264773
2026-05-27 14:10,132395,132375,132800,132210,279946
2026-05-27 14:15,131715,132395,132395,131685,357631
2026-05-27 14:20,132005,131710,132065,131515,331346
2026-05-27 14:25,132305,132070,132725,132025,393019
2026-05-27 14:30,132910,132350,133035,132350,237907
2026-05-27 14:35,132235,132920,132990,132120,267285
2026-05-27 14:40,131970,132255,132685,131945,254002
2026-05-27 14:45,132470,131970,132930,131945,188466
2026-05-27 14:50,131590,132480,132575,131130,314778
2026-05-27 14:55,132000,131590,132080,131225,440704
2026-05-27 15:00,131665,131980,132040,131450,292118
2026-05-27 15:05,131005,131635,131730,130900,519883
2026-05-27 15:10,131155,131005,131450,130700,183689
2026-05-27 15:15,130975,131145,131765,130975,256741
2026-05-27 15:20,130515,130975,131210,130490,247289
